Product code,Bureau of Meteorology station number,Year,Month,Day,Rainfall amount (millimetres),Period over which rainfall was measured (days),Quality
IDCJAC0009,16073,1969,01,01,,,
IDCJAC0009,16073,1969,01,02,,,
IDCJAC0009,16073,1969,01,03,,,
IDCJAC0009,16073,1969,01,04,,,
IDCJAC0009,16073,1969,01,05,,,
IDCJAC0009,16073,1969,01,06,,,
IDCJAC0009,16073,1969,01,07,,,
IDCJAC0009,16073,1969,01,08,,,
IDCJAC0009,16073,1969,01,09,,,
IDCJAC0009,16073,1969,01,10,,,
IDCJAC0009,16073,1969,01,11,,,
IDCJAC0009,16073,1969,01,12,,,
IDCJAC0009,16073,1969,01,13,,,
IDCJAC0009,16073,1969,01,14,,,
IDCJAC0009,16073,1969,01,15,,,
IDCJAC0009,16073,1969,01,16,,,
IDCJAC0009,16073,1969,01,17,,,
IDCJAC0009,16073,1969,01,18,,,
IDCJAC0009,16073,1969,01,19,,,
IDCJAC0009,16073,1969,01,20,,,
IDCJAC0009,16073,1969,01,21,,,
IDCJAC0009,16073,1969,01,22,,,
IDCJAC0009,16073,1969,01,23,,,
IDCJAC0009,16073,1969,01,24,,,
IDCJAC0009,16073,1969,01,25,,,
IDCJAC0009,16073,1969,01,26,,,
IDCJAC0009,16073,1969,01,27,,,
IDCJAC0009,16073,1969,01,28,,,
IDCJAC0009,16073,1969,01,29,,,
IDCJAC0009,16073,1969,01,30,,,
IDCJAC0009,16073,1969,01,31,,,
IDCJAC0009,16073,1969,02,01,0.0,,Y
IDCJAC0009,16073,1969,02,02,0.0,,Y
IDCJAC0009,16073,1969,02,03,0.0,,Y
IDCJAC0009,16073,1969,02,04,0.0,,Y
IDCJAC0009,16073,1969,02,05,0.0,,Y
IDCJAC0009,16073,1969,02,06,0.0,,Y
IDCJAC0009,16073,1969,02,07,0.0,,Y
IDCJAC0009,16073,1969,02,08,40.6,1,Y
IDCJAC0009,16073,1969,02,09,,,
IDCJAC0009,16073,1969,02,10,16.5,2,Y
IDCJAC0009,16073,1969,02,11,0.0,,Y
IDCJAC0009,16073,1969,02,12,0.0,,Y
IDCJAC0009,16073,1969,02,13,0.0,,Y
IDCJAC0009,16073,1969,02,14,0.0,,Y
IDCJAC0009,16073,1969,02,15,0.0,,Y
IDCJAC0009,16073,1969,02,16,0.0,,Y
IDCJAC0009,16073,1969,02,17,0.0,,Y
IDCJAC0009,16073,1969,02,18,0.0,,Y
IDCJAC0009,16073,1969,02,19,0.0,,Y
IDCJAC0009,16073,1969,02,20,0.0,,Y
IDCJAC0009,16073,1969,02,21,0.0,,Y
IDCJAC0009,16073,1969,02,22,5.3,1,Y
IDCJAC0009,16073,1969,02,23,0.0,,Y
IDCJAC0009,16073,1969,02,24,0.0,,Y
IDCJAC0009,16073,1969,02,25,7.1,1,Y
IDCJAC0009,16073,1969,02,26,0.0,,Y
IDCJAC0009,16073,1969,02,27,0.0,,Y
IDCJAC0009,16073,1969,02,28,0.0,,Y
IDCJAC0009,16073,1969,03,01,0.0,,Y
IDCJAC0009,16073,1969,03,02,0.0,,Y
IDCJAC0009,16073,1969,03,03,0.0,,Y
IDCJAC0009,16073,1969,03,04,0.0,,Y
IDCJAC0009,16073,1969,03,05,0.0,,Y
IDCJAC0009,16073,1969,03,06,0.0,,Y
IDCJAC0009,16073,1969,03,07,0.0,,Y
IDCJAC0009,16073,1969,03,08,0.0,,Y
IDCJAC0009,16073,1969,03,09,0.0,,Y
IDCJAC0009,16073,1969,03,10,0.0,,Y
IDCJAC0009,16073,1969,03,11,2.8,1,Y
IDCJAC0009,16073,1969,03,12,0.0,,Y
IDCJAC0009,16073,1969,03,13,0.0,,Y
IDCJAC0009,16073,1969,03,14,6.1,1,Y
IDCJAC0009,16073,1969,03,15,0.0,,Y
IDCJAC0009,16073,1969,03,16,0.0,,Y
IDCJAC0009,16073,1969,03,17,0.0,,Y
IDCJAC0009,16073,1969,03,18,0.0,,Y
IDCJAC0009,16073,1969,03,19,0.0,,Y
IDCJAC0009,16073,1969,03,20,0.0,,Y
IDCJAC0009,16073,1969,03,21,0.0,,Y
IDCJAC0009,16073,1969,03,22,0.0,,Y
IDCJAC0009,16073,1969,03,23,1.3,1,Y
IDCJAC0009,16073,1969,03,24,0.0,,Y
IDCJAC0009,16073,1969,03,25,0.0,,Y
IDCJAC0009,16073,1969,03,26,0.0,,Y
IDCJAC0009,16073,1969,03,27,0.0,,Y
IDCJAC0009,16073,1969,03,28,0.0,,Y
IDCJAC0009,16073,1969,03,29,0.0,,Y
IDCJAC0009,16073,1969,03,30,0.0,,Y
IDCJAC0009,16073,1969,03,31,0.0,,Y
IDCJAC0009,16073,1969,04,01,0.0,,Y
IDCJAC0009,16073,1969,04,02,0.0,,Y
IDCJAC0009,16073,1969,04,03,0.0,,Y
IDCJAC0009,16073,1969,04,04,0.0,,Y
IDCJAC0009,16073,1969,04,05,0.0,,Y
IDCJAC0009,16073,1969,04,06,0.0,,Y
IDCJAC0009,16073,1969,04,07,0.0,,Y
IDCJAC0009,16073,1969,04,08,0.0,,Y
IDCJAC0009,16073,1969,04,09,0.0,,Y
IDCJAC0009,16073,1969,04,10,0.0,,Y
IDCJAC0009,16073,1969,04,11,0.0,,Y
IDCJAC0009,16073,1969,04,12,0.0,,Y
IDCJAC0009,16073,1969,04,13,0.0,,Y
IDCJAC0009,16073,1969,04,14,0.0,,Y
IDCJAC0009,16073,1969,04,15,0.0,,Y
IDCJAC0009,16073,1969,04,16,0.0,,Y
IDCJAC0009,16073,1969,04,17,0.0,,Y
IDCJAC0009,16073,1969,04,18,0.0,,Y
IDCJAC0009,16073,1969,04,19,0.0,,Y
IDCJAC0009,16073,1969,04,20,0.0,,Y
IDCJAC0009,16073,1969,04,21,0.0,,Y
IDCJAC0009,16073,1969,04,22,0.0,,Y
IDCJAC0009,16073,1969,04,23,0.0,,Y
IDCJAC0009,16073,1969,04,24,0.0,,Y
IDCJAC0009,16073,1969,04,25,0.0,,Y
IDCJAC0009,16073,1969,04,26,0.0,,Y
IDCJAC0009,16073,1969,04,27,0.0,,Y
IDCJAC0009,16073,1969,04,28,0.0,,Y
IDCJAC0009,16073,1969,04,29,0.0,,Y
IDCJAC0009,16073,1969,04,30,0.0,,Y
IDCJAC0009,16073,1969,05,01,0.0,,Y
IDCJAC0009,16073,1969,05,02,0.0,,Y
IDCJAC0009,16073,1969,05,03,0.8,1,Y
IDCJAC0009,16073,1969,05,04,0.0,,Y
IDCJAC0009,16073,1969,05,05,0.0,,Y
IDCJAC0009,16073,1969,05,06,0.0,,Y
IDCJAC0009,16073,1969,05,07,0.0,,Y
IDCJAC0009,16073,1969,05,08,0.0,,Y
IDCJAC0009,16073,1969,05,09,0.0,,Y
IDCJAC0009,16073,1969,05,10,0.0,,Y
IDCJAC0009,16073,1969,05,11,0.0,,Y
IDCJAC0009,16073,1969,05,12,0.8,1,Y
IDCJAC0009,16073,1969,05,13,0.0,,Y
IDCJAC0009,16073,1969,05,14,0.0,,Y
IDCJAC0009,16073,1969,05,15,0.0,,Y
IDCJAC0009,16073,1969,05,16,0.0,,Y
IDCJAC0009,16073,1969,05,17,0.0,,Y
IDCJAC0009,16073,1969,05,18,0.0,,Y
IDCJAC0009,16073,1969,05,19,0.0,,Y
IDCJAC0009,16073,1969,05,20,0.0,,Y
IDCJAC0009,16073,1969,05,21,0.0,,Y
IDCJAC0009,16073,1969,05,22,0.0,,Y
IDCJAC0009,16073,1969,05,23,1.0,1,Y
IDCJAC0009,16073,1969,05,24,3.0,1,Y
IDCJAC0009,16073,1969,05,25,0.0,,Y
IDCJAC0009,16073,1969,05,26,0.0,,Y
IDCJAC0009,16073,1969,05,27,0.0,,Y
IDCJAC0009,16073,1969,05,28,0.0,,Y
IDCJAC0009,16073,1969,05,29,0.0,,Y
IDCJAC0009,16073,1969,05,30,0.0,,Y
IDCJAC0009,16073,1969,05,31,0.0,,Y
IDCJAC0009,16073,1969,06,01,0.5,1,Y
IDCJAC0009,16073,1969,06,02,1.3,1,Y
IDCJAC0009,16073,1969,06,03,3.0,1,Y
IDCJAC0009,16073,1969,06,04,0.0,,Y
IDCJAC0009,16073,1969,06,05,0.0,,Y
IDCJAC0009,16073,1969,06,06,0.0,,Y
IDCJAC0009,16073,1969,06,07,0.0,,Y
IDCJAC0009,16073,1969,06,08,0.0,,Y
IDCJAC0009,16073,1969,06,09,0.0,,Y
IDCJAC0009,16073,1969,06,10,0.0,,Y
IDCJAC0009,16073,1969,06,11,0.0,,Y
IDCJAC0009,16073,1969,06,12,0.0,,Y
IDCJAC0009,16073,1969,06,13,0.0,,Y
IDCJAC0009,16073,1969,06,14,0.0,,Y
IDCJAC0009,16073,1969,06,15,0.0,,Y
IDCJAC0009,16073,1969,06,16,0.0,,Y
IDCJAC0009,16073,1969,06,17,4.6,1,Y
IDCJAC0009,16073,1969,06,18,9.1,1,Y
IDCJAC0009,16073,1969,06,19,0.0,,Y
IDCJAC0009,16073,1969,06,20,0.0,,Y
IDCJAC0009,16073,1969,06,21,0.0,,Y
IDCJAC0009,16073,1969,06,22,0.0,,Y
IDCJAC0009,16073,1969,06,23,0.0,,Y
IDCJAC0009,16073,1969,06,24,0.0,,Y
IDCJAC0009,16073,1969,06,25,0.0,,Y
IDCJAC0009,16073,1969,06,26,0.0,,Y
IDCJAC0009,16073,1969,06,27,0.0,,Y
IDCJAC0009,16073,1969,06,28,0.0,,Y
IDCJAC0009,16073,1969,06,29,0.0,,Y
IDCJAC0009,16073,1969,06,30,0.0,,Y
IDCJAC0009,16073,1969,07,01,0.0,,Y
IDCJAC0009,16073,1969,07,02,0.0,,Y
IDCJAC0009,16073,1969,07,03,0.0,,Y
IDCJAC0009,16073,1969,07,04,0.5,1,Y
IDCJAC0009,16073,1969,07,05,0.0,,Y
IDCJAC0009,16073,1969,07,06,0.0,,Y
IDCJAC0009,16073,1969,07,07,0.0,,Y
IDCJAC0009,16073,1969,07,08,0.0,,Y
IDCJAC0009,16073,1969,07,09,0.0,,Y
IDCJAC0009,16073,1969,07,10,0.0,,Y
IDCJAC0009,16073,1969,07,11,0.0,,Y
IDCJAC0009,16073,1969,07,12,0.0,,Y
IDCJAC0009,16073,1969,07,13,0.0,,Y
IDCJAC0009,16073,1969,07,14,0.0,,Y
IDCJAC0009,16073,1969,07,15,0.0,,Y
IDCJAC0009,16073,1969,07,16,0.0,,Y
IDCJAC0009,16073,1969,07,17,0.0,,Y
IDCJAC0009,16073,1969,07,18,0.0,,Y
IDCJAC0009,16073,1969,07,19,0.0,,Y
IDCJAC0009,16073,1969,07,20,0.0,,Y
IDCJAC0009,16073,1969,07,21,0.0,,Y
IDCJAC0009,16073,1969,07,22,0.0,,Y
IDCJAC0009,16073,1969,07,23,0.0,,Y
IDCJAC0009,16073,1969,07,24,0.0,,Y
IDCJAC0009,16073,1969,07,25,0.0,,Y
IDCJAC0009,16073,1969,07,26,0.0,,Y
IDCJAC0009,16073,1969,07,27,0.0,,Y
IDCJAC0009,16073,1969,07,28,0.0,,Y
IDCJAC0009,16073,1969,07,29,0.0,,Y
IDCJAC0009,16073,1969,07,30,0.0,,Y
IDCJAC0009,16073,1969,07,31,0.0,,Y
IDCJAC0009,16073,1969,08,01,0.0,,Y
IDCJAC0009,16073,1969,08,02,0.0,,Y
IDCJAC0009,16073,1969,08,03,0.0,,Y
IDCJAC0009,16073,1969,08,04,0.0,,Y
IDCJAC0009,16073,1969,08,05,0.0,,Y
IDCJAC0009,16073,1969,08,06,0.0,,Y
IDCJAC0009,16073,1969,08,07,3.3,1,Y
IDCJAC0009,16073,1969,08,08,0.0,,Y
IDCJAC0009,16073,1969,08,09,0.0,,Y
IDCJAC0009,16073,1969,08,10,0.0,,Y
IDCJAC0009,16073,1969,08,11,0.0,,Y
IDCJAC0009,16073,1969,08,12,0.0,,Y
IDCJAC0009,16073,1969,08,13,0.0,,Y
IDCJAC0009,16073,1969,08,14,0.0,,Y
IDCJAC0009,16073,1969,08,15,0.0,,Y
IDCJAC0009,16073,1969,08,16,0.0,,Y
IDCJAC0009,16073,1969,08,17,0.0,,Y
IDCJAC0009,16073,1969,08,18,0.0,,Y
IDCJAC0009,16073,1969,08,19,0.0,,Y
IDCJAC0009,16073,1969,08,20,0.0,,Y
IDCJAC0009,16073,1969,08,21,0.0,,Y
IDCJAC0009,16073,1969,08,22,0.0,,Y
IDCJAC0009,16073,1969,08,23,0.0,,Y
IDCJAC0009,16073,1969,08,24,0.0,,Y
IDCJAC0009,16073,1969,08,25,0.0,,Y
IDCJAC0009,16073,1969,08,26,0.0,,Y
IDCJAC0009,16073,1969,08,27,0.0,,Y
IDCJAC0009,16073,1969,08,28,0.0,,Y
IDCJAC0009,16073,1969,08,29,0.0,,Y
IDCJAC0009,16073,1969,08,30,0.0,,Y
IDCJAC0009,16073,1969,08,31,0.0,,Y
IDCJAC0009,16073,1969,09,01,0.0,,Y
IDCJAC0009,16073,1969,09,02,0.0,,Y
IDCJAC0009,16073,1969,09,03,1.5,1,Y
IDCJAC0009,16073,1969,09,04,4.6,1,Y
IDCJAC0009,16073,1969,09,05,3.0,1,Y
IDCJAC0009,16073,1969,09,06,0.0,,Y
IDCJAC0009,16073,1969,09,07,0.0,,Y
IDCJAC0009,16073,1969,09,08,0.0,,Y
IDCJAC0009,16073,1969,09,09,0.0,,Y
IDCJAC0009,16073,1969,09,10,0.0,,Y
IDCJAC0009,16073,1969,09,11,0.0,,Y
IDCJAC0009,16073,1969,09,12,0.0,,Y
IDCJAC0009,16073,1969,09,13,0.0,,Y
IDCJAC0009,16073,1969,09,14,0.0,,Y
IDCJAC0009,16073,1969,09,15,0.0,,Y
IDCJAC0009,16073,1969,09,16,0.0,,Y
IDCJAC0009,16073,1969,09,17,0.0,,Y
IDCJAC0009,16073,1969,09,18,0.0,,Y
IDCJAC0009,16073,1969,09,19,0.0,,Y
IDCJAC0009,16073,1969,09,20,0.0,,Y
IDCJAC0009,16073,1969,09,21,0.0,,Y
IDCJAC0009,16073,1969,09,22,0.0,,Y
IDCJAC0009,16073,1969,09,23,0.0,,Y
IDCJAC0009,16073,1969,09,24,0.0,,Y
IDCJAC0009,16073,1969,09,25,0.0,,Y
IDCJAC0009,16073,1969,09,26,0.0,,Y
IDCJAC0009,16073,1969,09,27,0.0,,Y
IDCJAC0009,16073,1969,09,28,0.0,,Y
IDCJAC0009,16073,1969,09,29,0.0,,Y
IDCJAC0009,16073,1969,09,30,0.0,,Y
IDCJAC0009,16073,1969,10,01,0.0,,Y
IDCJAC0009,16073,1969,10,02,0.0,,Y
IDCJAC0009,16073,1969,10,03,0.0,,Y
IDCJAC0009,16073,1969,10,04,0.0,,Y
IDCJAC0009,16073,1969,10,05,0.0,,Y
IDCJAC0009,16073,1969,10,06,0.0,,Y
IDCJAC0009,16073,1969,10,07,0.0,,Y
IDCJAC0009,16073,1969,10,08,0.0,,Y
IDCJAC0009,16073,1969,10,09,0.0,,Y
IDCJAC0009,16073,1969,10,10,0.0,,Y
IDCJAC0009,16073,1969,10,11,0.0,,Y
IDCJAC0009,16073,1969,10,12,0.0,,Y
IDCJAC0009,16073,1969,10,13,0.0,,Y
IDCJAC0009,16073,1969,10,14,0.0,,Y
IDCJAC0009,16073,1969,10,15,0.0,,Y
IDCJAC0009,16073,1969,10,16,0.0,,Y
IDCJAC0009,16073,1969,10,17,0.0,,Y
IDCJAC0009,16073,1969,10,18,0.0,,Y
IDCJAC0009,16073,1969,10,19,0.0,,Y
IDCJAC0009,16073,1969,10,20,0.0,,Y
IDCJAC0009,16073,1969,10,21,0.0,,Y
IDCJAC0009,16073,1969,10,22,0.8,1,Y
IDCJAC0009,16073,1969,10,23,0.0,,Y
IDCJAC0009,16073,1969,10,24,10.2,1,Y
IDCJAC0009,16073,1969,10,25,5.3,1,Y
IDCJAC0009,16073,1969,10,26,0.5,1,Y
IDCJAC0009,16073,1969,10,27,9.4,1,Y
IDCJAC0009,16073,1969,10,28,0.0,,Y
IDCJAC0009,16073,1969,10,29,0.0,,Y
IDCJAC0009,16073,1969,10,30,0.0,,Y
IDCJAC0009,16073,1969,10,31,0.0,,Y
IDCJAC0009,16073,1969,11,01,0.0,,Y
IDCJAC0009,16073,1969,11,02,0.8,1,Y
IDCJAC0009,16073,1969,11,03,1.3,1,Y
IDCJAC0009,16073,1969,11,04,1.8,1,Y
IDCJAC0009,16073,1969,11,05,0.0,,Y
IDCJAC0009,16073,1969,11,06,0.0,,Y
IDCJAC0009,16073,1969,11,07,0.0,,Y
IDCJAC0009,16073,1969,11,08,0.0,,Y
IDCJAC0009,16073,1969,11,09,0.0,,Y
IDCJAC0009,16073,1969,11,10,0.0,,Y
IDCJAC0009,16073,1969,11,11,0.0,,Y
IDCJAC0009,16073,1969,11,12,0.0,,Y
IDCJAC0009,16073,1969,11,13,0.0,,Y
IDCJAC0009,16073,1969,11,14,0.0,,Y
IDCJAC0009,16073,1969,11,15,0.0,,Y
IDCJAC0009,16073,1969,11,16,0.0,,Y
IDCJAC0009,16073,1969,11,17,0.0,,Y
IDCJAC0009,16073,1969,11,18,0.0,,Y
IDCJAC0009,16073,1969,11,19,0.0,,Y
IDCJAC0009,16073,1969,11,20,0.0,,Y
IDCJAC0009,16073,1969,11,21,0.0,,Y
IDCJAC0009,16073,1969,11,22,0.0,,Y
IDCJAC0009,16073,1969,11,23,0.0,,Y
IDCJAC0009,16073,1969,11,24,0.0,,Y
IDCJAC0009,16073,1969,11,25,0.0,,Y
IDCJAC0009,16073,1969,11,26,0.0,,Y
IDCJAC0009,16073,1969,11,27,0.0,,Y
IDCJAC0009,16073,1969,11,28,0.0,,Y
IDCJAC0009,16073,1969,11,29,0.0,,Y
IDCJAC0009,16073,1969,11,30,0.0,,Y
IDCJAC0009,16073,1969,12,01,0.0,,Y
IDCJAC0009,16073,1969,12,02,0.0,,Y
IDCJAC0009,16073,1969,12,03,0.0,,Y
IDCJAC0009,16073,1969,12,04,0.0,,Y
IDCJAC0009,16073,1969,12,05,3.8,1,Y
IDCJAC0009,16073,1969,12,06,24.4,1,Y
IDCJAC0009,16073,1969,12,07,0.0,,Y
IDCJAC0009,16073,1969,12,08,0.0,,Y
IDCJAC0009,16073,1969,12,09,0.0,,Y
IDCJAC0009,16073,1969,12,10,0.0,,Y
IDCJAC0009,16073,1969,12,11,0.0,,Y
IDCJAC0009,16073,1969,12,12,0.0,,Y
IDCJAC0009,16073,1969,12,13,0.0,,Y
IDCJAC0009,16073,1969,12,14,0.0,,Y
IDCJAC0009,16073,1969,12,15,0.3,1,Y
IDCJAC0009,16073,1969,12,16,3.0,1,Y
IDCJAC0009,16073,1969,12,17,0.0,,Y
IDCJAC0009,16073,1969,12,18,0.0,,Y
IDCJAC0009,16073,1969,12,19,0.0,,Y
IDCJAC0009,16073,1969,12,20,0.0,,Y
IDCJAC0009,16073,1969,12,21,0.0,,Y
IDCJAC0009,16073,1969,12,22,0.0,,Y
IDCJAC0009,16073,1969,12,23,0.0,,Y
IDCJAC0009,16073,1969,12,24,0.0,,Y
IDCJAC0009,16073,1969,12,25,0.0,,Y
IDCJAC0009,16073,1969,12,26,0.0,,Y
IDCJAC0009,16073,1969,12,27,0.0,,Y
IDCJAC0009,16073,1969,12,28,0.0,,Y
IDCJAC0009,16073,1969,12,29,0.0,,Y
IDCJAC0009,16073,1969,12,30,0.0,,Y
IDCJAC0009,16073,1969,12,31,0.0,,Y
IDCJAC0009,16073,1970,01,01,0.0,,Y
IDCJAC0009,16073,1970,01,02,0.0,,Y
IDCJAC0009,16073,1970,01,03,0.0,,Y
IDCJAC0009,16073,1970,01,04,0.0,,Y
IDCJAC0009,16073,1970,01,05,0.0,,Y
IDCJAC0009,16073,1970,01,06,0.0,,Y
IDCJAC0009,16073,1970,01,07,0.0,,Y
IDCJAC0009,16073,1970,01,08,0.0,,Y
IDCJAC0009,16073,1970,01,09,0.0,,Y
IDCJAC0009,16073,1970,01,10,0.0,,Y
IDCJAC0009,16073,1970,01,11,0.0,,Y
IDCJAC0009,16073,1970,01,12,0.0,,Y
IDCJAC0009,16073,1970,01,13,0.0,,Y
IDCJAC0009,16073,1970,01,14,0.0,,Y
IDCJAC0009,16073,1970,01,15,0.0,,Y
IDCJAC0009,16073,1970,01,16,0.0,,Y
IDCJAC0009,16073,1970,01,17,0.0,,Y
IDCJAC0009,16073,1970,01,18,0.0,,Y
IDCJAC0009,16073,1970,01,19,0.0,,Y
IDCJAC0009,16073,1970,01,20,0.0,,Y
IDCJAC0009,16073,1970,01,21,0.0,,Y
IDCJAC0009,16073,1970,01,22,0.0,,Y
IDCJAC0009,16073,1970,01,23,0.0,,Y
IDCJAC0009,16073,1970,01,24,0.0,,Y
IDCJAC0009,16073,1970,01,25,0.0,,Y
IDCJAC0009,16073,1970,01,26,0.0,,Y
IDCJAC0009,16073,1970,01,27,0.0,,Y
IDCJAC0009,16073,1970,01,28,0.0,,Y
IDCJAC0009,16073,1970,01,29,0.0,,Y
IDCJAC0009,16073,1970,01,30,0.0,,Y
IDCJAC0009,16073,1970,01,31,0.0,,Y
IDCJAC0009,16073,1970,02,01,0.0,,Y
IDCJAC0009,16073,1970,02,02,0.0,,Y
IDCJAC0009,16073,1970,02,03,0.0,,Y
IDCJAC0009,16073,1970,02,04,0.0,,Y
IDCJAC0009,16073,1970,02,05,0.0,,Y
IDCJAC0009,16073,1970,02,06,0.0,,Y
IDCJAC0009,16073,1970,02,07,0.0,,Y
IDCJAC0009,16073,1970,02,08,0.0,,Y
IDCJAC0009,16073,1970,02,09,0.0,,Y
IDCJAC0009,16073,1970,02,10,0.0,,Y
IDCJAC0009,16073,1970,02,11,0.0,,Y
IDCJAC0009,16073,1970,02,12,0.0,,Y
IDCJAC0009,16073,1970,02,13,0.0,,Y
IDCJAC0009,16073,1970,02,14,0.0,,Y
IDCJAC0009,16073,1970,02,15,0.0,,Y
IDCJAC0009,16073,1970,02,16,0.0,,Y
IDCJAC0009,16073,1970,02,17,0.0,,Y
IDCJAC0009,16073,1970,02,18,0.0,,Y
IDCJAC0009,16073,1970,02,19,0.0,,Y
IDCJAC0009,16073,1970,02,20,0.0,,Y
IDCJAC0009,16073,1970,02,21,0.0,,Y
IDCJAC0009,16073,1970,02,22,0.0,,Y
IDCJAC0009,16073,1970,02,23,0.0,,Y
IDCJAC0009,16073,1970,02,24,0.0,,Y
IDCJAC0009,16073,1970,02,25,0.0,,Y
IDCJAC0009,16073,1970,02,26,0.0,,Y
IDCJAC0009,16073,1970,02,27,0.0,,Y
IDCJAC0009,16073,1970,02,28,0.0,,Y
IDCJAC0009,16073,1970,03,01,0.0,,Y
IDCJAC0009,16073,1970,03,02,0.0,,Y
IDCJAC0009,16073,1970,03,03,0.0,,Y
IDCJAC0009,16073,1970,03,04,0.0,,Y
IDCJAC0009,16073,1970,03,05,0.0,,Y
IDCJAC0009,16073,1970,03,06,0.0,,Y
IDCJAC0009,16073,1970,03,07,0.0,,Y
IDCJAC0009,16073,1970,03,08,0.0,,Y
IDCJAC0009,16073,1970,03,09,0.0,,Y
IDCJAC0009,16073,1970,03,10,0.0,,Y
IDCJAC0009,16073,1970,03,11,0.0,,Y
IDCJAC0009,16073,1970,03,12,0.0,,Y
IDCJAC0009,16073,1970,03,13,0.0,,Y
IDCJAC0009,16073,1970,03,14,0.0,,Y
IDCJAC0009,16073,1970,03,15,0.0,,Y
IDCJAC0009,16073,1970,03,16,0.0,,Y
IDCJAC0009,16073,1970,03,17,0.0,,Y
IDCJAC0009,16073,1970,03,18,0.0,,Y
IDCJAC0009,16073,1970,03,19,0.0,,Y
IDCJAC0009,16073,1970,03,20,0.0,,Y
IDCJAC0009,16073,1970,03,21,0.0,,Y
IDCJAC0009,16073,1970,03,22,0.0,,Y
IDCJAC0009,16073,1970,03,23,0.0,,Y
IDCJAC0009,16073,1970,03,24,0.0,,Y
IDCJAC0009,16073,1970,03,25,0.0,,Y
IDCJAC0009,16073,1970,03,26,0.0,,Y
IDCJAC0009,16073,1970,03,27,0.0,,Y
IDCJAC0009,16073,1970,03,28,0.0,,Y
IDCJAC0009,16073,1970,03,29,0.0,,Y
IDCJAC0009,16073,1970,03,30,0.0,,Y
IDCJAC0009,16073,1970,03,31,0.0,,Y
IDCJAC0009,16073,1970,04,01,0.0,,Y
IDCJAC0009,16073,1970,04,02,0.0,,Y
IDCJAC0009,16073,1970,04,03,0.0,,Y
IDCJAC0009,16073,1970,04,04,0.0,,Y
IDCJAC0009,16073,1970,04,05,0.0,,Y
IDCJAC0009,16073,1970,04,06,0.0,,Y
IDCJAC0009,16073,1970,04,07,0.0,,Y
IDCJAC0009,16073,1970,04,08,0.0,,Y
IDCJAC0009,16073,1970,04,09,0.0,,Y
IDCJAC0009,16073,1970,04,10,0.0,,Y
IDCJAC0009,16073,1970,04,11,0.0,,Y
IDCJAC0009,16073,1970,04,12,0.0,,Y
IDCJAC0009,16073,1970,04,13,0.0,,Y
IDCJAC0009,16073,1970,04,14,0.0,,Y
IDCJAC0009,16073,1970,04,15,0.0,,Y
IDCJAC0009,16073,1970,04,16,0.0,,Y
IDCJAC0009,16073,1970,04,17,0.0,,Y
IDCJAC0009,16073,1970,04,18,0.0,,Y
IDCJAC0009,16073,1970,04,19,6.4,1,Y
IDCJAC0009,16073,1970,04,20,0.0,,Y
IDCJAC0009,16073,1970,04,21,10.9,1,Y
IDCJAC0009,16073,1970,04,22,0.0,,Y
IDCJAC0009,16073,1970,04,23,0.0,,Y
IDCJAC0009,16073,1970,04,24,0.0,,Y
IDCJAC0009,16073,1970,04,25,0.0,,Y
IDCJAC0009,16073,1970,04,26,0.0,,Y
IDCJAC0009,16073,1970,04,27,0.0,,Y
IDCJAC0009,16073,1970,04,28,0.0,,Y
IDCJAC0009,16073,1970,04,29,0.0,,Y
IDCJAC0009,16073,1970,04,30,0.0,,Y
IDCJAC0009,16073,1970,05,01,0.0,,Y
IDCJAC0009,16073,1970,05,02,0.0,,Y
IDCJAC0009,16073,1970,05,03,0.0,,Y
IDCJAC0009,16073,1970,05,04,0.0,,Y
IDCJAC0009,16073,1970,05,05,0.0,,Y
IDCJAC0009,16073,1970,05,06,0.0,,Y
IDCJAC0009,16073,1970,05,07,0.0,,Y
IDCJAC0009,16073,1970,05,08,0.0,,Y
IDCJAC0009,16073,1970,05,09,0.0,,Y
IDCJAC0009,16073,1970,05,10,0.0,,Y
IDCJAC0009,16073,1970,05,11,0.0,,Y
IDCJAC0009,16073,1970,05,12,0.0,,Y
IDCJAC0009,16073,1970,05,13,0.0,,Y
IDCJAC0009,16073,1970,05,14,0.0,,Y
IDCJAC0009,16073,1970,05,15,0.0,,Y
IDCJAC0009,16073,1970,05,16,0.0,,Y
IDCJAC0009,16073,1970,05,17,0.0,,Y
IDCJAC0009,16073,1970,05,18,0.0,,Y
IDCJAC0009,16073,1970,05,19,0.0,,Y
IDCJAC0009,16073,1970,05,20,0.0,,Y
IDCJAC0009,16073,1970,05,21,0.0,,Y
IDCJAC0009,16073,1970,05,22,0.0,,Y
IDCJAC0009,16073,1970,05,23,0.0,,Y
IDCJAC0009,16073,1970,05,24,0.0,,Y
IDCJAC0009,16073,1970,05,25,0.0,,Y
IDCJAC0009,16073,1970,05,26,0.0,,Y
IDCJAC0009,16073,1970,05,27,0.0,,Y
IDCJAC0009,16073,1970,05,28,0.0,,Y
IDCJAC0009,16073,1970,05,29,0.0,,Y
IDCJAC0009,16073,1970,05,30,0.0,,Y
IDCJAC0009,16073,1970,05,31,0.0,,Y
IDCJAC0009,16073,1970,06,01,0.0,,Y
IDCJAC0009,16073,1970,06,02,0.0,,Y
IDCJAC0009,16073,1970,06,03,0.0,,Y
IDCJAC0009,16073,1970,06,04,0.0,,Y
IDCJAC0009,16073,1970,06,05,0.0,,Y
IDCJAC0009,16073,1970,06,06,0.0,,Y
IDCJAC0009,16073,1970,06,07,0.0,,Y
IDCJAC0009,16073,1970,06,08,0.0,,Y
IDCJAC0009,16073,1970,06,09,0.0,,Y
IDCJAC0009,16073,1970,06,10,0.0,,Y
IDCJAC0009,16073,1970,06,11,0.0,,Y
IDCJAC0009,16073,1970,06,12,0.0,,Y
IDCJAC0009,16073,1970,06,13,0.0,,Y
IDCJAC0009,16073,1970,06,14,0.0,,Y
IDCJAC0009,16073,1970,06,15,0.0,,Y
IDCJAC0009,16073,1970,06,16,0.0,,Y
IDCJAC0009,16073,1970,06,17,0.0,,Y
IDCJAC0009,16073,1970,06,18,0.0,,Y
IDCJAC0009,16073,1970,06,19,0.0,,Y
IDCJAC0009,16073,1970,06,20,0.0,,Y
IDCJAC0009,16073,1970,06,21,0.0,,Y
IDCJAC0009,16073,1970,06,22,0.0,,Y
IDCJAC0009,16073,1970,06,23,0.0,,Y
IDCJAC0009,16073,1970,06,24,0.0,,Y
IDCJAC0009,16073,1970,06,25,0.0,,Y
IDCJAC0009,16073,1970,06,26,0.0,,Y
IDCJAC0009,16073,1970,06,27,0.0,,Y
IDCJAC0009,16073,1970,06,28,0.0,,Y
IDCJAC0009,16073,1970,06,29,0.0,,Y
IDCJAC0009,16073,1970,06,30,0.0,,Y
IDCJAC0009,16073,1970,07,01,0.0,,Y
IDCJAC0009,16073,1970,07,02,0.0,,Y
IDCJAC0009,16073,1970,07,03,0.0,,Y
IDCJAC0009,16073,1970,07,04,0.0,,Y
IDCJAC0009,16073,1970,07,05,0.0,,Y
IDCJAC0009,16073,1970,07,06,0.0,,Y
IDCJAC0009,16073,1970,07,07,0.0,,Y
IDCJAC0009,16073,1970,07,08,0.0,,Y
IDCJAC0009,16073,1970,07,09,0.0,,Y
IDCJAC0009,16073,1970,07,10,0.0,,Y
IDCJAC0009,16073,1970,07,11,0.0,,Y
IDCJAC0009,16073,1970,07,12,0.0,,Y
IDCJAC0009,16073,1970,07,13,0.0,,Y
IDCJAC0009,16073,1970,07,14,0.0,,Y
IDCJAC0009,16073,1970,07,15,0.0,,Y
IDCJAC0009,16073,1970,07,16,0.0,,Y
IDCJAC0009,16073,1970,07,17,0.0,,Y
IDCJAC0009,16073,1970,07,18,0.0,,Y
IDCJAC0009,16073,1970,07,19,0.0,,Y
IDCJAC0009,16073,1970,07,20,0.0,,Y
IDCJAC0009,16073,1970,07,21,0.0,,Y
IDCJAC0009,16073,1970,07,22,0.0,,Y
IDCJAC0009,16073,1970,07,23,0.0,,Y
IDCJAC0009,16073,1970,07,24,0.0,,Y
IDCJAC0009,16073,1970,07,25,0.0,,Y
IDCJAC0009,16073,1970,07,26,0.0,,Y
IDCJAC0009,16073,1970,07,27,0.0,,Y
IDCJAC0009,16073,1970,07,28,0.0,,Y
IDCJAC0009,16073,1970,07,29,0.0,,Y
IDCJAC0009,16073,1970,07,30,0.0,,Y
IDCJAC0009,16073,1970,07,31,0.0,,Y
IDCJAC0009,16073,1970,08,01,0.0,,Y
IDCJAC0009,16073,1970,08,02,0.0,,Y
IDCJAC0009,16073,1970,08,03,0.0,,Y
IDCJAC0009,16073,1970,08,04,0.0,,Y
IDCJAC0009,16073,1970,08,05,0.0,,Y
IDCJAC0009,16073,1970,08,06,0.0,,Y
IDCJAC0009,16073,1970,08,07,0.0,,Y
IDCJAC0009,16073,1970,08,08,0.0,,Y
IDCJAC0009,16073,1970,08,09,0.0,,Y
IDCJAC0009,16073,1970,08,10,0.0,,Y
IDCJAC0009,16073,1970,08,11,0.0,,Y
IDCJAC0009,16073,1970,08,12,0.0,,Y
IDCJAC0009,16073,1970,08,13,0.0,,Y
IDCJAC0009,16073,1970,08,14,0.0,,Y
IDCJAC0009,16073,1970,08,15,0.0,,Y
IDCJAC0009,16073,1970,08,16,0.0,,Y
IDCJAC0009,16073,1970,08,17,0.0,,Y
IDCJAC0009,16073,1970,08,18,0.0,,Y
IDCJAC0009,16073,1970,08,19,0.0,,Y
IDCJAC0009,16073,1970,08,20,0.0,,Y
IDCJAC0009,16073,1970,08,21,0.0,,Y
IDCJAC0009,16073,1970,08,22,0.0,,Y
IDCJAC0009,16073,1970,08,23,0.0,,Y
IDCJAC0009,16073,1970,08,24,0.0,,Y
IDCJAC0009,16073,1970,08,25,0.0,,Y
IDCJAC0009,16073,1970,08,26,0.0,,Y
IDCJAC0009,16073,1970,08,27,0.0,,Y
IDCJAC0009,16073,1970,08,28,0.0,,Y
IDCJAC0009,16073,1970,08,29,0.0,,Y
IDCJAC0009,16073,1970,08,30,0.0,,Y
IDCJAC0009,16073,1970,08,31,0.0,,Y
IDCJAC0009,16073,1970,09,01,0.0,,Y
IDCJAC0009,16073,1970,09,02,5.6,1,Y
IDCJAC0009,16073,1970,09,03,0.0,,Y
IDCJAC0009,16073,1970,09,04,5.6,1,Y
IDCJAC0009,16073,1970,09,05,0.0,,Y
IDCJAC0009,16073,1970,09,06,0.8,1,Y
IDCJAC0009,16073,1970,09,07,0.0,,Y
IDCJAC0009,16073,1970,09,08,0.0,,Y
IDCJAC0009,16073,1970,09,09,3.8,1,Y
IDCJAC0009,16073,1970,09,10,0.0,,Y
IDCJAC0009,16073,1970,09,11,0.0,,Y
IDCJAC0009,16073,1970,09,12,0.0,,Y
IDCJAC0009,16073,1970,09,13,7.9,1,Y
IDCJAC0009,16073,1970,09,14,0.0,,Y
IDCJAC0009,16073,1970,09,15,0.0,,Y
IDCJAC0009,16073,1970,09,16,0.0,,Y
IDCJAC0009,16073,1970,09,17,0.0,,Y
IDCJAC0009,16073,1970,09,18,0.0,,Y
IDCJAC0009,16073,1970,09,19,0.0,,Y
IDCJAC0009,16073,1970,09,20,0.0,,Y
IDCJAC0009,16073,1970,09,21,0.0,,Y
IDCJAC0009,16073,1970,09,22,0.0,,Y
IDCJAC0009,16073,1970,09,23,0.0,,Y
IDCJAC0009,16073,1970,09,24,0.0,,Y
IDCJAC0009,16073,1970,09,25,0.0,,Y
IDCJAC0009,16073,1970,09,26,0.0,,Y
IDCJAC0009,16073,1970,09,27,0.0,,Y
IDCJAC0009,16073,1970,09,28,0.0,,Y
IDCJAC0009,16073,1970,09,29,0.0,,Y
IDCJAC0009,16073,1970,09,30,0.0,,Y
IDCJAC0009,16073,1970,10,01,0.0,,Y
IDCJAC0009,16073,1970,10,02,0.0,,Y
IDCJAC0009,16073,1970,10,03,0.0,,Y
IDCJAC0009,16073,1970,10,04,0.0,,Y
IDCJAC0009,16073,1970,10,05,0.0,,Y
IDCJAC0009,16073,1970,10,06,0.0,,Y
IDCJAC0009,16073,1970,10,07,0.0,,Y
IDCJAC0009,16073,1970,10,08,0.0,,Y
IDCJAC0009,16073,1970,10,09,0.0,,Y
IDCJAC0009,16073,1970,10,10,0.0,,Y
IDCJAC0009,16073,1970,10,11,0.0,,Y
IDCJAC0009,16073,1970,10,12,0.0,,Y
IDCJAC0009,16073,1970,10,13,0.0,,Y
IDCJAC0009,16073,1970,10,14,0.0,,Y
IDCJAC0009,16073,1970,10,15,0.0,,Y
IDCJAC0009,16073,1970,10,16,0.0,,Y
IDCJAC0009,16073,1970,10,17,0.0,,Y
IDCJAC0009,16073,1970,10,18,0.0,,Y
IDCJAC0009,16073,1970,10,19,0.0,,Y
IDCJAC0009,16073,1970,10,20,0.0,,Y
IDCJAC0009,16073,1970,10,21,0.0,,Y
IDCJAC0009,16073,1970,10,22,0.0,,Y
IDCJAC0009,16073,1970,10,23,0.0,,Y
IDCJAC0009,16073,1970,10,24,0.0,,Y
IDCJAC0009,16073,1970,10,25,0.0,,Y
IDCJAC0009,16073,1970,10,26,0.0,,Y
IDCJAC0009,16073,1970,10,27,0.0,,Y
IDCJAC0009,16073,1970,10,28,0.0,,Y
IDCJAC0009,16073,1970,10,29,0.0,,Y
IDCJAC0009,16073,1970,10,30,0.0,,Y
IDCJAC0009,16073,1970,10,31,0.0,,Y
IDCJAC0009,16073,1970,11,01,0.0,,Y
IDCJAC0009,16073,1970,11,02,0.0,,Y
IDCJAC0009,16073,1970,11,03,24.1,1,Y
IDCJAC0009,16073,1970,11,04,0.0,,Y
IDCJAC0009,16073,1970,11,05,0.0,,Y
IDCJAC0009,16073,1970,11,06,0.0,,Y
IDCJAC0009,16073,1970,11,07,0.0,,Y
IDCJAC0009,16073,1970,11,08,0.0,,Y
IDCJAC0009,16073,1970,11,09,0.0,,Y
IDCJAC0009,16073,1970,11,10,0.0,,Y
IDCJAC0009,16073,1970,11,11,0.0,,Y
IDCJAC0009,16073,1970,11,12,0.0,,Y
IDCJAC0009,16073,1970,11,13,0.0,,Y
IDCJAC0009,16073,1970,11,14,0.0,,Y
IDCJAC0009,16073,1970,11,15,0.0,,Y
IDCJAC0009,16073,1970,11,16,0.0,,Y
IDCJAC0009,16073,1970,11,17,0.0,,Y
IDCJAC0009,16073,1970,11,18,0.0,,Y
IDCJAC0009,16073,1970,11,19,0.0,,Y
IDCJAC0009,16073,1970,11,20,0.0,,Y
IDCJAC0009,16073,1970,11,21,0.0,,Y
IDCJAC0009,16073,1970,11,22,0.0,,Y
IDCJAC0009,16073,1970,11,23,0.0,,Y
IDCJAC0009,16073,1970,11,24,0.0,,Y
IDCJAC0009,16073,1970,11,25,0.0,,Y
IDCJAC0009,16073,1970,11,26,0.0,,Y
IDCJAC0009,16073,1970,11,27,0.0,,Y
IDCJAC0009,16073,1970,11,28,38.1,1,Y
IDCJAC0009,16073,1970,11,29,0.0,,Y
IDCJAC0009,16073,1970,11,30,0.0,,Y
IDCJAC0009,16073,1970,12,01,0.0,,Y
IDCJAC0009,16073,1970,12,02,0.0,,Y
IDCJAC0009,16073,1970,12,03,0.0,,Y
IDCJAC0009,16073,1970,12,04,0.0,,Y
IDCJAC0009,16073,1970,12,05,0.0,,Y
IDCJAC0009,16073,1970,12,06,3.8,1,Y
IDCJAC0009,16073,1970,12,07,0.0,,Y
IDCJAC0009,16073,1970,12,08,0.0,,Y
IDCJAC0009,16073,1970,12,09,0.0,,Y
IDCJAC0009,16073,1970,12,10,0.0,,Y
IDCJAC0009,16073,1970,12,11,0.0,,Y
IDCJAC0009,16073,1970,12,12,0.0,,Y
IDCJAC0009,16073,1970,12,13,0.0,,Y
IDCJAC0009,16073,1970,12,14,0.0,,Y
IDCJAC0009,16073,1970,12,15,0.0,,Y
IDCJAC0009,16073,1970,12,16,0.0,,Y
IDCJAC0009,16073,1970,12,17,0.0,,Y
IDCJAC0009,16073,1970,12,18,0.0,,Y
IDCJAC0009,16073,1970,12,19,0.0,,Y
IDCJAC0009,16073,1970,12,20,0.0,,Y
IDCJAC0009,16073,1970,12,21,0.0,,Y
IDCJAC0009,16073,1970,12,22,0.0,,Y
IDCJAC0009,16073,1970,12,23,0.0,,Y
IDCJAC0009,16073,1970,12,24,0.0,,Y
IDCJAC0009,16073,1970,12,25,0.0,,Y
IDCJAC0009,16073,1970,12,26,0.0,,Y
IDCJAC0009,16073,1970,12,27,0.0,,Y
IDCJAC0009,16073,1970,12,28,0.0,,Y
IDCJAC0009,16073,1970,12,29,0.0,,Y
IDCJAC0009,16073,1970,12,30,0.0,,Y
IDCJAC0009,16073,1970,12,31,0.0,,Y
IDCJAC0009,16073,1971,01,01,0.0,,Y
IDCJAC0009,16073,1971,01,02,0.0,,Y
IDCJAC0009,16073,1971,01,03,0.0,,Y
IDCJAC0009,16073,1971,01,04,0.0,,Y
IDCJAC0009,16073,1971,01,05,0.0,,Y
IDCJAC0009,16073,1971,01,06,0.0,,Y
IDCJAC0009,16073,1971,01,07,0.0,,Y
IDCJAC0009,16073,1971,01,08,0.0,,Y
IDCJAC0009,16073,1971,01,09,0.0,,Y
IDCJAC0009,16073,1971,01,10,0.0,,Y
IDCJAC0009,16073,1971,01,11,0.0,,Y
IDCJAC0009,16073,1971,01,12,0.0,,Y
IDCJAC0009,16073,1971,01,13,0.0,,Y
IDCJAC0009,16073,1971,01,14,0.0,,Y
IDCJAC0009,16073,1971,01,15,0.0,,Y
IDCJAC0009,16073,1971,01,16,0.0,,Y
IDCJAC0009,16073,1971,01,17,0.0,,Y
IDCJAC0009,16073,1971,01,18,0.0,,Y
IDCJAC0009,16073,1971,01,19,0.0,,Y
IDCJAC0009,16073,1971,01,20,0.0,,Y
IDCJAC0009,16073,1971,01,21,0.0,,Y
IDCJAC0009,16073,1971,01,22,0.0,,Y
IDCJAC0009,16073,1971,01,23,0.0,,Y
IDCJAC0009,16073,1971,01,24,0.0,,Y
IDCJAC0009,16073,1971,01,25,0.0,,Y
IDCJAC0009,16073,1971,01,26,0.0,,Y
IDCJAC0009,16073,1971,01,27,0.0,,Y
IDCJAC0009,16073,1971,01,28,0.0,,Y
IDCJAC0009,16073,1971,01,29,0.0,,Y
IDCJAC0009,16073,1971,01,30,0.0,,Y
IDCJAC0009,16073,1971,01,31,0.0,,Y
IDCJAC0009,16073,1971,02,01,0.0,,Y
IDCJAC0009,16073,1971,02,02,0.0,,Y
IDCJAC0009,16073,1971,02,03,0.0,,Y
IDCJAC0009,16073,1971,02,04,0.0,,Y
IDCJAC0009,16073,1971,02,05,0.0,,Y
IDCJAC0009,16073,1971,02,06,0.0,,Y
IDCJAC0009,16073,1971,02,07,0.0,,Y
IDCJAC0009,16073,1971,02,08,0.0,,Y
IDCJAC0009,16073,1971,02,09,0.0,,Y
IDCJAC0009,16073,1971,02,10,0.0,,Y
IDCJAC0009,16073,1971,02,11,0.0,,Y
IDCJAC0009,16073,1971,02,12,0.0,,Y
IDCJAC0009,16073,1971,02,13,0.0,,Y
IDCJAC0009,16073,1971,02,14,0.0,,Y
IDCJAC0009,16073,1971,02,15,0.0,,Y
IDCJAC0009,16073,1971,02,16,0.0,,Y
IDCJAC0009,16073,1971,02,17,0.0,,Y
IDCJAC0009,16073,1971,02,18,0.0,,Y
IDCJAC0009,16073,1971,02,19,0.0,,Y
IDCJAC0009,16073,1971,02,20,0.0,,Y
IDCJAC0009,16073,1971,02,21,0.0,,Y
IDCJAC0009,16073,1971,02,22,0.0,,Y
IDCJAC0009,16073,1971,02,23,0.0,,Y
IDCJAC0009,16073,1971,02,24,0.0,,Y
IDCJAC0009,16073,1971,02,25,0.0,,Y
IDCJAC0009,16073,1971,02,26,0.0,,Y
IDCJAC0009,16073,1971,02,27,0.0,,Y
IDCJAC0009,16073,1971,02,28,1.3,1,Y
IDCJAC0009,16073,1971,03,01,0.0,,Y
IDCJAC0009,16073,1971,03,02,0.0,,Y
IDCJAC0009,16073,1971,03,03,0.0,,Y
IDCJAC0009,16073,1971,03,04,0.0,,Y
IDCJAC0009,16073,1971,03,05,0.0,,Y
IDCJAC0009,16073,1971,03,06,0.0,,Y
IDCJAC0009,16073,1971,03,07,0.0,,Y
IDCJAC0009,16073,1971,03,08,0.0,,Y
IDCJAC0009,16073,1971,03,09,0.0,,Y
IDCJAC0009,16073,1971,03,10,0.0,,Y
IDCJAC0009,16073,1971,03,11,0.0,,Y
IDCJAC0009,16073,1971,03,12,0.0,,Y
IDCJAC0009,16073,1971,03,13,0.0,,Y
IDCJAC0009,16073,1971,03,14,0.0,,Y
IDCJAC0009,16073,1971,03,15,0.0,,Y
IDCJAC0009,16073,1971,03,16,0.0,,Y
IDCJAC0009,16073,1971,03,17,0.0,,Y
IDCJAC0009,16073,1971,03,18,0.0,,Y
IDCJAC0009,16073,1971,03,19,0.0,,Y
IDCJAC0009,16073,1971,03,20,0.0,,Y
IDCJAC0009,16073,1971,03,21,0.0,,Y
IDCJAC0009,16073,1971,03,22,0.0,,Y
IDCJAC0009,16073,1971,03,23,0.0,,Y
IDCJAC0009,16073,1971,03,24,0.0,,Y
IDCJAC0009,16073,1971,03,25,0.0,,Y
IDCJAC0009,16073,1971,03,26,0.0,,Y
IDCJAC0009,16073,1971,03,27,0.0,,Y
IDCJAC0009,16073,1971,03,28,0.0,,Y
IDCJAC0009,16073,1971,03,29,0.0,,Y
IDCJAC0009,16073,1971,03,30,0.0,,Y
IDCJAC0009,16073,1971,03,31,0.0,,Y
IDCJAC0009,16073,1971,04,01,0.0,,Y
IDCJAC0009,16073,1971,04,02,0.0,,Y
IDCJAC0009,16073,1971,04,03,0.0,,Y
IDCJAC0009,16073,1971,04,04,0.0,,Y
IDCJAC0009,16073,1971,04,05,0.0,,Y
IDCJAC0009,16073,1971,04,06,0.0,,Y
IDCJAC0009,16073,1971,04,07,0.0,,Y
IDCJAC0009,16073,1971,04,08,0.0,,Y
IDCJAC0009,16073,1971,04,09,0.0,,Y
IDCJAC0009,16073,1971,04,10,0.0,,Y
IDCJAC0009,16073,1971,04,11,0.0,,Y
IDCJAC0009,16073,1971,04,12,0.0,,Y
IDCJAC0009,16073,1971,04,13,0.0,,Y
IDCJAC0009,16073,1971,04,14,0.0,,Y
IDCJAC0009,16073,1971,04,15,0.0,,Y
IDCJAC0009,16073,1971,04,16,0.0,,Y
IDCJAC0009,16073,1971,04,17,0.0,,Y
IDCJAC0009,16073,1971,04,18,0.0,,Y
IDCJAC0009,16073,1971,04,19,0.0,,Y
IDCJAC0009,16073,1971,04,20,0.0,,Y
IDCJAC0009,16073,1971,04,21,0.0,,Y
IDCJAC0009,16073,1971,04,22,0.0,,Y
IDCJAC0009,16073,1971,04,23,0.0,,Y
IDCJAC0009,16073,1971,04,24,0.0,,Y
IDCJAC0009,16073,1971,04,25,0.0,,Y
IDCJAC0009,16073,1971,04,26,0.0,,Y
IDCJAC0009,16073,1971,04,27,0.0,,Y
IDCJAC0009,16073,1971,04,28,0.0,,Y
IDCJAC0009,16073,1971,04,29,0.0,,Y
IDCJAC0009,16073,1971,04,30,0.0,,Y
IDCJAC0009,16073,1971,05,01,0.0,,Y
IDCJAC0009,16073,1971,05,02,0.0,,Y
IDCJAC0009,16073,1971,05,03,0.0,,Y
IDCJAC0009,16073,1971,05,04,0.0,,Y
IDCJAC0009,16073,1971,05,05,0.0,,Y
IDCJAC0009,16073,1971,05,06,0.0,,Y
IDCJAC0009,16073,1971,05,07,0.0,,Y
IDCJAC0009,16073,1971,05,08,0.0,,Y
IDCJAC0009,16073,1971,05,09,0.0,,Y
IDCJAC0009,16073,1971,05,10,0.0,,Y
IDCJAC0009,16073,1971,05,11,0.0,,Y
IDCJAC0009,16073,1971,05,12,0.0,,Y
IDCJAC0009,16073,1971,05,13,0.0,,Y
IDCJAC0009,16073,1971,05,14,0.0,,Y
IDCJAC0009,16073,1971,05,15,0.0,,Y
IDCJAC0009,16073,1971,05,16,0.0,,Y
IDCJAC0009,16073,1971,05,17,0.0,,Y
IDCJAC0009,16073,1971,05,18,0.0,,Y
IDCJAC0009,16073,1971,05,19,0.0,,Y
IDCJAC0009,16073,1971,05,20,0.0,,Y
IDCJAC0009,16073,1971,05,21,0.0,,Y
IDCJAC0009,16073,1971,05,22,0.0,,Y
IDCJAC0009,16073,1971,05,23,0.0,,Y
IDCJAC0009,16073,1971,05,24,0.0,,Y
IDCJAC0009,16073,1971,05,25,0.0,,Y
IDCJAC0009,16073,1971,05,26,0.0,,Y
IDCJAC0009,16073,1971,05,27,0.0,,Y
IDCJAC0009,16073,1971,05,28,0.0,,Y
IDCJAC0009,16073,1971,05,29,0.0,,Y
IDCJAC0009,16073,1971,05,30,0.0,,Y
IDCJAC0009,16073,1971,05,31,0.0,,Y
IDCJAC0009,16073,1971,06,01,0.0,,Y
IDCJAC0009,16073,1971,06,02,13.0,1,Y
IDCJAC0009,16073,1971,06,03,0.0,,Y
IDCJAC0009,16073,1971,06,04,0.0,,Y
IDCJAC0009,16073,1971,06,05,0.0,,Y
IDCJAC0009,16073,1971,06,06,1.0,1,Y
IDCJAC0009,16073,1971,06,07,23.4,1,Y
IDCJAC0009,16073,1971,06,08,12.7,1,Y
IDCJAC0009,16073,1971,06,09,0.0,,Y
IDCJAC0009,16073,1971,06,10,0.0,,Y
IDCJAC0009,16073,1971,06,11,0.0,,Y
IDCJAC0009,16073,1971,06,12,0.0,,Y
IDCJAC0009,16073,1971,06,13,0.0,,Y
IDCJAC0009,16073,1971,06,14,0.0,,Y
IDCJAC0009,16073,1971,06,15,0.0,,Y
IDCJAC0009,16073,1971,06,16,0.0,,Y
IDCJAC0009,16073,1971,06,17,0.0,,Y
IDCJAC0009,16073,1971,06,18,0.0,,Y
IDCJAC0009,16073,1971,06,19,0.0,,Y
IDCJAC0009,16073,1971,06,20,0.0,,Y
IDCJAC0009,16073,1971,06,21,0.0,,Y
IDCJAC0009,16073,1971,06,22,0.0,,Y
IDCJAC0009,16073,1971,06,23,0.0,,Y
IDCJAC0009,16073,1971,06,24,0.0,,Y
IDCJAC0009,16073,1971,06,25,0.0,,Y
IDCJAC0009,16073,1971,06,26,0.0,,Y
IDCJAC0009,16073,1971,06,27,0.0,,Y
IDCJAC0009,16073,1971,06,28,0.0,,Y
IDCJAC0009,16073,1971,06,29,0.0,,Y
IDCJAC0009,16073,1971,06,30,0.0,,Y
IDCJAC0009,16073,1971,07,01,0.0,,Y
IDCJAC0009,16073,1971,07,02,0.0,,Y
IDCJAC0009,16073,1971,07,03,0.0,,Y
IDCJAC0009,16073,1971,07,04,0.0,,Y
IDCJAC0009,16073,1971,07,05,0.0,,Y
IDCJAC0009,16073,1971,07,06,0.0,,Y
IDCJAC0009,16073,1971,07,07,0.0,,Y
IDCJAC0009,16073,1971,07,08,0.0,,Y
IDCJAC0009,16073,1971,07,09,0.0,,Y
IDCJAC0009,16073,1971,07,10,0.0,,Y
IDCJAC0009,16073,1971,07,11,0.0,,Y
IDCJAC0009,16073,1971,07,12,0.0,,Y
IDCJAC0009,16073,1971,07,13,0.0,,Y
IDCJAC0009,16073,1971,07,14,0.0,,Y
IDCJAC0009,16073,1971,07,15,0.0,,Y
IDCJAC0009,16073,1971,07,16,0.0,,Y
IDCJAC0009,16073,1971,07,17,0.0,,Y
IDCJAC0009,16073,1971,07,18,0.0,,Y
IDCJAC0009,16073,1971,07,19,0.0,,Y
IDCJAC0009,16073,1971,07,20,0.0,,Y
IDCJAC0009,16073,1971,07,21,0.0,,Y
IDCJAC0009,16073,1971,07,22,0.0,,Y
IDCJAC0009,16073,1971,07,23,0.0,,Y
IDCJAC0009,16073,1971,07,24,0.0,,Y
IDCJAC0009,16073,1971,07,25,0.0,,Y
IDCJAC0009,16073,1971,07,26,0.0,,Y
IDCJAC0009,16073,1971,07,27,0.0,,Y
IDCJAC0009,16073,1971,07,28,0.0,,Y
IDCJAC0009,16073,1971,07,29,0.0,,Y
IDCJAC0009,16073,1971,07,30,0.0,,Y
IDCJAC0009,16073,1971,07,31,0.0,,Y
IDCJAC0009,16073,1971,08,01,4.8,1,Y
IDCJAC0009,16073,1971,08,02,1.0,1,Y
IDCJAC0009,16073,1971,08,03,8.1,1,Y
IDCJAC0009,16073,1971,08,04,0.0,,Y
IDCJAC0009,16073,1971,08,05,0.0,,Y
IDCJAC0009,16073,1971,08,06,0.0,,Y
IDCJAC0009,16073,1971,08,07,0.0,,Y
IDCJAC0009,16073,1971,08,08,0.0,,Y
IDCJAC0009,16073,1971,08,09,0.0,,Y
IDCJAC0009,16073,1971,08,10,0.0,,Y
IDCJAC0009,16073,1971,08,11,0.0,,Y
IDCJAC0009,16073,1971,08,12,0.0,,Y
IDCJAC0009,16073,1971,08,13,0.0,,Y
IDCJAC0009,16073,1971,08,14,0.0,,Y
IDCJAC0009,16073,1971,08,15,0.0,,Y
IDCJAC0009,16073,1971,08,16,0.0,,Y
IDCJAC0009,16073,1971,08,17,1.0,1,Y
IDCJAC0009,16073,1971,08,18,0.0,,Y
IDCJAC0009,16073,1971,08,19,0.0,,Y
IDCJAC0009,16073,1971,08,20,0.0,,Y
IDCJAC0009,16073,1971,08,21,0.0,,Y
IDCJAC0009,16073,1971,08,22,0.0,,Y
IDCJAC0009,16073,1971,08,23,0.0,,Y
IDCJAC0009,16073,1971,08,24,0.0,,Y
IDCJAC0009,16073,1971,08,25,0.0,,Y
IDCJAC0009,16073,1971,08,26,0.0,,Y
IDCJAC0009,16073,1971,08,27,0.0,,Y
IDCJAC0009,16073,1971,08,28,6.4,1,Y
IDCJAC0009,16073,1971,08,29,0.0,,Y
IDCJAC0009,16073,1971,08,30,0.0,,Y
IDCJAC0009,16073,1971,08,31,0.0,,Y
IDCJAC0009,16073,1971,09,01,0.0,,Y
IDCJAC0009,16073,1971,09,02,0.0,,Y
IDCJAC0009,16073,1971,09,03,3.0,1,Y
IDCJAC0009,16073,1971,09,04,0.0,,Y
IDCJAC0009,16073,1971,09,05,0.0,,Y
IDCJAC0009,16073,1971,09,06,0.0,,Y
IDCJAC0009,16073,1971,09,07,0.0,,Y
IDCJAC0009,16073,1971,09,08,0.0,,Y
IDCJAC0009,16073,1971,09,09,0.0,,Y
IDCJAC0009,16073,1971,09,10,0.0,,Y
IDCJAC0009,16073,1971,09,11,0.0,,Y
IDCJAC0009,16073,1971,09,12,0.0,,Y
IDCJAC0009,16073,1971,09,13,0.0,,Y
IDCJAC0009,16073,1971,09,14,0.0,,Y
IDCJAC0009,16073,1971,09,15,0.0,,Y
IDCJAC0009,16073,1971,09,16,0.0,,Y
IDCJAC0009,16073,1971,09,17,0.0,,Y
IDCJAC0009,16073,1971,09,18,0.0,,Y
IDCJAC0009,16073,1971,09,19,0.0,,Y
IDCJAC0009,16073,1971,09,20,0.0,,Y
IDCJAC0009,16073,1971,09,21,0.0,,Y
IDCJAC0009,16073,1971,09,22,0.0,,Y
IDCJAC0009,16073,1971,09,23,0.0,,Y
IDCJAC0009,16073,1971,09,24,0.0,,Y
IDCJAC0009,16073,1971,09,25,0.0,,Y
IDCJAC0009,16073,1971,09,26,0.0,,Y
IDCJAC0009,16073,1971,09,27,0.0,,Y
IDCJAC0009,16073,1971,09,28,0.0,,Y
IDCJAC0009,16073,1971,09,29,0.0,,Y
IDCJAC0009,16073,1971,09,30,0.0,,Y
IDCJAC0009,16073,1971,10,01,0.0,,Y
IDCJAC0009,16073,1971,10,02,0.0,,Y
IDCJAC0009,16073,1971,10,03,0.0,,Y
IDCJAC0009,16073,1971,10,04,0.0,,Y
IDCJAC0009,16073,1971,10,05,0.0,,Y
IDCJAC0009,16073,1971,10,06,0.0,,Y
IDCJAC0009,16073,1971,10,07,0.0,,Y
IDCJAC0009,16073,1971,10,08,0.0,,Y
IDCJAC0009,16073,1971,10,09,0.0,,Y
IDCJAC0009,16073,1971,10,10,0.0,,Y
IDCJAC0009,16073,1971,10,11,0.0,,Y
IDCJAC0009,16073,1971,10,12,0.0,,Y
IDCJAC0009,16073,1971,10,13,0.0,,Y
IDCJAC0009,16073,1971,10,14,0.0,,Y
IDCJAC0009,16073,1971,10,15,0.0,,Y
IDCJAC0009,16073,1971,10,16,0.0,,Y
IDCJAC0009,16073,1971,10,17,0.0,,Y
IDCJAC0009,16073,1971,10,18,0.0,,Y
IDCJAC0009,16073,1971,10,19,0.0,,Y
IDCJAC0009,16073,1971,10,20,0.0,,Y
IDCJAC0009,16073,1971,10,21,0.0,,Y
IDCJAC0009,16073,1971,10,22,0.0,,Y
IDCJAC0009,16073,1971,10,23,0.0,,Y
IDCJAC0009,16073,1971,10,24,0.0,,Y
IDCJAC0009,16073,1971,10,25,0.0,,Y
IDCJAC0009,16073,1971,10,26,0.0,,Y
IDCJAC0009,16073,1971,10,27,0.0,,Y
IDCJAC0009,16073,1971,10,28,0.0,,Y
IDCJAC0009,16073,1971,10,29,0.0,,Y
IDCJAC0009,16073,1971,10,30,0.0,,Y
IDCJAC0009,16073,1971,10,31,0.0,,Y
IDCJAC0009,16073,1971,11,01,0.0,,Y
IDCJAC0009,16073,1971,11,02,0.0,,Y
IDCJAC0009,16073,1971,11,03,0.0,,Y
IDCJAC0009,16073,1971,11,04,0.0,,Y
IDCJAC0009,16073,1971,11,05,6.4,1,Y
IDCJAC0009,16073,1971,11,06,0.0,,Y
IDCJAC0009,16073,1971,11,07,0.0,,Y
IDCJAC0009,16073,1971,11,08,0.0,,Y
IDCJAC0009,16073,1971,11,09,0.0,,Y
IDCJAC0009,16073,1971,11,10,0.0,,Y
IDCJAC0009,16073,1971,11,11,1.3,1,Y
IDCJAC0009,16073,1971,11,12,14.0,1,Y
IDCJAC0009,16073,1971,11,13,0.0,,Y
IDCJAC0009,16073,1971,11,14,0.0,,Y
IDCJAC0009,16073,1971,11,15,0.0,,Y
IDCJAC0009,16073,1971,11,16,0.0,,Y
IDCJAC0009,16073,1971,11,17,2.8,1,Y
IDCJAC0009,16073,1971,11,18,0.0,,Y
IDCJAC0009,16073,1971,11,19,6.6,1,Y
IDCJAC0009,16073,1971,11,20,9.9,1,Y
IDCJAC0009,16073,1971,11,21,0.0,,Y
IDCJAC0009,16073,1971,11,22,0.0,,Y
IDCJAC0009,16073,1971,11,23,15.2,1,Y
IDCJAC0009,16073,1971,11,24,17.3,1,Y
IDCJAC0009,16073,1971,11,25,0.0,,Y
IDCJAC0009,16073,1971,11,26,0.0,,Y
IDCJAC0009,16073,1971,11,27,0.0,,Y
IDCJAC0009,16073,1971,11,28,0.5,1,Y
IDCJAC0009,16073,1971,11,29,0.0,,Y
IDCJAC0009,16073,1971,11,30,0.0,,Y
IDCJAC0009,16073,1971,12,01,0.0,,Y
IDCJAC0009,16073,1971,12,02,5.6,1,Y
IDCJAC0009,16073,1971,12,03,0.0,,Y
IDCJAC0009,16073,1971,12,04,0.0,,Y
IDCJAC0009,16073,1971,12,05,0.0,,Y
IDCJAC0009,16073,1971,12,06,1.5,1,Y
IDCJAC0009,16073,1971,12,07,0.0,,Y
IDCJAC0009,16073,1971,12,08,0.0,,Y
IDCJAC0009,16073,1971,12,09,0.0,,Y
IDCJAC0009,16073,1971,12,10,0.0,,Y
IDCJAC0009,16073,1971,12,11,0.0,,Y
IDCJAC0009,16073,1971,12,12,0.0,,Y
IDCJAC0009,16073,1971,12,13,0.0,,Y
IDCJAC0009,16073,1971,12,14,2.0,1,Y
IDCJAC0009,16073,1971,12,15,0.0,,Y
IDCJAC0009,16073,1971,12,16,0.0,,Y
IDCJAC0009,16073,1971,12,17,0.0,,Y
IDCJAC0009,16073,1971,12,18,0.0,,Y
IDCJAC0009,16073,1971,12,19,0.0,,Y
IDCJAC0009,16073,1971,12,20,0.0,,Y
IDCJAC0009,16073,1971,12,21,0.0,,Y
IDCJAC0009,16073,1971,12,22,0.0,,Y
IDCJAC0009,16073,1971,12,23,0.0,,Y
IDCJAC0009,16073,1971,12,24,0.0,,Y
IDCJAC0009,16073,1971,12,25,0.0,,Y
IDCJAC0009,16073,1971,12,26,0.0,,Y
IDCJAC0009,16073,1971,12,27,0.0,,Y
IDCJAC0009,16073,1971,12,28,0.0,,Y
IDCJAC0009,16073,1971,12,29,0.0,,Y
IDCJAC0009,16073,1971,12,30,0.0,,Y
IDCJAC0009,16073,1971,12,31,0.0,,Y
IDCJAC0009,16073,1972,01,01,0.0,,Y
IDCJAC0009,16073,1972,01,02,0.0,,Y
IDCJAC0009,16073,1972,01,03,0.0,,Y
IDCJAC0009,16073,1972,01,04,0.0,,Y
IDCJAC0009,16073,1972,01,05,0.0,,Y
IDCJAC0009,16073,1972,01,06,0.0,,Y
IDCJAC0009,16073,1972,01,07,5.1,1,Y
IDCJAC0009,16073,1972,01,08,0.0,,Y
IDCJAC0009,16073,1972,01,09,2.3,1,Y
IDCJAC0009,16073,1972,01,10,0.0,,Y
IDCJAC0009,16073,1972,01,11,0.0,,Y
IDCJAC0009,16073,1972,01,12,0.0,,Y
IDCJAC0009,16073,1972,01,13,0.0,,Y
IDCJAC0009,16073,1972,01,14,0.0,,Y
IDCJAC0009,16073,1972,01,15,0.0,,Y
IDCJAC0009,16073,1972,01,16,0.0,,Y
IDCJAC0009,16073,1972,01,17,0.0,,Y
IDCJAC0009,16073,1972,01,18,0.0,,Y
IDCJAC0009,16073,1972,01,19,0.0,,Y
IDCJAC0009,16073,1972,01,20,0.0,,Y
IDCJAC0009,16073,1972,01,21,0.0,,Y
IDCJAC0009,16073,1972,01,22,0.0,,Y
IDCJAC0009,16073,1972,01,23,0.0,,Y
IDCJAC0009,16073,1972,01,24,0.0,,Y
IDCJAC0009,16073,1972,01,25,0.0,,Y
IDCJAC0009,16073,1972,01,26,0.0,,Y
IDCJAC0009,16073,1972,01,27,0.0,,Y
IDCJAC0009,16073,1972,01,28,0.0,,Y
IDCJAC0009,16073,1972,01,29,0.0,,Y
IDCJAC0009,16073,1972,01,30,0.0,,Y
IDCJAC0009,16073,1972,01,31,0.0,,Y
IDCJAC0009,16073,1972,02,01,0.0,,Y
IDCJAC0009,16073,1972,02,02,0.0,,Y
IDCJAC0009,16073,1972,02,03,0.0,,Y
IDCJAC0009,16073,1972,02,04,0.0,,Y
IDCJAC0009,16073,1972,02,05,0.0,,Y
IDCJAC0009,16073,1972,02,06,0.0,,Y
IDCJAC0009,16073,1972,02,07,0.0,,Y
IDCJAC0009,16073,1972,02,08,0.0,,Y
IDCJAC0009,16073,1972,02,09,0.0,,Y
IDCJAC0009,16073,1972,02,10,0.0,,Y
IDCJAC0009,16073,1972,02,11,0.0,,Y
IDCJAC0009,16073,1972,02,12,0.0,,Y
IDCJAC0009,16073,1972,02,13,0.0,,Y
IDCJAC0009,16073,1972,02,14,0.0,,Y
IDCJAC0009,16073,1972,02,15,0.0,,Y
IDCJAC0009,16073,1972,02,16,0.0,,Y
IDCJAC0009,16073,1972,02,17,0.0,,Y
IDCJAC0009,16073,1972,02,18,0.0,,Y
IDCJAC0009,16073,1972,02,19,0.0,,Y
IDCJAC0009,16073,1972,02,20,0.0,,Y
IDCJAC0009,16073,1972,02,21,0.0,,Y
IDCJAC0009,16073,1972,02,22,0.0,,Y
IDCJAC0009,16073,1972,02,23,0.0,,Y
IDCJAC0009,16073,1972,02,24,0.0,,Y
IDCJAC0009,16073,1972,02,25,0.0,,Y
IDCJAC0009,16073,1972,02,26,0.0,,Y
IDCJAC0009,16073,1972,02,27,0.0,,Y
IDCJAC0009,16073,1972,02,28,0.0,,Y
IDCJAC0009,16073,1972,02,29,0.0,,Y
IDCJAC0009,16073,1972,03,01,0.0,,Y
IDCJAC0009,16073,1972,03,02,1.8,1,Y
IDCJAC0009,16073,1972,03,03,17.0,1,Y
IDCJAC0009,16073,1972,03,04,0.0,,Y
IDCJAC0009,16073,1972,03,05,3.8,1,Y
IDCJAC0009,16073,1972,03,06,0.0,,Y
IDCJAC0009,16073,1972,03,07,0.0,,Y
IDCJAC0009,16073,1972,03,08,0.0,,Y
IDCJAC0009,16073,1972,03,09,0.0,,Y
IDCJAC0009,16073,1972,03,10,0.0,,Y
IDCJAC0009,16073,1972,03,11,0.0,,Y
IDCJAC0009,16073,1972,03,12,0.0,,Y
IDCJAC0009,16073,1972,03,13,0.0,,Y
IDCJAC0009,16073,1972,03,14,0.0,,Y
IDCJAC0009,16073,1972,03,15,0.0,,Y
IDCJAC0009,16073,1972,03,16,0.0,,Y
IDCJAC0009,16073,1972,03,17,0.0,,Y
IDCJAC0009,16073,1972,03,18,0.0,,Y
IDCJAC0009,16073,1972,03,19,0.0,,Y
IDCJAC0009,16073,1972,03,20,0.0,,Y
IDCJAC0009,16073,1972,03,21,0.0,,Y
IDCJAC0009,16073,1972,03,22,0.0,,Y
IDCJAC0009,16073,1972,03,23,0.0,,Y
IDCJAC0009,16073,1972,03,24,0.0,,Y
IDCJAC0009,16073,1972,03,25,0.0,,Y
IDCJAC0009,16073,1972,03,26,0.0,,Y
IDCJAC0009,16073,1972,03,27,0.0,,Y
IDCJAC0009,16073,1972,03,28,0.0,,Y
IDCJAC0009,16073,1972,03,29,0.0,,Y
IDCJAC0009,16073,1972,03,30,0.0,,Y
IDCJAC0009,16073,1972,03,31,0.0,,Y
IDCJAC0009,16073,1972,04,01,0.0,,Y
IDCJAC0009,16073,1972,04,02,0.0,,Y
IDCJAC0009,16073,1972,04,03,0.0,,Y
IDCJAC0009,16073,1972,04,04,0.0,,Y
IDCJAC0009,16073,1972,04,05,0.0,,Y
IDCJAC0009,16073,1972,04,06,0.0,,Y
IDCJAC0009,16073,1972,04,07,0.0,,Y
IDCJAC0009,16073,1972,04,08,0.0,,Y
IDCJAC0009,16073,1972,04,09,0.0,,Y
IDCJAC0009,16073,1972,04,10,0.0,,Y
IDCJAC0009,16073,1972,04,11,0.0,,Y
IDCJAC0009,16073,1972,04,12,0.0,,Y
IDCJAC0009,16073,1972,04,13,0.0,,Y
IDCJAC0009,16073,1972,04,14,0.0,,Y
IDCJAC0009,16073,1972,04,15,0.0,,Y
IDCJAC0009,16073,1972,04,16,0.0,,Y
IDCJAC0009,16073,1972,04,17,0.0,,Y
IDCJAC0009,16073,1972,04,18,0.0,,Y
IDCJAC0009,16073,1972,04,19,0.0,,Y
IDCJAC0009,16073,1972,04,20,0.0,,Y
IDCJAC0009,16073,1972,04,21,0.0,,Y
IDCJAC0009,16073,1972,04,22,0.0,,Y
IDCJAC0009,16073,1972,04,23,0.0,,Y
IDCJAC0009,16073,1972,04,24,0.0,,Y
IDCJAC0009,16073,1972,04,25,0.0,,Y
IDCJAC0009,16073,1972,04,26,0.0,,Y
IDCJAC0009,16073,1972,04,27,0.0,,Y
IDCJAC0009,16073,1972,04,28,0.0,,Y
IDCJAC0009,16073,1972,04,29,0.0,,Y
IDCJAC0009,16073,1972,04,30,0.0,,Y
IDCJAC0009,16073,1972,05,01,0.0,,Y
IDCJAC0009,16073,1972,05,02,0.0,,Y
IDCJAC0009,16073,1972,05,03,0.0,,Y
IDCJAC0009,16073,1972,05,04,0.0,,Y
IDCJAC0009,16073,1972,05,05,0.0,,Y
IDCJAC0009,16073,1972,05,06,0.0,,Y
IDCJAC0009,16073,1972,05,07,0.0,,Y
IDCJAC0009,16073,1972,05,08,0.0,,Y
IDCJAC0009,16073,1972,05,09,0.0,,Y
IDCJAC0009,16073,1972,05,10,0.0,,Y
IDCJAC0009,16073,1972,05,11,0.0,,Y
IDCJAC0009,16073,1972,05,12,0.0,,Y
IDCJAC0009,16073,1972,05,13,0.0,,Y
IDCJAC0009,16073,1972,05,14,0.0,,Y
IDCJAC0009,16073,1972,05,15,0.0,,Y
IDCJAC0009,16073,1972,05,16,0.0,,Y
IDCJAC0009,16073,1972,05,17,0.0,,Y
IDCJAC0009,16073,1972,05,18,0.0,,Y
IDCJAC0009,16073,1972,05,19,0.0,,Y
IDCJAC0009,16073,1972,05,20,0.0,,Y
IDCJAC0009,16073,1972,05,21,0.0,,Y
IDCJAC0009,16073,1972,05,22,0.0,,Y
IDCJAC0009,16073,1972,05,23,0.0,,Y
IDCJAC0009,16073,1972,05,24,0.0,,Y
IDCJAC0009,16073,1972,05,25,0.0,,Y
IDCJAC0009,16073,1972,05,26,0.0,,Y
IDCJAC0009,16073,1972,05,27,0.0,,Y
IDCJAC0009,16073,1972,05,28,0.0,,Y
IDCJAC0009,16073,1972,05,29,0.0,,Y
IDCJAC0009,16073,1972,05,30,0.0,,Y
IDCJAC0009,16073,1972,05,31,0.0,,Y
IDCJAC0009,16073,1972,06,01,0.0,,Y
IDCJAC0009,16073,1972,06,02,0.0,,Y
IDCJAC0009,16073,1972,06,03,0.0,,Y
IDCJAC0009,16073,1972,06,04,0.0,,Y
IDCJAC0009,16073,1972,06,05,0.0,,Y
IDCJAC0009,16073,1972,06,06,0.0,,Y
IDCJAC0009,16073,1972,06,07,0.0,,Y
IDCJAC0009,16073,1972,06,08,0.0,,Y
IDCJAC0009,16073,1972,06,09,0.0,,Y
IDCJAC0009,16073,1972,06,10,0.0,,Y
IDCJAC0009,16073,1972,06,11,0.0,,Y
IDCJAC0009,16073,1972,06,12,0.0,,Y
IDCJAC0009,16073,1972,06,13,0.0,,Y
IDCJAC0009,16073,1972,06,14,0.0,,Y
IDCJAC0009,16073,1972,06,15,0.0,,Y
IDCJAC0009,16073,1972,06,16,0.0,,Y
IDCJAC0009,16073,1972,06,17,0.0,,Y
IDCJAC0009,16073,1972,06,18,0.0,,Y
IDCJAC0009,16073,1972,06,19,0.0,,Y
IDCJAC0009,16073,1972,06,20,0.0,,Y
IDCJAC0009,16073,1972,06,21,0.0,,Y
IDCJAC0009,16073,1972,06,22,0.0,,Y
IDCJAC0009,16073,1972,06,23,0.0,,Y
IDCJAC0009,16073,1972,06,24,0.0,,Y
IDCJAC0009,16073,1972,06,25,0.0,,Y
IDCJAC0009,16073,1972,06,26,0.0,,Y
IDCJAC0009,16073,1972,06,27,0.0,,Y
IDCJAC0009,16073,1972,06,28,0.0,,Y
IDCJAC0009,16073,1972,06,29,0.0,,Y
IDCJAC0009,16073,1972,06,30,0.0,,Y
IDCJAC0009,16073,1972,07,01,0.0,,Y
IDCJAC0009,16073,1972,07,02,0.0,,Y
IDCJAC0009,16073,1972,07,03,0.0,,Y
IDCJAC0009,16073,1972,07,04,0.0,,Y
IDCJAC0009,16073,1972,07,05,0.0,,Y
IDCJAC0009,16073,1972,07,06,0.0,,Y
IDCJAC0009,16073,1972,07,07,0.0,,Y
IDCJAC0009,16073,1972,07,08,0.0,,Y
IDCJAC0009,16073,1972,07,09,0.0,,Y
IDCJAC0009,16073,1972,07,10,0.0,,Y
IDCJAC0009,16073,1972,07,11,0.0,,Y
IDCJAC0009,16073,1972,07,12,0.0,,Y
IDCJAC0009,16073,1972,07,13,0.0,,Y
IDCJAC0009,16073,1972,07,14,0.0,,Y
IDCJAC0009,16073,1972,07,15,0.0,,Y
IDCJAC0009,16073,1972,07,16,0.0,,Y
IDCJAC0009,16073,1972,07,17,0.0,,Y
IDCJAC0009,16073,1972,07,18,0.0,,Y
IDCJAC0009,16073,1972,07,19,0.0,,Y
IDCJAC0009,16073,1972,07,20,0.0,,Y
IDCJAC0009,16073,1972,07,21,0.0,,Y
IDCJAC0009,16073,1972,07,22,0.0,,Y
IDCJAC0009,16073,1972,07,23,0.0,,Y
IDCJAC0009,16073,1972,07,24,0.0,,Y
IDCJAC0009,16073,1972,07,25,0.0,,Y
IDCJAC0009,16073,1972,07,26,0.0,,Y
IDCJAC0009,16073,1972,07,27,0.0,,Y
IDCJAC0009,16073,1972,07,28,0.0,,Y
IDCJAC0009,16073,1972,07,29,0.0,,Y
IDCJAC0009,16073,1972,07,30,,,
IDCJAC0009,16073,1972,07,31,7.1,2,Y
IDCJAC0009,16073,1972,08,01,7.1,1,Y
IDCJAC0009,16073,1972,08,02,0.0,,Y
IDCJAC0009,16073,1972,08,03,0.0,,Y
IDCJAC0009,16073,1972,08,04,0.0,,Y
IDCJAC0009,16073,1972,08,05,0.0,,Y
IDCJAC0009,16073,1972,08,06,0.0,,Y
IDCJAC0009,16073,1972,08,07,0.0,,Y
IDCJAC0009,16073,1972,08,08,0.0,,Y
IDCJAC0009,16073,1972,08,09,0.0,,Y
IDCJAC0009,16073,1972,08,10,0.0,,Y
IDCJAC0009,16073,1972,08,11,0.0,,Y
IDCJAC0009,16073,1972,08,12,1.3,1,Y
IDCJAC0009,16073,1972,08,13,0.0,,Y
IDCJAC0009,16073,1972,08,14,2.5,1,Y
IDCJAC0009,16073,1972,08,15,0.0,,Y
IDCJAC0009,16073,1972,08,16,0.0,,Y
IDCJAC0009,16073,1972,08,17,0.0,,Y
IDCJAC0009,16073,1972,08,18,0.0,,Y
IDCJAC0009,16073,1972,08,19,0.0,,Y
IDCJAC0009,16073,1972,08,20,0.0,,Y
IDCJAC0009,16073,1972,08,21,0.0,,Y
IDCJAC0009,16073,1972,08,22,0.0,,Y
IDCJAC0009,16073,1972,08,23,0.0,,Y
IDCJAC0009,16073,1972,08,24,0.0,,Y
IDCJAC0009,16073,1972,08,25,0.0,,Y
IDCJAC0009,16073,1972,08,26,0.0,,Y
IDCJAC0009,16073,1972,08,27,0.0,,Y
IDCJAC0009,16073,1972,08,28,0.0,,Y
IDCJAC0009,16073,1972,08,29,0.0,,Y
IDCJAC0009,16073,1972,08,30,0.0,,Y
IDCJAC0009,16073,1972,08,31,0.0,,Y
IDCJAC0009,16073,1972,09,01,0.0,,Y
IDCJAC0009,16073,1972,09,02,0.0,,Y
IDCJAC0009,16073,1972,09,03,0.0,,Y
IDCJAC0009,16073,1972,09,04,0.0,,Y
IDCJAC0009,16073,1972,09,05,0.0,,Y
IDCJAC0009,16073,1972,09,06,0.0,,Y
IDCJAC0009,16073,1972,09,07,0.0,,Y
IDCJAC0009,16073,1972,09,08,0.0,,Y
IDCJAC0009,16073,1972,09,09,0.0,,Y
IDCJAC0009,16073,1972,09,10,0.0,,Y
IDCJAC0009,16073,1972,09,11,0.0,,Y
IDCJAC0009,16073,1972,09,12,0.0,,Y
IDCJAC0009,16073,1972,09,13,0.0,,Y
IDCJAC0009,16073,1972,09,14,0.0,,Y
IDCJAC0009,16073,1972,09,15,0.0,,Y
IDCJAC0009,16073,1972,09,16,0.0,,Y
IDCJAC0009,16073,1972,09,17,0.0,,Y
IDCJAC0009,16073,1972,09,18,0.0,,Y
IDCJAC0009,16073,1972,09,19,0.0,,Y
IDCJAC0009,16073,1972,09,20,0.0,,Y
IDCJAC0009,16073,1972,09,21,0.0,,Y
IDCJAC0009,16073,1972,09,22,0.0,,Y
IDCJAC0009,16073,1972,09,23,0.0,,Y
IDCJAC0009,16073,1972,09,24,0.0,,Y
IDCJAC0009,16073,1972,09,25,0.0,,Y
IDCJAC0009,16073,1972,09,26,0.0,,Y
IDCJAC0009,16073,1972,09,27,12.2,1,Y
IDCJAC0009,16073,1972,09,28,0.0,,Y
IDCJAC0009,16073,1972,09,29,0.0,,Y
IDCJAC0009,16073,1972,09,30,1.0,1,Y
IDCJAC0009,16073,1972,10,01,0.0,,Y
IDCJAC0009,16073,1972,10,02,0.0,,Y
IDCJAC0009,16073,1972,10,03,0.0,,Y
IDCJAC0009,16073,1972,10,04,0.0,,Y
IDCJAC0009,16073,1972,10,05,0.0,,Y
IDCJAC0009,16073,1972,10,06,0.0,,Y
IDCJAC0009,16073,1972,10,07,0.0,,Y
IDCJAC0009,16073,1972,10,08,0.0,,Y
IDCJAC0009,16073,1972,10,09,0.0,,Y
IDCJAC0009,16073,1972,10,10,0.0,,Y
IDCJAC0009,16073,1972,10,11,0.0,,Y
IDCJAC0009,16073,1972,10,12,0.0,,Y
IDCJAC0009,16073,1972,10,13,0.0,,Y
IDCJAC0009,16073,1972,10,14,0.0,,Y
IDCJAC0009,16073,1972,10,15,0.0,,Y
IDCJAC0009,16073,1972,10,16,0.0,,Y
IDCJAC0009,16073,1972,10,17,0.0,,Y
IDCJAC0009,16073,1972,10,18,0.0,,Y
IDCJAC0009,16073,1972,10,19,0.0,,Y
IDCJAC0009,16073,1972,10,20,0.0,,Y
IDCJAC0009,16073,1972,10,21,0.0,,Y
IDCJAC0009,16073,1972,10,22,0.0,,Y
IDCJAC0009,16073,1972,10,23,0.0,,Y
IDCJAC0009,16073,1972,10,24,0.0,,Y
IDCJAC0009,16073,1972,10,25,0.0,,Y
IDCJAC0009,16073,1972,10,26,0.0,,Y
IDCJAC0009,16073,1972,10,27,0.0,,Y
IDCJAC0009,16073,1972,10,28,0.0,,Y
IDCJAC0009,16073,1972,10,29,0.0,,Y
IDCJAC0009,16073,1972,10,30,0.0,,Y
IDCJAC0009,16073,1972,10,31,0.0,,Y
IDCJAC0009,16073,1972,11,01,0.0,,Y
IDCJAC0009,16073,1972,11,02,0.0,,Y
IDCJAC0009,16073,1972,11,03,0.0,,Y
IDCJAC0009,16073,1972,11,04,0.0,,Y
IDCJAC0009,16073,1972,11,05,0.0,,Y
IDCJAC0009,16073,1972,11,06,0.0,,Y
IDCJAC0009,16073,1972,11,07,4.6,1,Y
IDCJAC0009,16073,1972,11,08,0.0,,Y
IDCJAC0009,16073,1972,11,09,0.0,,Y
IDCJAC0009,16073,1972,11,10,0.0,,Y
IDCJAC0009,16073,1972,11,11,0.0,,Y
IDCJAC0009,16073,1972,11,12,0.0,,Y
IDCJAC0009,16073,1972,11,13,0.0,,Y
IDCJAC0009,16073,1972,11,14,0.0,,Y
IDCJAC0009,16073,1972,11,15,0.0,,Y
IDCJAC0009,16073,1972,11,16,0.0,,Y
IDCJAC0009,16073,1972,11,17,0.0,,Y
IDCJAC0009,16073,1972,11,18,0.0,,Y
IDCJAC0009,16073,1972,11,19,0.0,,Y
IDCJAC0009,16073,1972,11,20,0.0,,Y
IDCJAC0009,16073,1972,11,21,0.0,,Y
IDCJAC0009,16073,1972,11,22,4.8,1,Y
IDCJAC0009,16073,1972,11,23,0.0,,Y
IDCJAC0009,16073,1972,11,24,0.0,,Y
IDCJAC0009,16073,1972,11,25,0.0,,Y
IDCJAC0009,16073,1972,11,26,0.0,,Y
IDCJAC0009,16073,1972,11,27,0.0,,Y
IDCJAC0009,16073,1972,11,28,0.0,,Y
IDCJAC0009,16073,1972,11,29,0.0,,Y
IDCJAC0009,16073,1972,11,30,0.0,,Y
IDCJAC0009,16073,1972,12,01,0.0,,Y
IDCJAC0009,16073,1972,12,02,0.0,,Y
IDCJAC0009,16073,1972,12,03,0.0,,Y
IDCJAC0009,16073,1972,12,04,0.0,,Y
IDCJAC0009,16073,1972,12,05,0.0,,Y
IDCJAC0009,16073,1972,12,06,0.0,,Y
IDCJAC0009,16073,1972,12,07,0.0,,Y
IDCJAC0009,16073,1972,12,08,0.0,,Y
IDCJAC0009,16073,1972,12,09,0.0,,Y
IDCJAC0009,16073,1972,12,10,0.0,,Y
IDCJAC0009,16073,1972,12,11,0.0,,Y
IDCJAC0009,16073,1972,12,12,0.0,,Y
IDCJAC0009,16073,1972,12,13,0.0,,Y
IDCJAC0009,16073,1972,12,14,0.0,,Y
IDCJAC0009,16073,1972,12,15,0.0,,Y
IDCJAC0009,16073,1972,12,16,0.0,,Y
IDCJAC0009,16073,1972,12,17,0.0,,Y
IDCJAC0009,16073,1972,12,18,0.0,,Y
IDCJAC0009,16073,1972,12,19,0.0,,Y
IDCJAC0009,16073,1972,12,20,0.0,,Y
IDCJAC0009,16073,1972,12,21,0.0,,Y
IDCJAC0009,16073,1972,12,22,0.0,,Y
IDCJAC0009,16073,1972,12,23,0.0,,Y
IDCJAC0009,16073,1972,12,24,0.0,,Y
IDCJAC0009,16073,1972,12,25,0.0,,Y
IDCJAC0009,16073,1972,12,26,0.0,,Y
IDCJAC0009,16073,1972,12,27,0.0,,Y
IDCJAC0009,16073,1972,12,28,0.0,,Y
IDCJAC0009,16073,1972,12,29,0.0,,Y
IDCJAC0009,16073,1972,12,30,0.0,,Y
IDCJAC0009,16073,1972,12,31,0.0,,Y
IDCJAC0009,16073,1973,01,01,0.0,,Y
IDCJAC0009,16073,1973,01,02,0.0,,Y
IDCJAC0009,16073,1973,01,03,0.0,,Y
IDCJAC0009,16073,1973,01,04,0.0,,Y
IDCJAC0009,16073,1973,01,05,0.0,,Y
IDCJAC0009,16073,1973,01,06,0.0,,Y
IDCJAC0009,16073,1973,01,07,24.4,1,Y
IDCJAC0009,16073,1973,01,08,1.8,1,Y
IDCJAC0009,16073,1973,01,09,11.4,1,Y
IDCJAC0009,16073,1973,01,10,0.0,,Y
IDCJAC0009,16073,1973,01,11,1.3,1,Y
IDCJAC0009,16073,1973,01,12,0.0,,Y
IDCJAC0009,16073,1973,01,13,0.0,,Y
IDCJAC0009,16073,1973,01,14,0.0,,Y
IDCJAC0009,16073,1973,01,15,0.0,,Y
IDCJAC0009,16073,1973,01,16,0.0,,Y
IDCJAC0009,16073,1973,01,17,0.0,,Y
IDCJAC0009,16073,1973,01,18,0.0,,Y
IDCJAC0009,16073,1973,01,19,0.0,,Y
IDCJAC0009,16073,1973,01,20,0.0,,Y
IDCJAC0009,16073,1973,01,21,0.0,,Y
IDCJAC0009,16073,1973,01,22,0.0,,Y
IDCJAC0009,16073,1973,01,23,0.0,,Y
IDCJAC0009,16073,1973,01,24,0.0,,Y
IDCJAC0009,16073,1973,01,25,0.0,,Y
IDCJAC0009,16073,1973,01,26,0.0,,Y
IDCJAC0009,16073,1973,01,27,0.0,,Y
IDCJAC0009,16073,1973,01,28,0.0,,Y
IDCJAC0009,16073,1973,01,29,0.8,1,Y
IDCJAC0009,16073,1973,01,30,0.0,,Y
IDCJAC0009,16073,1973,01,31,0.0,,Y
IDCJAC0009,16073,1973,02,01,0.0,,Y
IDCJAC0009,16073,1973,02,02,4.6,1,Y
IDCJAC0009,16073,1973,02,03,30.5,1,Y
IDCJAC0009,16073,1973,02,04,31.8,1,Y
IDCJAC0009,16073,1973,02,05,140.5,1,Y
IDCJAC0009,16073,1973,02,06,0.0,,Y
IDCJAC0009,16073,1973,02,07,0.0,,Y
IDCJAC0009,16073,1973,02,08,0.0,,Y
IDCJAC0009,16073,1973,02,09,0.0,,Y
IDCJAC0009,16073,1973,02,10,0.0,,Y
IDCJAC0009,16073,1973,02,11,0.0,,Y
IDCJAC0009,16073,1973,02,12,0.0,,Y
IDCJAC0009,16073,1973,02,13,0.0,,Y
IDCJAC0009,16073,1973,02,14,0.0,,Y
IDCJAC0009,16073,1973,02,15,0.0,,Y
IDCJAC0009,16073,1973,02,16,0.0,,Y
IDCJAC0009,16073,1973,02,17,0.0,,Y
IDCJAC0009,16073,1973,02,18,0.0,,Y
IDCJAC0009,16073,1973,02,19,0.0,,Y
IDCJAC0009,16073,1973,02,20,7.9,1,Y
IDCJAC0009,16073,1973,02,21,0.0,,Y
IDCJAC0009,16073,1973,02,22,0.0,,Y
IDCJAC0009,16073,1973,02,23,0.0,,Y
IDCJAC0009,16073,1973,02,24,0.0,,Y
IDCJAC0009,16073,1973,02,25,0.0,,Y
IDCJAC0009,16073,1973,02,26,0.0,,Y
IDCJAC0009,16073,1973,02,27,0.0,,Y
IDCJAC0009,16073,1973,02,28,0.0,,Y
IDCJAC0009,16073,1973,03,01,0.0,,Y
IDCJAC0009,16073,1973,03,02,0.0,,Y
IDCJAC0009,16073,1973,03,03,0.0,,Y
IDCJAC0009,16073,1973,03,04,0.0,,Y
IDCJAC0009,16073,1973,03,05,0.0,,Y
IDCJAC0009,16073,1973,03,06,0.0,,Y
IDCJAC0009,16073,1973,03,07,0.0,,Y
IDCJAC0009,16073,1973,03,08,0.0,,Y
IDCJAC0009,16073,1973,03,09,0.0,,Y
IDCJAC0009,16073,1973,03,10,0.0,,Y
IDCJAC0009,16073,1973,03,11,0.0,,Y
IDCJAC0009,16073,1973,03,12,0.0,,Y
IDCJAC0009,16073,1973,03,13,0.0,,Y
IDCJAC0009,16073,1973,03,14,0.0,,Y
IDCJAC0009,16073,1973,03,15,0.0,,Y
IDCJAC0009,16073,1973,03,16,0.0,,Y
IDCJAC0009,16073,1973,03,17,0.0,,Y
IDCJAC0009,16073,1973,03,18,0.0,,Y
IDCJAC0009,16073,1973,03,19,0.0,,Y
IDCJAC0009,16073,1973,03,20,0.0,,Y
IDCJAC0009,16073,1973,03,21,0.0,,Y
IDCJAC0009,16073,1973,03,22,4.3,1,Y
IDCJAC0009,16073,1973,03,23,0.0,,Y
IDCJAC0009,16073,1973,03,24,0.0,,Y
IDCJAC0009,16073,1973,03,25,0.0,,Y
IDCJAC0009,16073,1973,03,26,0.0,,Y
IDCJAC0009,16073,1973,03,27,10.4,1,Y
IDCJAC0009,16073,1973,03,28,0.0,,Y
IDCJAC0009,16073,1973,03,29,0.0,,Y
IDCJAC0009,16073,1973,03,30,0.0,,Y
IDCJAC0009,16073,1973,03,31,0.0,,Y
IDCJAC0009,16073,1973,04,01,0.0,,Y
IDCJAC0009,16073,1973,04,02,0.0,,Y
IDCJAC0009,16073,1973,04,03,0.0,,Y
IDCJAC0009,16073,1973,04,04,0.0,,Y
IDCJAC0009,16073,1973,04,05,0.0,,Y
IDCJAC0009,16073,1973,04,06,0.0,,Y
IDCJAC0009,16073,1973,04,07,0.0,,Y
IDCJAC0009,16073,1973,04,08,0.0,,Y
IDCJAC0009,16073,1973,04,09,0.0,,Y
IDCJAC0009,16073,1973,04,10,0.0,,Y
IDCJAC0009,16073,1973,04,11,0.0,,Y
IDCJAC0009,16073,1973,04,12,0.0,,Y
IDCJAC0009,16073,1973,04,13,0.0,,Y
IDCJAC0009,16073,1973,04,14,0.0,,Y
IDCJAC0009,16073,1973,04,15,0.0,,Y
IDCJAC0009,16073,1973,04,16,0.0,,Y
IDCJAC0009,16073,1973,04,17,0.0,,Y
IDCJAC0009,16073,1973,04,18,0.0,,Y
IDCJAC0009,16073,1973,04,19,0.0,,Y
IDCJAC0009,16073,1973,04,20,0.0,,Y
IDCJAC0009,16073,1973,04,21,0.0,,Y
IDCJAC0009,16073,1973,04,22,0.0,,Y
IDCJAC0009,16073,1973,04,23,0.0,,Y
IDCJAC0009,16073,1973,04,24,0.0,,Y
IDCJAC0009,16073,1973,04,25,0.0,,Y
IDCJAC0009,16073,1973,04,26,0.0,,Y
IDCJAC0009,16073,1973,04,27,0.0,,Y
IDCJAC0009,16073,1973,04,28,0.0,,Y
IDCJAC0009,16073,1973,04,29,0.0,,Y
IDCJAC0009,16073,1973,04,30,0.0,,Y
IDCJAC0009,16073,1973,05,01,0.0,,Y
IDCJAC0009,16073,1973,05,02,0.0,,Y
IDCJAC0009,16073,1973,05,03,0.0,,Y
IDCJAC0009,16073,1973,05,04,0.0,,Y
IDCJAC0009,16073,1973,05,05,0.0,,Y
IDCJAC0009,16073,1973,05,06,0.0,,Y
IDCJAC0009,16073,1973,05,07,0.0,,Y
IDCJAC0009,16073,1973,05,08,0.0,,Y
IDCJAC0009,16073,1973,05,09,3.8,1,Y
IDCJAC0009,16073,1973,05,10,0.0,,Y
IDCJAC0009,16073,1973,05,11,0.0,,Y
IDCJAC0009,16073,1973,05,12,0.0,,Y
IDCJAC0009,16073,1973,05,13,0.0,,Y
IDCJAC0009,16073,1973,05,14,0.0,,Y
IDCJAC0009,16073,1973,05,15,0.0,,Y
IDCJAC0009,16073,1973,05,16,0.0,,Y
IDCJAC0009,16073,1973,05,17,0.0,,Y
IDCJAC0009,16073,1973,05,18,0.0,,Y
IDCJAC0009,16073,1973,05,19,0.0,,Y
IDCJAC0009,16073,1973,05,20,0.0,,Y
IDCJAC0009,16073,1973,05,21,0.0,,Y
IDCJAC0009,16073,1973,05,22,0.0,,Y
IDCJAC0009,16073,1973,05,23,0.0,,Y
IDCJAC0009,16073,1973,05,24,0.0,,Y
IDCJAC0009,16073,1973,05,25,0.0,,Y
IDCJAC0009,16073,1973,05,26,0.0,,Y
IDCJAC0009,16073,1973,05,27,0.0,,Y
IDCJAC0009,16073,1973,05,28,0.0,,Y
IDCJAC0009,16073,1973,05,29,0.0,,Y
IDCJAC0009,16073,1973,05,30,0.0,,Y
IDCJAC0009,16073,1973,05,31,0.0,,Y
IDCJAC0009,16073,1973,06,01,0.0,,Y
IDCJAC0009,16073,1973,06,02,0.0,,Y
IDCJAC0009,16073,1973,06,03,0.0,,Y
IDCJAC0009,16073,1973,06,04,0.0,,Y
IDCJAC0009,16073,1973,06,05,0.0,,Y
IDCJAC0009,16073,1973,06,06,0.0,,Y
IDCJAC0009,16073,1973,06,07,0.0,,Y
IDCJAC0009,16073,1973,06,08,32.3,1,Y
IDCJAC0009,16073,1973,06,09,0.0,,Y
IDCJAC0009,16073,1973,06,10,0.0,,Y
IDCJAC0009,16073,1973,06,11,0.0,,Y
IDCJAC0009,16073,1973,06,12,0.0,,Y
IDCJAC0009,16073,1973,06,13,6.4,1,Y
IDCJAC0009,16073,1973,06,14,4.6,1,Y
IDCJAC0009,16073,1973,06,15,1.5,1,Y
IDCJAC0009,16073,1973,06,16,0.0,,Y
IDCJAC0009,16073,1973,06,17,0.0,,Y
IDCJAC0009,16073,1973,06,18,0.0,,Y
IDCJAC0009,16073,1973,06,19,0.0,,Y
IDCJAC0009,16073,1973,06,20,0.0,,Y
IDCJAC0009,16073,1973,06,21,0.0,,Y
IDCJAC0009,16073,1973,06,22,9.7,1,Y
IDCJAC0009,16073,1973,06,23,8.1,1,Y
IDCJAC0009,16073,1973,06,24,0.0,,Y
IDCJAC0009,16073,1973,06,25,0.0,,Y
IDCJAC0009,16073,1973,06,26,0.0,,Y
IDCJAC0009,16073,1973,06,27,0.0,,Y
IDCJAC0009,16073,1973,06,28,0.0,,Y
IDCJAC0009,16073,1973,06,29,0.0,,Y
IDCJAC0009,16073,1973,06,30,0.0,,Y
IDCJAC0009,16073,1973,07,01,0.0,,Y
IDCJAC0009,16073,1973,07,02,0.0,,Y
IDCJAC0009,16073,1973,07,03,0.0,,Y
IDCJAC0009,16073,1973,07,04,0.0,,Y
IDCJAC0009,16073,1973,07,05,0.0,,Y
IDCJAC0009,16073,1973,07,06,0.0,,Y
IDCJAC0009,16073,1973,07,07,0.0,,Y
IDCJAC0009,16073,1973,07,08,0.0,,Y
IDCJAC0009,16073,1973,07,09,0.0,,Y
IDCJAC0009,16073,1973,07,10,0.0,,Y
IDCJAC0009,16073,1973,07,11,0.0,,Y
IDCJAC0009,16073,1973,07,12,0.0,,Y
IDCJAC0009,16073,1973,07,13,13.5,1,Y
IDCJAC0009,16073,1973,07,14,0.0,,Y
IDCJAC0009,16073,1973,07,15,0.0,,Y
IDCJAC0009,16073,1973,07,16,3.0,1,Y
IDCJAC0009,16073,1973,07,17,0.0,,Y
IDCJAC0009,16073,1973,07,18,0.0,,Y
IDCJAC0009,16073,1973,07,19,12.4,1,Y
IDCJAC0009,16073,1973,07,20,13.2,1,Y
IDCJAC0009,16073,1973,07,21,14.2,1,Y
IDCJAC0009,16073,1973,07,22,0.0,,Y
IDCJAC0009,16073,1973,07,23,0.0,,Y
IDCJAC0009,16073,1973,07,24,0.0,,Y
IDCJAC0009,16073,1973,07,25,0.0,,Y
IDCJAC0009,16073,1973,07,26,0.0,,Y
IDCJAC0009,16073,1973,07,27,0.0,,Y
IDCJAC0009,16073,1973,07,28,0.0,,Y
IDCJAC0009,16073,1973,07,29,0.0,,Y
IDCJAC0009,16073,1973,07,30,5.1,1,Y
IDCJAC0009,16073,1973,07,31,3.0,1,Y
IDCJAC0009,16073,1973,08,01,4.3,1,Y
IDCJAC0009,16073,1973,08,02,0.0,,Y
IDCJAC0009,16073,1973,08,03,0.0,,Y
IDCJAC0009,16073,1973,08,04,0.0,,Y
IDCJAC0009,16073,1973,08,05,0.0,,Y
IDCJAC0009,16073,1973,08,06,0.0,,Y
IDCJAC0009,16073,1973,08,07,0.0,,Y
IDCJAC0009,16073,1973,08,08,0.0,,Y
IDCJAC0009,16073,1973,08,09,0.0,,Y
IDCJAC0009,16073,1973,08,10,0.0,,Y
IDCJAC0009,16073,1973,08,11,0.0,,Y
IDCJAC0009,16073,1973,08,12,0.0,,Y
IDCJAC0009,16073,1973,08,13,0.0,,Y
IDCJAC0009,16073,1973,08,14,0.0,,Y
IDCJAC0009,16073,1973,08,15,7.6,1,Y
IDCJAC0009,16073,1973,08,16,0.0,,Y
IDCJAC0009,16073,1973,08,17,0.0,,Y
IDCJAC0009,16073,1973,08,18,0.0,,Y
IDCJAC0009,16073,1973,08,19,0.0,,Y
IDCJAC0009,16073,1973,08,20,0.0,,Y
IDCJAC0009,16073,1973,08,21,0.0,,Y
IDCJAC0009,16073,1973,08,22,0.0,,Y
IDCJAC0009,16073,1973,08,23,0.0,,Y
IDCJAC0009,16073,1973,08,24,0.0,,Y
IDCJAC0009,16073,1973,08,25,0.0,,Y
IDCJAC0009,16073,1973,08,26,22.6,1,Y
IDCJAC0009,16073,1973,08,27,0.0,,Y
IDCJAC0009,16073,1973,08,28,0.0,,Y
IDCJAC0009,16073,1973,08,29,0.0,,Y
IDCJAC0009,16073,1973,08,30,0.0,,Y
IDCJAC0009,16073,1973,08,31,0.0,,Y
IDCJAC0009,16073,1973,09,01,3.6,1,Y
IDCJAC0009,16073,1973,09,02,0.0,,Y
IDCJAC0009,16073,1973,09,03,0.0,,Y
IDCJAC0009,16073,1973,09,04,0.0,,Y
IDCJAC0009,16073,1973,09,05,0.0,,Y
IDCJAC0009,16073,1973,09,06,0.0,,Y
IDCJAC0009,16073,1973,09,07,0.0,,Y
IDCJAC0009,16073,1973,09,08,0.0,,Y
IDCJAC0009,16073,1973,09,09,0.0,,Y
IDCJAC0009,16073,1973,09,10,0.0,,Y
IDCJAC0009,16073,1973,09,11,0.0,,Y
IDCJAC0009,16073,1973,09,12,0.0,,Y
IDCJAC0009,16073,1973,09,13,0.0,,Y
IDCJAC0009,16073,1973,09,14,0.0,,Y
IDCJAC0009,16073,1973,09,15,0.0,,Y
IDCJAC0009,16073,1973,09,16,0.0,,Y
IDCJAC0009,16073,1973,09,17,0.0,,Y
IDCJAC0009,16073,1973,09,18,0.0,,Y
IDCJAC0009,16073,1973,09,19,0.0,,Y
IDCJAC0009,16073,1973,09,20,0.0,,Y
IDCJAC0009,16073,1973,09,21,0.0,,Y
IDCJAC0009,16073,1973,09,22,35.3,1,Y
IDCJAC0009,16073,1973,09,23,0.0,,Y
IDCJAC0009,16073,1973,09,24,0.0,,Y
IDCJAC0009,16073,1973,09,25,0.0,,Y
IDCJAC0009,16073,1973,09,26,0.0,,Y
IDCJAC0009,16073,1973,09,27,0.0,,Y
IDCJAC0009,16073,1973,09,28,0.0,,Y
IDCJAC0009,16073,1973,09,29,0.0,,Y
IDCJAC0009,16073,1973,09,30,0.0,,Y
IDCJAC0009,16073,1973,10,01,2.0,1,Y
IDCJAC0009,16073,1973,10,02,4.6,1,Y
IDCJAC0009,16073,1973,10,03,0.0,,Y
IDCJAC0009,16073,1973,10,04,0.0,,Y
IDCJAC0009,16073,1973,10,05,0.0,,Y
IDCJAC0009,16073,1973,10,06,0.0,,Y
IDCJAC0009,16073,1973,10,07,0.0,,Y
IDCJAC0009,16073,1973,10,08,0.0,,Y
IDCJAC0009,16073,1973,10,09,0.0,,Y
IDCJAC0009,16073,1973,10,10,0.0,,Y
IDCJAC0009,16073,1973,10,11,0.0,,Y
IDCJAC0009,16073,1973,10,12,0.0,,Y
IDCJAC0009,16073,1973,10,13,0.0,,Y
IDCJAC0009,16073,1973,10,14,0.0,,Y
IDCJAC0009,16073,1973,10,15,0.0,,Y
IDCJAC0009,16073,1973,10,16,0.0,,Y
IDCJAC0009,16073,1973,10,17,2.3,1,Y
IDCJAC0009,16073,1973,10,18,0.0,,Y
IDCJAC0009,16073,1973,10,19,0.0,,Y
IDCJAC0009,16073,1973,10,20,0.0,,Y
IDCJAC0009,16073,1973,10,21,0.0,,Y
IDCJAC0009,16073,1973,10,22,0.0,,Y
IDCJAC0009,16073,1973,10,23,0.0,,Y
IDCJAC0009,16073,1973,10,24,0.0,,Y
IDCJAC0009,16073,1973,10,25,0.0,,Y
IDCJAC0009,16073,1973,10,26,0.0,,Y
IDCJAC0009,16073,1973,10,27,0.0,,Y
IDCJAC0009,16073,1973,10,28,0.0,,Y
IDCJAC0009,16073,1973,10,29,0.0,,Y
IDCJAC0009,16073,1973,10,30,4.1,1,Y
IDCJAC0009,16073,1973,10,31,0.0,,Y
IDCJAC0009,16073,1973,11,01,0.0,,Y
IDCJAC0009,16073,1973,11,02,0.0,,Y
IDCJAC0009,16073,1973,11,03,0.0,,Y
IDCJAC0009,16073,1973,11,04,0.0,,Y
IDCJAC0009,16073,1973,11,05,0.0,,Y
IDCJAC0009,16073,1973,11,06,0.0,,Y
IDCJAC0009,16073,1973,11,07,0.0,,Y
IDCJAC0009,16073,1973,11,08,0.0,,Y
IDCJAC0009,16073,1973,11,09,0.0,,Y
IDCJAC0009,16073,1973,11,10,0.0,,Y
IDCJAC0009,16073,1973,11,11,0.0,,Y
IDCJAC0009,16073,1973,11,12,0.0,,Y
IDCJAC0009,16073,1973,11,13,0.0,,Y
IDCJAC0009,16073,1973,11,14,0.0,,Y
IDCJAC0009,16073,1973,11,15,0.0,,Y
IDCJAC0009,16073,1973,11,16,0.0,,Y
IDCJAC0009,16073,1973,11,17,0.0,,Y
IDCJAC0009,16073,1973,11,18,0.0,,Y
IDCJAC0009,16073,1973,11,19,0.0,,Y
IDCJAC0009,16073,1973,11,20,0.0,,Y
IDCJAC0009,16073,1973,11,21,0.0,,Y
IDCJAC0009,16073,1973,11,22,0.0,,Y
IDCJAC0009,16073,1973,11,23,0.0,,Y
IDCJAC0009,16073,1973,11,24,0.0,,Y
IDCJAC0009,16073,1973,11,25,0.0,,Y
IDCJAC0009,16073,1973,11,26,0.0,,Y
IDCJAC0009,16073,1973,11,27,0.0,,Y
IDCJAC0009,16073,1973,11,28,0.0,,Y
IDCJAC0009,16073,1973,11,29,0.0,,Y
IDCJAC0009,16073,1973,11,30,0.0,,Y
IDCJAC0009,16073,1973,12,01,0.0,,Y
IDCJAC0009,16073,1973,12,02,0.0,,Y
IDCJAC0009,16073,1973,12,03,0.0,,Y
IDCJAC0009,16073,1973,12,04,0.0,,Y
IDCJAC0009,16073,1973,12,05,0.0,,Y
IDCJAC0009,16073,1973,12,06,0.0,,Y
IDCJAC0009,16073,1973,12,07,0.0,,Y
IDCJAC0009,16073,1973,12,08,0.0,,Y
IDCJAC0009,16073,1973,12,09,0.0,,Y
IDCJAC0009,16073,1973,12,10,0.0,,Y
IDCJAC0009,16073,1973,12,11,0.0,,Y
IDCJAC0009,16073,1973,12,12,0.0,,Y
IDCJAC0009,16073,1973,12,13,0.0,,Y
IDCJAC0009,16073,1973,12,14,0.0,,Y
IDCJAC0009,16073,1973,12,15,0.0,,Y
IDCJAC0009,16073,1973,12,16,0.0,,Y
IDCJAC0009,16073,1973,12,17,0.0,,Y
IDCJAC0009,16073,1973,12,18,0.0,,Y
IDCJAC0009,16073,1973,12,19,0.0,,Y
IDCJAC0009,16073,1973,12,20,0.0,,Y
IDCJAC0009,16073,1973,12,21,0.0,,Y
IDCJAC0009,16073,1973,12,22,0.0,,Y
IDCJAC0009,16073,1973,12,23,0.0,,Y
IDCJAC0009,16073,1973,12,24,0.0,,Y
IDCJAC0009,16073,1973,12,25,0.0,,Y
IDCJAC0009,16073,1973,12,26,0.0,,Y
IDCJAC0009,16073,1973,12,27,0.0,,Y
IDCJAC0009,16073,1973,12,28,0.0,,Y
IDCJAC0009,16073,1973,12,29,0.0,,Y
IDCJAC0009,16073,1973,12,30,0.0,,Y
IDCJAC0009,16073,1973,12,31,0.0,,Y
IDCJAC0009,16073,1974,01,01,0.0,,Y
IDCJAC0009,16073,1974,01,02,0.0,,Y
IDCJAC0009,16073,1974,01,03,0.0,,Y
IDCJAC0009,16073,1974,01,04,0.0,,Y
IDCJAC0009,16073,1974,01,05,0.0,,Y
IDCJAC0009,16073,1974,01,06,0.0,,Y
IDCJAC0009,16073,1974,01,07,0.0,,Y
IDCJAC0009,16073,1974,01,08,0.0,,Y
IDCJAC0009,16073,1974,01,09,0.0,,Y
IDCJAC0009,16073,1974,01,10,0.0,,Y
IDCJAC0009,16073,1974,01,11,0.0,,Y
IDCJAC0009,16073,1974,01,12,0.0,,Y
IDCJAC0009,16073,1974,01,13,0.0,,Y
IDCJAC0009,16073,1974,01,14,0.0,,Y
IDCJAC0009,16073,1974,01,15,0.0,,Y
IDCJAC0009,16073,1974,01,16,0.0,,Y
IDCJAC0009,16073,1974,01,17,25.2,1,Y
IDCJAC0009,16073,1974,01,18,13.8,1,Y
IDCJAC0009,16073,1974,01,19,44.0,1,Y
IDCJAC0009,16073,1974,01,20,0.0,,Y
IDCJAC0009,16073,1974,01,21,0.0,,Y
IDCJAC0009,16073,1974,01,22,0.0,,Y
IDCJAC0009,16073,1974,01,23,0.0,,Y
IDCJAC0009,16073,1974,01,24,11.6,1,Y
IDCJAC0009,16073,1974,01,25,17.0,1,Y
IDCJAC0009,16073,1974,01,26,6.1,1,Y
IDCJAC0009,16073,1974,01,27,0.0,,Y
IDCJAC0009,16073,1974,01,28,0.0,,Y
IDCJAC0009,16073,1974,01,29,0.0,,Y
IDCJAC0009,16073,1974,01,30,0.0,,Y
IDCJAC0009,16073,1974,01,31,0.0,,Y
IDCJAC0009,16073,1974,02,01,0.0,,Y
IDCJAC0009,16073,1974,02,02,0.0,,Y
IDCJAC0009,16073,1974,02,03,0.0,,Y
IDCJAC0009,16073,1974,02,04,23.4,1,Y
IDCJAC0009,16073,1974,02,05,2.4,1,Y
IDCJAC0009,16073,1974,02,06,2.4,1,Y
IDCJAC0009,16073,1974,02,07,0.0,,Y
IDCJAC0009,16073,1974,02,08,0.0,,Y
IDCJAC0009,16073,1974,02,09,0.0,,Y
IDCJAC0009,16073,1974,02,10,0.0,,Y
IDCJAC0009,16073,1974,02,11,0.0,,Y
IDCJAC0009,16073,1974,02,12,0.0,,Y
IDCJAC0009,16073,1974,02,13,0.0,,Y
IDCJAC0009,16073,1974,02,14,0.0,,Y
IDCJAC0009,16073,1974,02,15,0.0,,Y
IDCJAC0009,16073,1974,02,16,0.0,,Y
IDCJAC0009,16073,1974,02,17,14.0,1,Y
IDCJAC0009,16073,1974,02,18,0.0,,Y
IDCJAC0009,16073,1974,02,19,25.0,1,Y
IDCJAC0009,16073,1974,02,20,0.0,,Y
IDCJAC0009,16073,1974,02,21,0.0,,Y
IDCJAC0009,16073,1974,02,22,18.4,1,Y
IDCJAC0009,16073,1974,02,23,34.6,1,Y
IDCJAC0009,16073,1974,02,24,8.6,1,Y
IDCJAC0009,16073,1974,02,25,0.0,,Y
IDCJAC0009,16073,1974,02,26,2.6,1,Y
IDCJAC0009,16073,1974,02,27,0.0,,Y
IDCJAC0009,16073,1974,02,28,2.6,1,Y
IDCJAC0009,16073,1974,03,01,0.0,,Y
IDCJAC0009,16073,1974,03,02,0.0,,Y
IDCJAC0009,16073,1974,03,03,0.0,,Y
IDCJAC0009,16073,1974,03,04,0.0,,Y
IDCJAC0009,16073,1974,03,05,0.0,,Y
IDCJAC0009,16073,1974,03,06,0.0,,Y
IDCJAC0009,16073,1974,03,07,0.0,,Y
IDCJAC0009,16073,1974,03,08,0.0,,Y
IDCJAC0009,16073,1974,03,09,0.0,,Y
IDCJAC0009,16073,1974,03,10,0.0,,Y
IDCJAC0009,16073,1974,03,11,0.0,,Y
IDCJAC0009,16073,1974,03,12,0.0,,Y
IDCJAC0009,16073,1974,03,13,0.0,,Y
IDCJAC0009,16073,1974,03,14,0.0,,Y
IDCJAC0009,16073,1974,03,15,0.0,,Y
IDCJAC0009,16073,1974,03,16,0.0,,Y
IDCJAC0009,16073,1974,03,17,0.0,,Y
IDCJAC0009,16073,1974,03,18,0.0,,Y
IDCJAC0009,16073,1974,03,19,0.0,,Y
IDCJAC0009,16073,1974,03,20,0.0,,Y
IDCJAC0009,16073,1974,03,21,0.0,,Y
IDCJAC0009,16073,1974,03,22,0.0,,Y
IDCJAC0009,16073,1974,03,23,0.0,,Y
IDCJAC0009,16073,1974,03,24,0.0,,Y
IDCJAC0009,16073,1974,03,25,0.0,,Y
IDCJAC0009,16073,1974,03,26,5.2,1,Y
IDCJAC0009,16073,1974,03,27,0.0,,Y
IDCJAC0009,16073,1974,03,28,0.0,,Y
IDCJAC0009,16073,1974,03,29,0.0,,Y
IDCJAC0009,16073,1974,03,30,0.0,,Y
IDCJAC0009,16073,1974,03,31,0.0,,Y
IDCJAC0009,16073,1974,04,01,0.0,,Y
IDCJAC0009,16073,1974,04,02,1.2,1,Y
IDCJAC0009,16073,1974,04,03,37.0,1,Y
IDCJAC0009,16073,1974,04,04,15.2,1,Y
IDCJAC0009,16073,1974,04,05,20.0,1,Y
IDCJAC0009,16073,1974,04,06,19.6,1,Y
IDCJAC0009,16073,1974,04,07,22.0,1,Y
IDCJAC0009,16073,1974,04,08,26.8,1,Y
IDCJAC0009,16073,1974,04,09,16.0,1,Y
IDCJAC0009,16073,1974,04,10,3.6,1,Y
IDCJAC0009,16073,1974,04,11,0.0,,Y
IDCJAC0009,16073,1974,04,12,0.0,,Y
IDCJAC0009,16073,1974,04,13,0.0,,Y
IDCJAC0009,16073,1974,04,14,0.0,,Y
IDCJAC0009,16073,1974,04,15,0.0,,Y
IDCJAC0009,16073,1974,04,16,0.0,,Y
IDCJAC0009,16073,1974,04,17,15.4,1,Y
IDCJAC0009,16073,1974,04,18,1.2,1,Y
IDCJAC0009,16073,1974,04,19,0.0,,Y
IDCJAC0009,16073,1974,04,20,0.0,,Y
IDCJAC0009,16073,1974,04,21,0.0,,Y
IDCJAC0009,16073,1974,04,22,0.0,,Y
IDCJAC0009,16073,1974,04,23,22.6,1,Y
IDCJAC0009,16073,1974,04,24,2.2,1,Y
IDCJAC0009,16073,1974,04,25,5.0,1,Y
IDCJAC0009,16073,1974,04,26,0.0,,Y
IDCJAC0009,16073,1974,04,27,0.0,,Y
IDCJAC0009,16073,1974,04,28,0.0,,Y
IDCJAC0009,16073,1974,04,29,0.0,,Y
IDCJAC0009,16073,1974,04,30,0.0,,Y
IDCJAC0009,16073,1974,05,01,0.0,,Y
IDCJAC0009,16073,1974,05,02,2.0,1,Y
IDCJAC0009,16073,1974,05,03,0.0,,Y
IDCJAC0009,16073,1974,05,04,0.0,,Y
IDCJAC0009,16073,1974,05,05,5.6,1,Y
IDCJAC0009,16073,1974,05,06,0.0,,Y
IDCJAC0009,16073,1974,05,07,0.0,,Y
IDCJAC0009,16073,1974,05,08,0.0,,Y
IDCJAC0009,16073,1974,05,09,0.0,,Y
IDCJAC0009,16073,1974,05,10,0.0,,Y
IDCJAC0009,16073,1974,05,11,0.8,1,Y
IDCJAC0009,16073,1974,05,12,0.0,,Y
IDCJAC0009,16073,1974,05,13,17.6,1,Y
IDCJAC0009,16073,1974,05,14,0.0,,Y
IDCJAC0009,16073,1974,05,15,0.0,,Y
IDCJAC0009,16073,1974,05,16,0.0,,Y
IDCJAC0009,16073,1974,05,17,0.0,,Y
IDCJAC0009,16073,1974,05,18,0.0,,Y
IDCJAC0009,16073,1974,05,19,0.0,,Y
IDCJAC0009,16073,1974,05,20,0.0,,Y
IDCJAC0009,16073,1974,05,21,0.0,,Y
IDCJAC0009,16073,1974,05,22,0.0,,Y
IDCJAC0009,16073,1974,05,23,0.0,,Y
IDCJAC0009,16073,1974,05,24,0.0,,Y
IDCJAC0009,16073,1974,05,25,0.0,,Y
IDCJAC0009,16073,1974,05,26,0.0,,Y
IDCJAC0009,16073,1974,05,27,0.0,,Y
IDCJAC0009,16073,1974,05,28,0.0,,Y
IDCJAC0009,16073,1974,05,29,0.0,,Y
IDCJAC0009,16073,1974,05,30,0.0,,Y
IDCJAC0009,16073,1974,05,31,0.0,,Y
IDCJAC0009,16073,1974,06,01,0.0,,Y
IDCJAC0009,16073,1974,06,02,0.0,,Y
IDCJAC0009,16073,1974,06,03,0.0,,Y
IDCJAC0009,16073,1974,06,04,0.0,,Y
IDCJAC0009,16073,1974,06,05,0.0,,Y
IDCJAC0009,16073,1974,06,06,0.0,,Y
IDCJAC0009,16073,1974,06,07,0.0,,Y
IDCJAC0009,16073,1974,06,08,0.0,,Y
IDCJAC0009,16073,1974,06,09,0.0,,Y
IDCJAC0009,16073,1974,06,10,0.0,,Y
IDCJAC0009,16073,1974,06,11,0.0,,Y
IDCJAC0009,16073,1974,06,12,0.0,,Y
IDCJAC0009,16073,1974,06,13,0.0,,Y
IDCJAC0009,16073,1974,06,14,0.0,,Y
IDCJAC0009,16073,1974,06,15,0.0,,Y
IDCJAC0009,16073,1974,06,16,0.0,,Y
IDCJAC0009,16073,1974,06,17,0.0,,Y
IDCJAC0009,16073,1974,06,18,0.0,,Y
IDCJAC0009,16073,1974,06,19,0.0,,Y
IDCJAC0009,16073,1974,06,20,0.0,,Y
IDCJAC0009,16073,1974,06,21,0.0,,Y
IDCJAC0009,16073,1974,06,22,0.0,,Y
IDCJAC0009,16073,1974,06,23,0.0,,Y
IDCJAC0009,16073,1974,06,24,0.0,,Y
IDCJAC0009,16073,1974,06,25,0.0,,Y
IDCJAC0009,16073,1974,06,26,0.0,,Y
IDCJAC0009,16073,1974,06,27,0.0,,Y
IDCJAC0009,16073,1974,06,28,0.0,,Y
IDCJAC0009,16073,1974,06,29,0.0,,Y
IDCJAC0009,16073,1974,06,30,0.0,,Y
IDCJAC0009,16073,1974,07,01,0.0,,Y
IDCJAC0009,16073,1974,07,02,0.0,,Y
IDCJAC0009,16073,1974,07,03,0.0,,Y
IDCJAC0009,16073,1974,07,04,0.0,,Y
IDCJAC0009,16073,1974,07,05,0.4,1,Y
IDCJAC0009,16073,1974,07,06,0.6,1,Y
IDCJAC0009,16073,1974,07,07,0.0,,Y
IDCJAC0009,16073,1974,07,08,0.0,,Y
IDCJAC0009,16073,1974,07,09,0.0,,Y
IDCJAC0009,16073,1974,07,10,0.0,,Y
IDCJAC0009,16073,1974,07,11,0.0,,Y
IDCJAC0009,16073,1974,07,12,0.0,,Y
IDCJAC0009,16073,1974,07,13,0.0,,Y
IDCJAC0009,16073,1974,07,14,0.0,,Y
IDCJAC0009,16073,1974,07,15,0.0,,Y
IDCJAC0009,16073,1974,07,16,0.0,,Y
IDCJAC0009,16073,1974,07,17,0.0,,Y
IDCJAC0009,16073,1974,07,18,0.0,,Y
IDCJAC0009,16073,1974,07,19,0.0,,Y
IDCJAC0009,16073,1974,07,20,0.0,,Y
IDCJAC0009,16073,1974,07,21,0.0,,Y
IDCJAC0009,16073,1974,07,22,0.0,,Y
IDCJAC0009,16073,1974,07,23,0.0,,Y
IDCJAC0009,16073,1974,07,24,0.0,,Y
IDCJAC0009,16073,1974,07,25,0.0,,Y
IDCJAC0009,16073,1974,07,26,0.0,,Y
IDCJAC0009,16073,1974,07,27,0.0,,Y
IDCJAC0009,16073,1974,07,28,0.0,,Y
IDCJAC0009,16073,1974,07,29,9.4,1,Y
IDCJAC0009,16073,1974,07,30,0.0,,Y
IDCJAC0009,16073,1974,07,31,0.0,,Y
IDCJAC0009,16073,1974,08,01,0.0,,Y
IDCJAC0009,16073,1974,08,02,0.0,,Y
IDCJAC0009,16073,1974,08,03,0.0,,Y
IDCJAC0009,16073,1974,08,04,0.0,,Y
IDCJAC0009,16073,1974,08,05,0.0,,Y
IDCJAC0009,16073,1974,08,06,0.0,,Y
IDCJAC0009,16073,1974,08,07,3.0,1,Y
IDCJAC0009,16073,1974,08,08,0.0,,Y
IDCJAC0009,16073,1974,08,09,0.0,,Y
IDCJAC0009,16073,1974,08,10,0.0,,Y
IDCJAC0009,16073,1974,08,11,0.0,,Y
IDCJAC0009,16073,1974,08,12,0.0,,Y
IDCJAC0009,16073,1974,08,13,0.0,,Y
IDCJAC0009,16073,1974,08,14,0.0,,Y
IDCJAC0009,16073,1974,08,15,0.0,,Y
IDCJAC0009,16073,1974,08,16,0.0,,Y
IDCJAC0009,16073,1974,08,17,0.0,,Y
IDCJAC0009,16073,1974,08,18,0.0,,Y
IDCJAC0009,16073,1974,08,19,0.0,,Y
IDCJAC0009,16073,1974,08,20,0.0,,Y
IDCJAC0009,16073,1974,08,21,0.0,,Y
IDCJAC0009,16073,1974,08,22,0.0,,Y
IDCJAC0009,16073,1974,08,23,0.0,,Y
IDCJAC0009,16073,1974,08,24,0.0,,Y
IDCJAC0009,16073,1974,08,25,0.0,,Y
IDCJAC0009,16073,1974,08,26,0.0,,Y
IDCJAC0009,16073,1974,08,27,0.0,,Y
IDCJAC0009,16073,1974,08,28,0.0,,Y
IDCJAC0009,16073,1974,08,29,0.0,,Y
IDCJAC0009,16073,1974,08,30,0.0,,Y
IDCJAC0009,16073,1974,08,31,0.0,,Y
IDCJAC0009,16073,1974,09,01,0.0,,Y
IDCJAC0009,16073,1974,09,02,0.0,,Y
IDCJAC0009,16073,1974,09,03,0.0,,Y
IDCJAC0009,16073,1974,09,04,4.0,1,Y
IDCJAC0009,16073,1974,09,05,6.5,1,Y
IDCJAC0009,16073,1974,09,06,1.4,1,Y
IDCJAC0009,16073,1974,09,07,0.0,,Y
IDCJAC0009,16073,1974,09,08,0.0,,Y
IDCJAC0009,16073,1974,09,09,0.0,,Y
IDCJAC0009,16073,1974,09,10,0.0,,Y
IDCJAC0009,16073,1974,09,11,0.0,,Y
IDCJAC0009,16073,1974,09,12,0.0,,Y
IDCJAC0009,16073,1974,09,13,0.0,,Y
IDCJAC0009,16073,1974,09,14,0.0,,Y
IDCJAC0009,16073,1974,09,15,0.0,,Y
IDCJAC0009,16073,1974,09,16,0.0,,Y
IDCJAC0009,16073,1974,09,17,0.0,,Y
IDCJAC0009,16073,1974,09,18,0.0,,Y
IDCJAC0009,16073,1974,09,19,8.0,1,Y
IDCJAC0009,16073,1974,09,20,0.0,,Y
IDCJAC0009,16073,1974,09,21,0.0,,Y
IDCJAC0009,16073,1974,09,22,0.0,,Y
IDCJAC0009,16073,1974,09,23,0.0,,Y
IDCJAC0009,16073,1974,09,24,0.0,,Y
IDCJAC0009,16073,1974,09,25,1.8,1,Y
IDCJAC0009,16073,1974,09,26,0.0,,Y
IDCJAC0009,16073,1974,09,27,0.0,,Y
IDCJAC0009,16073,1974,09,28,0.0,,Y
IDCJAC0009,16073,1974,09,29,1.0,1,Y
IDCJAC0009,16073,1974,09,30,0.0,,Y
IDCJAC0009,16073,1974,10,01,14.8,1,Y
IDCJAC0009,16073,1974,10,02,12.1,1,Y
IDCJAC0009,16073,1974,10,03,1.3,1,Y
IDCJAC0009,16073,1974,10,04,0.0,,Y
IDCJAC0009,16073,1974,10,05,0.0,,Y
IDCJAC0009,16073,1974,10,06,0.0,,Y
IDCJAC0009,16073,1974,10,07,0.0,,Y
IDCJAC0009,16073,1974,10,08,0.0,,Y
IDCJAC0009,16073,1974,10,09,0.0,,Y
IDCJAC0009,16073,1974,10,10,0.0,,Y
IDCJAC0009,16073,1974,10,11,0.0,,Y
IDCJAC0009,16073,1974,10,12,0.0,,Y
IDCJAC0009,16073,1974,10,13,0.0,,Y
IDCJAC0009,16073,1974,10,14,0.0,,Y
IDCJAC0009,16073,1974,10,15,32.4,1,Y
IDCJAC0009,16073,1974,10,16,29.2,1,Y
IDCJAC0009,16073,1974,10,17,0.0,,Y
IDCJAC0009,16073,1974,10,18,0.0,,Y
IDCJAC0009,16073,1974,10,19,0.0,,Y
IDCJAC0009,16073,1974,10,20,0.0,,Y
IDCJAC0009,16073,1974,10,21,0.0,,Y
IDCJAC0009,16073,1974,10,22,0.0,,Y
IDCJAC0009,16073,1974,10,23,1.6,1,Y
IDCJAC0009,16073,1974,10,24,0.0,,Y
IDCJAC0009,16073,1974,10,25,0.0,,Y
IDCJAC0009,16073,1974,10,26,0.0,,Y
IDCJAC0009,16073,1974,10,27,0.0,,Y
IDCJAC0009,16073,1974,10,28,0.0,,Y
IDCJAC0009,16073,1974,10,29,0.0,,Y
IDCJAC0009,16073,1974,10,30,0.0,,Y
IDCJAC0009,16073,1974,10,31,0.0,,Y
IDCJAC0009,16073,1974,11,01,0.0,,Y
IDCJAC0009,16073,1974,11,02,0.0,,Y
IDCJAC0009,16073,1974,11,03,0.0,,Y
IDCJAC0009,16073,1974,11,04,0.0,,Y
IDCJAC0009,16073,1974,11,05,6.6,1,Y
IDCJAC0009,16073,1974,11,06,1.8,1,Y
IDCJAC0009,16073,1974,11,07,0.0,,Y
IDCJAC0009,16073,1974,11,08,0.0,,Y
IDCJAC0009,16073,1974,11,09,0.0,,Y
IDCJAC0009,16073,1974,11,10,0.2,1,Y
IDCJAC0009,16073,1974,11,11,4.2,1,Y
IDCJAC0009,16073,1974,11,12,0.0,,Y
IDCJAC0009,16073,1974,11,13,0.0,,Y
IDCJAC0009,16073,1974,11,14,0.0,,Y
IDCJAC0009,16073,1974,11,15,0.0,,Y
IDCJAC0009,16073,1974,11,16,0.0,,Y
IDCJAC0009,16073,1974,11,17,0.0,,Y
IDCJAC0009,16073,1974,11,18,0.0,,Y
IDCJAC0009,16073,1974,11,19,12.2,1,Y
IDCJAC0009,16073,1974,11,20,26.4,1,Y
IDCJAC0009,16073,1974,11,21,0.0,,Y
IDCJAC0009,16073,1974,11,22,0.0,,Y
IDCJAC0009,16073,1974,11,23,0.0,,Y
IDCJAC0009,16073,1974,11,24,5.4,1,Y
IDCJAC0009,16073,1974,11,25,2.4,1,Y
IDCJAC0009,16073,1974,11,26,0.0,,Y
IDCJAC0009,16073,1974,11,27,0.0,,Y
IDCJAC0009,16073,1974,11,28,0.0,,Y
IDCJAC0009,16073,1974,11,29,0.0,,Y
IDCJAC0009,16073,1974,11,30,0.0,,Y
IDCJAC0009,16073,1974,12,01,0.0,,Y
IDCJAC0009,16073,1974,12,02,0.0,,Y
IDCJAC0009,16073,1974,12,03,0.0,,Y
IDCJAC0009,16073,1974,12,04,0.0,,Y
IDCJAC0009,16073,1974,12,05,0.0,,Y
IDCJAC0009,16073,1974,12,06,0.0,,Y
IDCJAC0009,16073,1974,12,07,0.0,,Y
IDCJAC0009,16073,1974,12,08,0.0,,Y
IDCJAC0009,16073,1974,12,09,0.0,,Y
IDCJAC0009,16073,1974,12,10,0.0,,Y
IDCJAC0009,16073,1974,12,11,0.0,,Y
IDCJAC0009,16073,1974,12,12,0.0,,Y
IDCJAC0009,16073,1974,12,13,0.0,,Y
IDCJAC0009,16073,1974,12,14,0.0,,Y
IDCJAC0009,16073,1974,12,15,0.0,,Y
IDCJAC0009,16073,1974,12,16,8.8,1,Y
IDCJAC0009,16073,1974,12,17,0.0,,Y
IDCJAC0009,16073,1974,12,18,0.0,,Y
IDCJAC0009,16073,1974,12,19,0.0,,Y
IDCJAC0009,16073,1974,12,20,0.0,,Y
IDCJAC0009,16073,1974,12,21,0.0,,Y
IDCJAC0009,16073,1974,12,22,0.0,,Y
IDCJAC0009,16073,1974,12,23,0.0,,Y
IDCJAC0009,16073,1974,12,24,2.5,1,Y
IDCJAC0009,16073,1974,12,25,0.0,,Y
IDCJAC0009,16073,1974,12,26,0.6,1,Y
IDCJAC0009,16073,1974,12,27,0.0,,Y
IDCJAC0009,16073,1974,12,28,0.0,,Y
IDCJAC0009,16073,1974,12,29,0.0,,Y
IDCJAC0009,16073,1974,12,30,0.0,,Y
IDCJAC0009,16073,1974,12,31,0.0,,Y
IDCJAC0009,16073,1975,01,01,0.0,,Y
IDCJAC0009,16073,1975,01,02,0.0,,Y
IDCJAC0009,16073,1975,01,03,0.0,,Y
IDCJAC0009,16073,1975,01,04,0.0,,Y
IDCJAC0009,16073,1975,01,05,0.0,,Y
IDCJAC0009,16073,1975,01,06,6.0,1,Y
IDCJAC0009,16073,1975,01,07,2.8,1,Y
IDCJAC0009,16073,1975,01,08,3.2,1,Y
IDCJAC0009,16073,1975,01,09,1.8,1,Y
IDCJAC0009,16073,1975,01,10,0.0,,Y
IDCJAC0009,16073,1975,01,11,0.0,,Y
IDCJAC0009,16073,1975,01,12,0.0,,Y
IDCJAC0009,16073,1975,01,13,0.0,,Y
IDCJAC0009,16073,1975,01,14,0.0,,Y
IDCJAC0009,16073,1975,01,15,0.0,,Y
IDCJAC0009,16073,1975,01,16,0.0,,Y
IDCJAC0009,16073,1975,01,17,0.0,,Y
IDCJAC0009,16073,1975,01,18,0.0,,Y
IDCJAC0009,16073,1975,01,19,0.0,,Y
IDCJAC0009,16073,1975,01,20,0.0,,Y
IDCJAC0009,16073,1975,01,21,0.0,,Y
IDCJAC0009,16073,1975,01,22,0.0,,Y
IDCJAC0009,16073,1975,01,23,0.0,,Y
IDCJAC0009,16073,1975,01,24,0.0,,Y
IDCJAC0009,16073,1975,01,25,0.0,,Y
IDCJAC0009,16073,1975,01,26,0.0,,Y
IDCJAC0009,16073,1975,01,27,0.0,,Y
IDCJAC0009,16073,1975,01,28,0.0,,Y
IDCJAC0009,16073,1975,01,29,0.0,,Y
IDCJAC0009,16073,1975,01,30,0.0,,Y
IDCJAC0009,16073,1975,01,31,0.0,,Y
IDCJAC0009,16073,1975,02,01,0.0,,Y
IDCJAC0009,16073,1975,02,02,0.0,,Y
IDCJAC0009,16073,1975,02,03,0.0,,Y
IDCJAC0009,16073,1975,02,04,0.0,,Y
IDCJAC0009,16073,1975,02,05,0.0,,Y
IDCJAC0009,16073,1975,02,06,0.0,,Y
IDCJAC0009,16073,1975,02,07,0.0,,Y
IDCJAC0009,16073,1975,02,08,0.0,,Y
IDCJAC0009,16073,1975,02,09,0.0,,Y
IDCJAC0009,16073,1975,02,10,0.0,,Y
IDCJAC0009,16073,1975,02,11,18.2,1,Y
IDCJAC0009,16073,1975,02,12,0.0,,Y
IDCJAC0009,16073,1975,02,13,0.0,,Y
IDCJAC0009,16073,1975,02,14,0.0,,Y
IDCJAC0009,16073,1975,02,15,0.0,,Y
IDCJAC0009,16073,1975,02,16,0.0,,Y
IDCJAC0009,16073,1975,02,17,0.0,,Y
IDCJAC0009,16073,1975,02,18,0.0,,Y
IDCJAC0009,16073,1975,02,19,0.0,,Y
IDCJAC0009,16073,1975,02,20,0.0,,Y
IDCJAC0009,16073,1975,02,21,0.0,,Y
IDCJAC0009,16073,1975,02,22,10.2,1,Y
IDCJAC0009,16073,1975,02,23,0.6,1,Y
IDCJAC0009,16073,1975,02,24,0.0,,Y
IDCJAC0009,16073,1975,02,25,0.0,,Y
IDCJAC0009,16073,1975,02,26,0.0,,Y
IDCJAC0009,16073,1975,02,27,0.0,,Y
IDCJAC0009,16073,1975,02,28,0.0,,Y
IDCJAC0009,16073,1975,03,01,0.0,,Y
IDCJAC0009,16073,1975,03,02,0.0,,Y
IDCJAC0009,16073,1975,03,03,0.0,,Y
IDCJAC0009,16073,1975,03,04,0.0,,Y
IDCJAC0009,16073,1975,03,05,0.0,,Y
IDCJAC0009,16073,1975,03,06,0.0,,Y
IDCJAC0009,16073,1975,03,07,0.0,,Y
IDCJAC0009,16073,1975,03,08,0.0,,Y
IDCJAC0009,16073,1975,03,09,0.0,,Y
IDCJAC0009,16073,1975,03,10,0.0,,Y
IDCJAC0009,16073,1975,03,11,0.0,,Y
IDCJAC0009,16073,1975,03,12,0.0,,Y
IDCJAC0009,16073,1975,03,13,0.0,,Y
IDCJAC0009,16073,1975,03,14,0.0,,Y
IDCJAC0009,16073,1975,03,15,0.0,,Y
IDCJAC0009,16073,1975,03,16,0.0,,Y
IDCJAC0009,16073,1975,03,17,0.0,,Y
IDCJAC0009,16073,1975,03,18,0.0,,Y
IDCJAC0009,16073,1975,03,19,0.0,,Y
IDCJAC0009,16073,1975,03,20,0.0,,Y
IDCJAC0009,16073,1975,03,21,0.0,,Y
IDCJAC0009,16073,1975,03,22,0.0,,Y
IDCJAC0009,16073,1975,03,23,0.0,,Y
IDCJAC0009,16073,1975,03,24,0.0,,Y
IDCJAC0009,16073,1975,03,25,0.0,,Y
IDCJAC0009,16073,1975,03,26,0.0,,Y
IDCJAC0009,16073,1975,03,27,0.0,,Y
IDCJAC0009,16073,1975,03,28,0.6,1,Y
IDCJAC0009,16073,1975,03,29,9.6,1,Y
IDCJAC0009,16073,1975,03,30,0.0,,Y
IDCJAC0009,16073,1975,03,31,0.0,,Y
IDCJAC0009,16073,1975,04,01,0.0,,Y
IDCJAC0009,16073,1975,04,02,0.0,,Y
IDCJAC0009,16073,1975,04,03,0.0,,Y
IDCJAC0009,16073,1975,04,04,20.6,1,Y
IDCJAC0009,16073,1975,04,05,0.0,,Y
IDCJAC0009,16073,1975,04,06,0.0,,Y
IDCJAC0009,16073,1975,04,07,0.0,,Y
IDCJAC0009,16073,1975,04,08,0.0,,Y
IDCJAC0009,16073,1975,04,09,0.0,,Y
IDCJAC0009,16073,1975,04,10,0.0,,Y
IDCJAC0009,16073,1975,04,11,0.0,,Y
IDCJAC0009,16073,1975,04,12,0.0,,Y
IDCJAC0009,16073,1975,04,13,0.0,,Y
IDCJAC0009,16073,1975,04,14,0.0,,Y
IDCJAC0009,16073,1975,04,15,0.0,,Y
IDCJAC0009,16073,1975,04,16,0.0,,Y
IDCJAC0009,16073,1975,04,17,0.0,,Y
IDCJAC0009,16073,1975,04,18,0.0,,Y
IDCJAC0009,16073,1975,04,19,0.0,,Y
IDCJAC0009,16073,1975,04,20,0.0,,Y
IDCJAC0009,16073,1975,04,21,0.0,,Y
IDCJAC0009,16073,1975,04,22,0.0,,Y
IDCJAC0009,16073,1975,04,23,0.0,,Y
IDCJAC0009,16073,1975,04,24,0.0,,Y
IDCJAC0009,16073,1975,04,25,0.0,,Y
IDCJAC0009,16073,1975,04,26,0.0,,Y
IDCJAC0009,16073,1975,04,27,0.0,,Y
IDCJAC0009,16073,1975,04,28,0.0,,Y
IDCJAC0009,16073,1975,04,29,0.0,,Y
IDCJAC0009,16073,1975,04,30,0.0,,Y
IDCJAC0009,16073,1975,05,01,0.0,,Y
IDCJAC0009,16073,1975,05,02,0.0,,Y
IDCJAC0009,16073,1975,05,03,0.0,,Y
IDCJAC0009,16073,1975,05,04,0.0,,Y
IDCJAC0009,16073,1975,05,05,0.0,,Y
IDCJAC0009,16073,1975,05,06,3.0,1,Y
IDCJAC0009,16073,1975,05,07,0.0,,Y
IDCJAC0009,16073,1975,05,08,0.0,,Y
IDCJAC0009,16073,1975,05,09,0.0,,Y
IDCJAC0009,16073,1975,05,10,0.0,,Y
IDCJAC0009,16073,1975,05,11,0.0,,Y
IDCJAC0009,16073,1975,05,12,0.0,,Y
IDCJAC0009,16073,1975,05,13,0.0,,Y
IDCJAC0009,16073,1975,05,14,0.0,,Y
IDCJAC0009,16073,1975,05,15,0.0,,Y
IDCJAC0009,16073,1975,05,16,0.0,,Y
IDCJAC0009,16073,1975,05,17,0.0,,Y
IDCJAC0009,16073,1975,05,18,0.0,,Y
IDCJAC0009,16073,1975,05,19,0.0,,Y
IDCJAC0009,16073,1975,05,20,0.0,,Y
IDCJAC0009,16073,1975,05,21,0.0,,Y
IDCJAC0009,16073,1975,05,22,0.0,,Y
IDCJAC0009,16073,1975,05,23,0.0,,Y
IDCJAC0009,16073,1975,05,24,0.0,,Y
IDCJAC0009,16073,1975,05,25,0.0,,Y
IDCJAC0009,16073,1975,05,26,0.0,,Y
IDCJAC0009,16073,1975,05,27,0.0,,Y
IDCJAC0009,16073,1975,05,28,0.0,,Y
IDCJAC0009,16073,1975,05,29,0.0,,Y
IDCJAC0009,16073,1975,05,30,0.0,,Y
IDCJAC0009,16073,1975,05,31,0.0,,Y
IDCJAC0009,16073,1975,06,01,0.0,,Y
IDCJAC0009,16073,1975,06,02,0.0,,Y
IDCJAC0009,16073,1975,06,03,0.0,,Y
IDCJAC0009,16073,1975,06,04,0.0,,Y
IDCJAC0009,16073,1975,06,05,0.0,,Y
IDCJAC0009,16073,1975,06,06,0.0,,Y
IDCJAC0009,16073,1975,06,07,0.0,,Y
IDCJAC0009,16073,1975,06,08,0.0,,Y
IDCJAC0009,16073,1975,06,09,0.0,,Y
IDCJAC0009,16073,1975,06,10,0.0,,Y
IDCJAC0009,16073,1975,06,11,0.0,,Y
IDCJAC0009,16073,1975,06,12,0.0,,Y
IDCJAC0009,16073,1975,06,13,0.0,,Y
IDCJAC0009,16073,1975,06,14,0.0,,Y
IDCJAC0009,16073,1975,06,15,0.0,,Y
IDCJAC0009,16073,1975,06,16,0.0,,Y
IDCJAC0009,16073,1975,06,17,0.0,,Y
IDCJAC0009,16073,1975,06,18,0.0,,Y
IDCJAC0009,16073,1975,06,19,0.0,,Y
IDCJAC0009,16073,1975,06,20,0.0,,Y
IDCJAC0009,16073,1975,06,21,1.8,1,Y
IDCJAC0009,16073,1975,06,22,0.0,,Y
IDCJAC0009,16073,1975,06,23,0.2,1,Y
IDCJAC0009,16073,1975,06,24,0.0,,Y
IDCJAC0009,16073,1975,06,25,0.0,,Y
IDCJAC0009,16073,1975,06,26,0.0,,Y
IDCJAC0009,16073,1975,06,27,0.0,,Y
IDCJAC0009,16073,1975,06,28,0.0,,Y
IDCJAC0009,16073,1975,06,29,0.0,,Y
IDCJAC0009,16073,1975,06,30,0.0,,Y
IDCJAC0009,16073,1975,07,01,2.6,1,Y
IDCJAC0009,16073,1975,07,02,3.2,1,Y
IDCJAC0009,16073,1975,07,03,0.0,,Y
IDCJAC0009,16073,1975,07,04,0.0,,Y
IDCJAC0009,16073,1975,07,05,0.0,,Y
IDCJAC0009,16073,1975,07,06,0.0,,Y
IDCJAC0009,16073,1975,07,07,0.0,,Y
IDCJAC0009,16073,1975,07,08,0.0,,Y
IDCJAC0009,16073,1975,07,09,0.0,,Y
IDCJAC0009,16073,1975,07,10,0.0,,Y
IDCJAC0009,16073,1975,07,11,0.0,,Y
IDCJAC0009,16073,1975,07,12,0.0,,Y
IDCJAC0009,16073,1975,07,13,3.8,1,Y
IDCJAC0009,16073,1975,07,14,0.0,,Y
IDCJAC0009,16073,1975,07,15,0.0,,Y
IDCJAC0009,16073,1975,07,16,0.0,,Y
IDCJAC0009,16073,1975,07,17,0.0,,Y
IDCJAC0009,16073,1975,07,18,0.0,,Y
IDCJAC0009,16073,1975,07,19,0.0,,Y
IDCJAC0009,16073,1975,07,20,0.0,,Y
IDCJAC0009,16073,1975,07,21,0.0,,Y
IDCJAC0009,16073,1975,07,22,0.0,,Y
IDCJAC0009,16073,1975,07,23,0.0,,Y
IDCJAC0009,16073,1975,07,24,0.0,,Y
IDCJAC0009,16073,1975,07,25,0.0,,Y
IDCJAC0009,16073,1975,07,26,0.0,,Y
IDCJAC0009,16073,1975,07,27,0.0,,Y
IDCJAC0009,16073,1975,07,28,0.0,,Y
IDCJAC0009,16073,1975,07,29,0.0,,Y
IDCJAC0009,16073,1975,07,30,3.0,1,Y
IDCJAC0009,16073,1975,07,31,2.8,1,Y
IDCJAC0009,16073,1975,08,01,16.8,1,Y
IDCJAC0009,16073,1975,08,02,7.2,1,Y
IDCJAC0009,16073,1975,08,03,0.0,,Y
IDCJAC0009,16073,1975,08,04,0.0,,Y
IDCJAC0009,16073,1975,08,05,0.0,,Y
IDCJAC0009,16073,1975,08,06,0.0,,Y
IDCJAC0009,16073,1975,08,07,0.0,,Y
IDCJAC0009,16073,1975,08,08,0.0,,Y
IDCJAC0009,16073,1975,08,09,0.0,,Y
IDCJAC0009,16073,1975,08,10,0.0,,Y
IDCJAC0009,16073,1975,08,11,0.0,,Y
IDCJAC0009,16073,1975,08,12,0.0,,Y
IDCJAC0009,16073,1975,08,13,0.0,,Y
IDCJAC0009,16073,1975,08,14,0.0,,Y
IDCJAC0009,16073,1975,08,15,0.0,,Y
IDCJAC0009,16073,1975,08,16,0.0,,Y
IDCJAC0009,16073,1975,08,17,0.0,,Y
IDCJAC0009,16073,1975,08,18,0.0,,Y
IDCJAC0009,16073,1975,08,19,0.0,,Y
IDCJAC0009,16073,1975,08,20,0.0,,Y
IDCJAC0009,16073,1975,08,21,0.0,,Y
IDCJAC0009,16073,1975,08,22,0.0,,Y
IDCJAC0009,16073,1975,08,23,0.0,,Y
IDCJAC0009,16073,1975,08,24,0.0,,Y
IDCJAC0009,16073,1975,08,25,0.0,,Y
IDCJAC0009,16073,1975,08,26,0.0,,Y
IDCJAC0009,16073,1975,08,27,8.6,1,Y
IDCJAC0009,16073,1975,08,28,0.0,,Y
IDCJAC0009,16073,1975,08,29,0.0,,Y
IDCJAC0009,16073,1975,08,30,7.2,1,Y
IDCJAC0009,16073,1975,08,31,3.0,1,Y
IDCJAC0009,16073,1975,09,01,0.4,1,Y
IDCJAC0009,16073,1975,09,02,0.0,,Y
IDCJAC0009,16073,1975,09,03,0.0,,Y
IDCJAC0009,16073,1975,09,04,0.0,,Y
IDCJAC0009,16073,1975,09,05,0.0,,Y
IDCJAC0009,16073,1975,09,06,0.0,,Y
IDCJAC0009,16073,1975,09,07,0.0,,Y
IDCJAC0009,16073,1975,09,08,0.0,,Y
IDCJAC0009,16073,1975,09,09,0.0,,Y
IDCJAC0009,16073,1975,09,10,0.0,,Y
IDCJAC0009,16073,1975,09,11,0.0,,Y
IDCJAC0009,16073,1975,09,12,3.2,1,Y
IDCJAC0009,16073,1975,09,13,27.4,1,Y
IDCJAC0009,16073,1975,09,14,6.0,1,Y
IDCJAC0009,16073,1975,09,15,0.0,,Y
IDCJAC0009,16073,1975,09,16,0.0,,Y
IDCJAC0009,16073,1975,09,17,0.0,,Y
IDCJAC0009,16073,1975,09,18,0.0,,Y
IDCJAC0009,16073,1975,09,19,0.0,,Y
IDCJAC0009,16073,1975,09,20,0.0,,Y
IDCJAC0009,16073,1975,09,21,2.6,1,Y
IDCJAC0009,16073,1975,09,22,0.0,,Y
IDCJAC0009,16073,1975,09,23,0.0,,Y
IDCJAC0009,16073,1975,09,24,0.0,,Y
IDCJAC0009,16073,1975,09,25,0.0,,Y
IDCJAC0009,16073,1975,09,26,2.6,1,Y
IDCJAC0009,16073,1975,09,27,0.0,,Y
IDCJAC0009,16073,1975,09,28,9.6,1,Y
IDCJAC0009,16073,1975,09,29,3.8,1,Y
IDCJAC0009,16073,1975,09,30,0.0,,Y
IDCJAC0009,16073,1975,10,01,0.0,,Y
IDCJAC0009,16073,1975,10,02,0.0,,Y
IDCJAC0009,16073,1975,10,03,0.0,,Y
IDCJAC0009,16073,1975,10,04,2.4,1,Y
IDCJAC0009,16073,1975,10,05,15.2,1,Y
IDCJAC0009,16073,1975,10,06,15.8,1,Y
IDCJAC0009,16073,1975,10,07,7.8,1,Y
IDCJAC0009,16073,1975,10,08,0.0,,Y
IDCJAC0009,16073,1975,10,09,0.0,,Y
IDCJAC0009,16073,1975,10,10,0.0,,Y
IDCJAC0009,16073,1975,10,11,0.0,,Y
IDCJAC0009,16073,1975,10,12,0.0,,Y
IDCJAC0009,16073,1975,10,13,0.0,,Y
IDCJAC0009,16073,1975,10,14,0.0,,Y
IDCJAC0009,16073,1975,10,15,7.2,1,Y
IDCJAC0009,16073,1975,10,16,0.0,,Y
IDCJAC0009,16073,1975,10,17,0.0,,Y
IDCJAC0009,16073,1975,10,18,0.5,1,Y
IDCJAC0009,16073,1975,10,19,0.3,1,Y
IDCJAC0009,16073,1975,10,20,0.0,,Y
IDCJAC0009,16073,1975,10,21,9.8,1,Y
IDCJAC0009,16073,1975,10,22,34.3,1,Y
IDCJAC0009,16073,1975,10,23,0.9,1,Y
IDCJAC0009,16073,1975,10,24,0.0,,Y
IDCJAC0009,16073,1975,10,25,0.0,,Y
IDCJAC0009,16073,1975,10,26,0.0,,Y
IDCJAC0009,16073,1975,10,27,0.0,,Y
IDCJAC0009,16073,1975,10,28,0.4,1,Y
IDCJAC0009,16073,1975,10,29,0.0,,Y
IDCJAC0009,16073,1975,10,30,0.0,,Y
IDCJAC0009,16073,1975,10,31,0.0,,Y
IDCJAC0009,16073,1975,11,01,0.0,,Y
IDCJAC0009,16073,1975,11,02,2.6,1,Y
IDCJAC0009,16073,1975,11,03,5.2,1,Y
IDCJAC0009,16073,1975,11,04,16.8,1,Y
IDCJAC0009,16073,1975,11,05,0.0,,Y
IDCJAC0009,16073,1975,11,06,0.0,,Y
IDCJAC0009,16073,1975,11,07,0.0,,Y
IDCJAC0009,16073,1975,11,08,0.0,,Y
IDCJAC0009,16073,1975,11,09,0.0,,Y
IDCJAC0009,16073,1975,11,10,0.0,,Y
IDCJAC0009,16073,1975,11,11,0.0,,Y
IDCJAC0009,16073,1975,11,12,0.0,,Y
IDCJAC0009,16073,1975,11,13,0.0,,Y
IDCJAC0009,16073,1975,11,14,0.0,,Y
IDCJAC0009,16073,1975,11,15,0.0,,Y
IDCJAC0009,16073,1975,11,16,0.0,,Y
IDCJAC0009,16073,1975,11,17,0.0,,Y
IDCJAC0009,16073,1975,11,18,0.0,,Y
IDCJAC0009,16073,1975,11,19,0.0,,Y
IDCJAC0009,16073,1975,11,20,0.0,,Y
IDCJAC0009,16073,1975,11,21,0.4,1,Y
IDCJAC0009,16073,1975,11,22,0.0,,Y
IDCJAC0009,16073,1975,11,23,0.0,,Y
IDCJAC0009,16073,1975,11,24,0.0,,Y
IDCJAC0009,16073,1975,11,25,0.0,,Y
IDCJAC0009,16073,1975,11,26,0.0,,Y
IDCJAC0009,16073,1975,11,27,0.0,,Y
IDCJAC0009,16073,1975,11,28,0.0,,Y
IDCJAC0009,16073,1975,11,29,0.0,,Y
IDCJAC0009,16073,1975,11,30,0.0,,Y
IDCJAC0009,16073,1975,12,01,0.0,,Y
IDCJAC0009,16073,1975,12,02,5.6,1,Y
IDCJAC0009,16073,1975,12,03,0.0,,Y
IDCJAC0009,16073,1975,12,04,0.0,,Y
IDCJAC0009,16073,1975,12,05,0.0,,Y
IDCJAC0009,16073,1975,12,06,15.6,1,Y
IDCJAC0009,16073,1975,12,07,0.0,,Y
IDCJAC0009,16073,1975,12,08,0.0,,Y
IDCJAC0009,16073,1975,12,09,0.0,,Y
IDCJAC0009,16073,1975,12,10,0.0,,Y
IDCJAC0009,16073,1975,12,11,0.0,,Y
IDCJAC0009,16073,1975,12,12,0.0,,Y
IDCJAC0009,16073,1975,12,13,1.6,1,Y
IDCJAC0009,16073,1975,12,14,0.0,,Y
IDCJAC0009,16073,1975,12,15,2.0,1,Y
IDCJAC0009,16073,1975,12,16,8.8,1,Y
IDCJAC0009,16073,1975,12,17,0.0,,Y
IDCJAC0009,16073,1975,12,18,0.0,,Y
IDCJAC0009,16073,1975,12,19,0.0,,Y
IDCJAC0009,16073,1975,12,20,0.0,,Y
IDCJAC0009,16073,1975,12,21,0.0,,Y
IDCJAC0009,16073,1975,12,22,0.0,,Y
IDCJAC0009,16073,1975,12,23,0.0,,Y
IDCJAC0009,16073,1975,12,24,0.0,,Y
IDCJAC0009,16073,1975,12,25,0.0,,Y
IDCJAC0009,16073,1975,12,26,0.0,,Y
IDCJAC0009,16073,1975,12,27,0.0,,Y
IDCJAC0009,16073,1975,12,28,0.0,,Y
IDCJAC0009,16073,1975,12,29,0.0,,Y
IDCJAC0009,16073,1975,12,30,0.0,,Y
IDCJAC0009,16073,1975,12,31,0.0,,Y
IDCJAC0009,16073,1976,01,01,0.0,,Y
IDCJAC0009,16073,1976,01,02,0.0,,Y
IDCJAC0009,16073,1976,01,03,0.0,,Y
IDCJAC0009,16073,1976,01,04,7.8,1,Y
IDCJAC0009,16073,1976,01,05,0.0,,Y
IDCJAC0009,16073,1976,01,06,0.0,,Y
IDCJAC0009,16073,1976,01,07,0.0,,Y
IDCJAC0009,16073,1976,01,08,0.0,,Y
IDCJAC0009,16073,1976,01,09,0.0,,Y
IDCJAC0009,16073,1976,01,10,1.0,1,Y
IDCJAC0009,16073,1976,01,11,35.8,1,Y
IDCJAC0009,16073,1976,01,12,19.2,1,Y
IDCJAC0009,16073,1976,01,13,0.0,,Y
IDCJAC0009,16073,1976,01,14,0.0,,Y
IDCJAC0009,16073,1976,01,15,0.0,,Y
IDCJAC0009,16073,1976,01,16,0.0,,Y
IDCJAC0009,16073,1976,01,17,0.0,,Y
IDCJAC0009,16073,1976,01,18,0.0,,Y
IDCJAC0009,16073,1976,01,19,0.0,,Y
IDCJAC0009,16073,1976,01,20,0.0,,Y
IDCJAC0009,16073,1976,01,21,0.0,,Y
IDCJAC0009,16073,1976,01,22,0.0,,Y
IDCJAC0009,16073,1976,01,23,0.0,,Y
IDCJAC0009,16073,1976,01,24,0.0,,Y
IDCJAC0009,16073,1976,01,25,0.0,,Y
IDCJAC0009,16073,1976,01,26,0.0,,Y
IDCJAC0009,16073,1976,01,27,0.0,,Y
IDCJAC0009,16073,1976,01,28,0.0,,Y
IDCJAC0009,16073,1976,01,29,0.0,,Y
IDCJAC0009,16073,1976,01,30,0.0,,Y
IDCJAC0009,16073,1976,01,31,0.0,,Y
IDCJAC0009,16073,1976,02,01,,,
IDCJAC0009,16073,1976,02,02,,,
IDCJAC0009,16073,1976,02,03,,,
IDCJAC0009,16073,1976,02,04,,,
IDCJAC0009,16073,1976,02,05,,,
IDCJAC0009,16073,1976,02,06,,,
IDCJAC0009,16073,1976,02,07,,,
IDCJAC0009,16073,1976,02,08,,,
IDCJAC0009,16073,1976,02,09,,,
IDCJAC0009,16073,1976,02,10,,,
IDCJAC0009,16073,1976,02,11,,,
IDCJAC0009,16073,1976,02,12,,,
IDCJAC0009,16073,1976,02,13,,,
IDCJAC0009,16073,1976,02,14,,,
IDCJAC0009,16073,1976,02,15,,,
IDCJAC0009,16073,1976,02,16,,,
IDCJAC0009,16073,1976,02,17,,,
IDCJAC0009,16073,1976,02,18,,,
IDCJAC0009,16073,1976,02,19,,,
IDCJAC0009,16073,1976,02,20,,,
IDCJAC0009,16073,1976,02,21,,,
IDCJAC0009,16073,1976,02,22,,,
IDCJAC0009,16073,1976,02,23,,,
IDCJAC0009,16073,1976,02,24,,,
IDCJAC0009,16073,1976,02,25,,,
IDCJAC0009,16073,1976,02,26,,,
IDCJAC0009,16073,1976,02,27,,,
IDCJAC0009,16073,1976,02,28,,,
IDCJAC0009,16073,1976,02,29,,,
IDCJAC0009,16073,1976,03,01,,,
IDCJAC0009,16073,1976,03,02,,,
IDCJAC0009,16073,1976,03,03,,,
IDCJAC0009,16073,1976,03,04,,,
IDCJAC0009,16073,1976,03,05,,,
IDCJAC0009,16073,1976,03,06,,,
IDCJAC0009,16073,1976,03,07,,,
IDCJAC0009,16073,1976,03,08,,,
IDCJAC0009,16073,1976,03,09,,,
IDCJAC0009,16073,1976,03,10,,,
IDCJAC0009,16073,1976,03,11,,,
IDCJAC0009,16073,1976,03,12,,,
IDCJAC0009,16073,1976,03,13,,,
IDCJAC0009,16073,1976,03,14,,,
IDCJAC0009,16073,1976,03,15,,,
IDCJAC0009,16073,1976,03,16,,,
IDCJAC0009,16073,1976,03,17,,,
IDCJAC0009,16073,1976,03,18,,,
IDCJAC0009,16073,1976,03,19,,,
IDCJAC0009,16073,1976,03,20,,,
IDCJAC0009,16073,1976,03,21,,,
IDCJAC0009,16073,1976,03,22,,,
IDCJAC0009,16073,1976,03,23,,,
IDCJAC0009,16073,1976,03,24,,,
IDCJAC0009,16073,1976,03,25,,,
IDCJAC0009,16073,1976,03,26,,,
IDCJAC0009,16073,1976,03,27,,,
IDCJAC0009,16073,1976,03,28,,,
IDCJAC0009,16073,1976,03,29,,,
IDCJAC0009,16073,1976,03,30,,,
IDCJAC0009,16073,1976,03,31,,,
IDCJAC0009,16073,1976,04,01,,,
IDCJAC0009,16073,1976,04,02,,,
IDCJAC0009,16073,1976,04,03,,,
IDCJAC0009,16073,1976,04,04,,,
IDCJAC0009,16073,1976,04,05,,,
IDCJAC0009,16073,1976,04,06,,,
IDCJAC0009,16073,1976,04,07,,,
IDCJAC0009,16073,1976,04,08,,,
IDCJAC0009,16073,1976,04,09,,,
IDCJAC0009,16073,1976,04,10,,,
IDCJAC0009,16073,1976,04,11,,,
IDCJAC0009,16073,1976,04,12,,,
IDCJAC0009,16073,1976,04,13,,,
IDCJAC0009,16073,1976,04,14,,,
IDCJAC0009,16073,1976,04,15,,,
IDCJAC0009,16073,1976,04,16,,,
IDCJAC0009,16073,1976,04,17,,,
IDCJAC0009,16073,1976,04,18,,,
IDCJAC0009,16073,1976,04,19,,,
IDCJAC0009,16073,1976,04,20,,,
IDCJAC0009,16073,1976,04,21,,,
IDCJAC0009,16073,1976,04,22,,,
IDCJAC0009,16073,1976,04,23,,,
IDCJAC0009,16073,1976,04,24,,,
IDCJAC0009,16073,1976,04,25,,,
IDCJAC0009,16073,1976,04,26,,,
IDCJAC0009,16073,1976,04,27,,,
IDCJAC0009,16073,1976,04,28,,,
IDCJAC0009,16073,1976,04,29,,,
IDCJAC0009,16073,1976,04,30,,,
IDCJAC0009,16073,1976,05,01,,,
IDCJAC0009,16073,1976,05,02,,,
IDCJAC0009,16073,1976,05,03,,,
IDCJAC0009,16073,1976,05,04,,,
IDCJAC0009,16073,1976,05,05,,,
IDCJAC0009,16073,1976,05,06,,,
IDCJAC0009,16073,1976,05,07,,,
IDCJAC0009,16073,1976,05,08,,,
IDCJAC0009,16073,1976,05,09,,,
IDCJAC0009,16073,1976,05,10,,,
IDCJAC0009,16073,1976,05,11,,,
IDCJAC0009,16073,1976,05,12,,,
IDCJAC0009,16073,1976,05,13,,,
IDCJAC0009,16073,1976,05,14,,,
IDCJAC0009,16073,1976,05,15,,,
IDCJAC0009,16073,1976,05,16,,,
IDCJAC0009,16073,1976,05,17,,,
IDCJAC0009,16073,1976,05,18,,,
IDCJAC0009,16073,1976,05,19,,,
IDCJAC0009,16073,1976,05,20,,,
IDCJAC0009,16073,1976,05,21,,,
IDCJAC0009,16073,1976,05,22,,,
IDCJAC0009,16073,1976,05,23,,,
IDCJAC0009,16073,1976,05,24,,,
IDCJAC0009,16073,1976,05,25,,,
IDCJAC0009,16073,1976,05,26,,,
IDCJAC0009,16073,1976,05,27,,,
IDCJAC0009,16073,1976,05,28,,,
IDCJAC0009,16073,1976,05,29,,,
IDCJAC0009,16073,1976,05,30,,,
IDCJAC0009,16073,1976,05,31,,,
IDCJAC0009,16073,1976,06,01,,,
IDCJAC0009,16073,1976,06,02,,,
IDCJAC0009,16073,1976,06,03,,,
IDCJAC0009,16073,1976,06,04,,,
IDCJAC0009,16073,1976,06,05,,,
IDCJAC0009,16073,1976,06,06,,,
IDCJAC0009,16073,1976,06,07,,,
IDCJAC0009,16073,1976,06,08,,,
IDCJAC0009,16073,1976,06,09,,,
IDCJAC0009,16073,1976,06,10,,,
IDCJAC0009,16073,1976,06,11,,,
IDCJAC0009,16073,1976,06,12,,,
IDCJAC0009,16073,1976,06,13,,,
IDCJAC0009,16073,1976,06,14,,,
IDCJAC0009,16073,1976,06,15,,,
IDCJAC0009,16073,1976,06,16,,,
IDCJAC0009,16073,1976,06,17,,,
IDCJAC0009,16073,1976,06,18,,,
IDCJAC0009,16073,1976,06,19,,,
IDCJAC0009,16073,1976,06,20,,,
IDCJAC0009,16073,1976,06,21,,,
IDCJAC0009,16073,1976,06,22,,,
IDCJAC0009,16073,1976,06,23,,,
IDCJAC0009,16073,1976,06,24,,,
IDCJAC0009,16073,1976,06,25,,,
IDCJAC0009,16073,1976,06,26,,,
IDCJAC0009,16073,1976,06,27,,,
IDCJAC0009,16073,1976,06,28,,,
IDCJAC0009,16073,1976,06,29,,,
IDCJAC0009,16073,1976,06,30,,,
IDCJAC0009,16073,1976,07,01,,,
IDCJAC0009,16073,1976,07,02,,,
IDCJAC0009,16073,1976,07,03,,,
IDCJAC0009,16073,1976,07,04,,,
IDCJAC0009,16073,1976,07,05,,,
IDCJAC0009,16073,1976,07,06,,,
IDCJAC0009,16073,1976,07,07,,,
IDCJAC0009,16073,1976,07,08,,,
IDCJAC0009,16073,1976,07,09,,,
IDCJAC0009,16073,1976,07,10,,,
IDCJAC0009,16073,1976,07,11,,,
IDCJAC0009,16073,1976,07,12,,,
IDCJAC0009,16073,1976,07,13,,,
IDCJAC0009,16073,1976,07,14,,,
IDCJAC0009,16073,1976,07,15,,,
IDCJAC0009,16073,1976,07,16,,,
IDCJAC0009,16073,1976,07,17,,,
IDCJAC0009,16073,1976,07,18,,,
IDCJAC0009,16073,1976,07,19,,,
IDCJAC0009,16073,1976,07,20,,,
IDCJAC0009,16073,1976,07,21,,,
IDCJAC0009,16073,1976,07,22,,,
IDCJAC0009,16073,1976,07,23,,,
IDCJAC0009,16073,1976,07,24,,,
IDCJAC0009,16073,1976,07,25,,,
IDCJAC0009,16073,1976,07,26,,,
IDCJAC0009,16073,1976,07,27,,,
IDCJAC0009,16073,1976,07,28,,,
IDCJAC0009,16073,1976,07,29,,,
IDCJAC0009,16073,1976,07,30,,,
IDCJAC0009,16073,1976,07,31,,,
IDCJAC0009,16073,1976,08,01,0.0,,Y
IDCJAC0009,16073,1976,08,02,0.0,,Y
IDCJAC0009,16073,1976,08,03,0.0,,Y
IDCJAC0009,16073,1976,08,04,0.0,,Y
IDCJAC0009,16073,1976,08,05,0.0,,Y
IDCJAC0009,16073,1976,08,06,0.0,,Y
IDCJAC0009,16073,1976,08,07,0.0,,Y
IDCJAC0009,16073,1976,08,08,0.0,,Y
IDCJAC0009,16073,1976,08,09,0.0,,Y
IDCJAC0009,16073,1976,08,10,0.0,,Y
IDCJAC0009,16073,1976,08,11,0.0,,Y
IDCJAC0009,16073,1976,08,12,0.0,,Y
IDCJAC0009,16073,1976,08,13,0.0,,Y
IDCJAC0009,16073,1976,08,14,0.0,,Y
IDCJAC0009,16073,1976,08,15,0.0,,Y
IDCJAC0009,16073,1976,08,16,0.0,,Y
IDCJAC0009,16073,1976,08,17,0.0,,Y
IDCJAC0009,16073,1976,08,18,0.0,,Y
IDCJAC0009,16073,1976,08,19,0.0,,Y
IDCJAC0009,16073,1976,08,20,0.0,,Y
IDCJAC0009,16073,1976,08,21,0.0,,Y
IDCJAC0009,16073,1976,08,22,0.0,,Y
IDCJAC0009,16073,1976,08,23,0.0,,Y
IDCJAC0009,16073,1976,08,24,0.0,,Y
IDCJAC0009,16073,1976,08,25,0.0,,Y
IDCJAC0009,16073,1976,08,26,0.0,,Y
IDCJAC0009,16073,1976,08,27,0.0,,Y
IDCJAC0009,16073,1976,08,28,0.0,,Y
IDCJAC0009,16073,1976,08,29,1.2,1,Y
IDCJAC0009,16073,1976,08,30,0.0,,Y
IDCJAC0009,16073,1976,08,31,0.0,,Y
IDCJAC0009,16073,1976,09,01,0.0,,Y
IDCJAC0009,16073,1976,09,02,0.0,,Y
IDCJAC0009,16073,1976,09,03,0.0,,Y
IDCJAC0009,16073,1976,09,04,0.0,,Y
IDCJAC0009,16073,1976,09,05,0.0,,Y
IDCJAC0009,16073,1976,09,06,0.0,,Y
IDCJAC0009,16073,1976,09,07,0.0,,Y
IDCJAC0009,16073,1976,09,08,0.0,,Y
IDCJAC0009,16073,1976,09,09,0.0,,Y
IDCJAC0009,16073,1976,09,10,0.0,,Y
IDCJAC0009,16073,1976,09,11,0.8,1,Y
IDCJAC0009,16073,1976,09,12,0.0,,Y
IDCJAC0009,16073,1976,09,13,0.0,,Y
IDCJAC0009,16073,1976,09,14,0.0,,Y
IDCJAC0009,16073,1976,09,15,0.0,,Y
IDCJAC0009,16073,1976,09,16,0.0,,Y
IDCJAC0009,16073,1976,09,17,0.0,,Y
IDCJAC0009,16073,1976,09,18,0.0,,Y
IDCJAC0009,16073,1976,09,19,0.0,,Y
IDCJAC0009,16073,1976,09,20,0.0,,Y
IDCJAC0009,16073,1976,09,21,0.0,,Y
IDCJAC0009,16073,1976,09,22,0.0,,Y
IDCJAC0009,16073,1976,09,23,0.0,,Y
IDCJAC0009,16073,1976,09,24,0.0,,Y
IDCJAC0009,16073,1976,09,25,0.0,,Y
IDCJAC0009,16073,1976,09,26,0.0,,Y
IDCJAC0009,16073,1976,09,27,3.8,1,Y
IDCJAC0009,16073,1976,09,28,12.8,1,Y
IDCJAC0009,16073,1976,09,29,0.0,,Y
IDCJAC0009,16073,1976,09,30,18.0,1,Y
IDCJAC0009,16073,1976,10,01,5.8,1,Y
IDCJAC0009,16073,1976,10,02,0.0,,Y
IDCJAC0009,16073,1976,10,03,0.0,,Y
IDCJAC0009,16073,1976,10,04,0.0,,Y
IDCJAC0009,16073,1976,10,05,0.0,,Y
IDCJAC0009,16073,1976,10,06,0.0,,Y
IDCJAC0009,16073,1976,10,07,0.0,,Y
IDCJAC0009,16073,1976,10,08,0.0,,Y
IDCJAC0009,16073,1976,10,09,0.0,,Y
IDCJAC0009,16073,1976,10,10,0.0,,Y
IDCJAC0009,16073,1976,10,11,39.0,1,Y
IDCJAC0009,16073,1976,10,12,0.0,,Y
IDCJAC0009,16073,1976,10,13,0.0,,Y
IDCJAC0009,16073,1976,10,14,0.0,,Y
IDCJAC0009,16073,1976,10,15,0.0,,Y
IDCJAC0009,16073,1976,10,16,0.0,,Y
IDCJAC0009,16073,1976,10,17,0.0,,Y
IDCJAC0009,16073,1976,10,18,0.0,,Y
IDCJAC0009,16073,1976,10,19,9.6,1,Y
IDCJAC0009,16073,1976,10,20,0.0,,Y
IDCJAC0009,16073,1976,10,21,0.0,,Y
IDCJAC0009,16073,1976,10,22,0.0,,Y
IDCJAC0009,16073,1976,10,23,0.0,,Y
IDCJAC0009,16073,1976,10,24,0.0,,Y
IDCJAC0009,16073,1976,10,25,0.0,,Y
IDCJAC0009,16073,1976,10,26,0.0,,Y
IDCJAC0009,16073,1976,10,27,2.4,1,Y
IDCJAC0009,16073,1976,10,28,15.8,1,Y
IDCJAC0009,16073,1976,10,29,16.0,1,Y
IDCJAC0009,16073,1976,10,30,0.0,,Y
IDCJAC0009,16073,1976,10,31,0.0,,Y
IDCJAC0009,16073,1976,11,01,0.0,,Y
IDCJAC0009,16073,1976,11,02,0.0,,Y
IDCJAC0009,16073,1976,11,03,0.0,,Y
IDCJAC0009,16073,1976,11,04,0.0,,Y
IDCJAC0009,16073,1976,11,05,0.0,,Y
IDCJAC0009,16073,1976,11,06,0.0,,Y
IDCJAC0009,16073,1976,11,07,0.0,,Y
IDCJAC0009,16073,1976,11,08,1.8,1,Y
IDCJAC0009,16073,1976,11,09,0.0,,Y
IDCJAC0009,16073,1976,11,10,0.0,,Y
IDCJAC0009,16073,1976,11,11,0.0,,Y
IDCJAC0009,16073,1976,11,12,0.0,,Y
IDCJAC0009,16073,1976,11,13,0.0,,Y
IDCJAC0009,16073,1976,11,14,0.0,,Y
IDCJAC0009,16073,1976,11,15,0.0,,Y
IDCJAC0009,16073,1976,11,16,0.0,,Y
IDCJAC0009,16073,1976,11,17,1.6,1,Y
IDCJAC0009,16073,1976,11,18,0.0,,Y
IDCJAC0009,16073,1976,11,19,0.0,,Y
IDCJAC0009,16073,1976,11,20,0.0,,Y
IDCJAC0009,16073,1976,11,21,0.0,,Y
IDCJAC0009,16073,1976,11,22,0.0,,Y
IDCJAC0009,16073,1976,11,23,4.2,1,Y
IDCJAC0009,16073,1976,11,24,0.0,,Y
IDCJAC0009,16073,1976,11,25,3.2,1,Y
IDCJAC0009,16073,1976,11,26,1.4,1,Y
IDCJAC0009,16073,1976,11,27,0.0,,Y
IDCJAC0009,16073,1976,11,28,0.0,,Y
IDCJAC0009,16073,1976,11,29,0.0,,Y
IDCJAC0009,16073,1976,11,30,0.0,,Y
IDCJAC0009,16073,1976,12,01,0.0,,Y
IDCJAC0009,16073,1976,12,02,0.0,,Y
IDCJAC0009,16073,1976,12,03,0.0,,Y
IDCJAC0009,16073,1976,12,04,0.0,,Y
IDCJAC0009,16073,1976,12,05,1.8,1,Y
IDCJAC0009,16073,1976,12,06,0.0,,Y
IDCJAC0009,16073,1976,12,07,0.0,,Y
IDCJAC0009,16073,1976,12,08,0.0,,Y
IDCJAC0009,16073,1976,12,09,0.0,,Y
IDCJAC0009,16073,1976,12,10,0.0,,Y
IDCJAC0009,16073,1976,12,11,0.0,,Y
IDCJAC0009,16073,1976,12,12,0.0,,Y
IDCJAC0009,16073,1976,12,13,0.0,,Y
IDCJAC0009,16073,1976,12,14,18.6,1,Y
IDCJAC0009,16073,1976,12,15,0.0,,Y
IDCJAC0009,16073,1976,12,16,0.0,,Y
IDCJAC0009,16073,1976,12,17,0.0,,Y
IDCJAC0009,16073,1976,12,18,0.0,,Y
IDCJAC0009,16073,1976,12,19,0.0,,Y
IDCJAC0009,16073,1976,12,20,0.0,,Y
IDCJAC0009,16073,1976,12,21,0.0,,Y
IDCJAC0009,16073,1976,12,22,0.0,,Y
IDCJAC0009,16073,1976,12,23,0.0,,Y
IDCJAC0009,16073,1976,12,24,0.0,,Y
IDCJAC0009,16073,1976,12,25,0.0,,Y
IDCJAC0009,16073,1976,12,26,0.0,,Y
IDCJAC0009,16073,1976,12,27,0.0,,Y
IDCJAC0009,16073,1976,12,28,0.0,,Y
IDCJAC0009,16073,1976,12,29,0.0,,Y
IDCJAC0009,16073,1976,12,30,0.0,,Y
IDCJAC0009,16073,1976,12,31,0.0,,Y
IDCJAC0009,16073,1977,01,01,0.0,,Y
IDCJAC0009,16073,1977,01,02,0.0,,Y
IDCJAC0009,16073,1977,01,03,0.0,,Y
IDCJAC0009,16073,1977,01,04,0.0,,Y
IDCJAC0009,16073,1977,01,05,0.0,,Y
IDCJAC0009,16073,1977,01,06,0.0,,Y
IDCJAC0009,16073,1977,01,07,0.0,,Y
IDCJAC0009,16073,1977,01,08,11.0,1,Y
IDCJAC0009,16073,1977,01,09,0.0,,Y
IDCJAC0009,16073,1977,01,10,2.0,1,Y
IDCJAC0009,16073,1977,01,11,0.0,,Y
IDCJAC0009,16073,1977,01,12,0.0,,Y
IDCJAC0009,16073,1977,01,13,0.8,1,Y
IDCJAC0009,16073,1977,01,14,0.0,,Y
IDCJAC0009,16073,1977,01,15,0.0,,Y
IDCJAC0009,16073,1977,01,16,0.0,,Y
IDCJAC0009,16073,1977,01,17,0.0,,Y
IDCJAC0009,16073,1977,01,18,0.0,,Y
IDCJAC0009,16073,1977,01,19,0.0,,Y
IDCJAC0009,16073,1977,01,20,0.0,,Y
IDCJAC0009,16073,1977,01,21,0.0,,Y
IDCJAC0009,16073,1977,01,22,0.0,,Y
IDCJAC0009,16073,1977,01,23,0.0,,Y
IDCJAC0009,16073,1977,01,24,0.0,,Y
IDCJAC0009,16073,1977,01,25,0.0,,Y
IDCJAC0009,16073,1977,01,26,0.0,,Y
IDCJAC0009,16073,1977,01,27,0.0,,Y
IDCJAC0009,16073,1977,01,28,0.0,,Y
IDCJAC0009,16073,1977,01,29,0.0,,Y
IDCJAC0009,16073,1977,01,30,0.0,,Y
IDCJAC0009,16073,1977,01,31,0.0,,Y
IDCJAC0009,16073,1977,02,01,,,
IDCJAC0009,16073,1977,02,02,,,
IDCJAC0009,16073,1977,02,03,,,
IDCJAC0009,16073,1977,02,04,,,
IDCJAC0009,16073,1977,02,05,,,
IDCJAC0009,16073,1977,02,06,,,
IDCJAC0009,16073,1977,02,07,,,
IDCJAC0009,16073,1977,02,08,,,
IDCJAC0009,16073,1977,02,09,,,
IDCJAC0009,16073,1977,02,10,,,
IDCJAC0009,16073,1977,02,11,,,
IDCJAC0009,16073,1977,02,12,,,
IDCJAC0009,16073,1977,02,13,,,
IDCJAC0009,16073,1977,02,14,,,
IDCJAC0009,16073,1977,02,15,,,
IDCJAC0009,16073,1977,02,16,,,
IDCJAC0009,16073,1977,02,17,,,
IDCJAC0009,16073,1977,02,18,,,
IDCJAC0009,16073,1977,02,19,,,
IDCJAC0009,16073,1977,02,20,,,
IDCJAC0009,16073,1977,02,21,,,
IDCJAC0009,16073,1977,02,22,,,
IDCJAC0009,16073,1977,02,23,,,
IDCJAC0009,16073,1977,02,24,,,
IDCJAC0009,16073,1977,02,25,,,
IDCJAC0009,16073,1977,02,26,,,
IDCJAC0009,16073,1977,02,27,,,
IDCJAC0009,16073,1977,02,28,,,
IDCJAC0009,16073,1977,03,01,,,
IDCJAC0009,16073,1977,03,02,,,
IDCJAC0009,16073,1977,03,03,,,
IDCJAC0009,16073,1977,03,04,,,
IDCJAC0009,16073,1977,03,05,,,
IDCJAC0009,16073,1977,03,06,,,
IDCJAC0009,16073,1977,03,07,,,
IDCJAC0009,16073,1977,03,08,,,
IDCJAC0009,16073,1977,03,09,,,
IDCJAC0009,16073,1977,03,10,,,
IDCJAC0009,16073,1977,03,11,,,
IDCJAC0009,16073,1977,03,12,,,
IDCJAC0009,16073,1977,03,13,,,
IDCJAC0009,16073,1977,03,14,,,
IDCJAC0009,16073,1977,03,15,,,
IDCJAC0009,16073,1977,03,16,,,
IDCJAC0009,16073,1977,03,17,,,
IDCJAC0009,16073,1977,03,18,,,
IDCJAC0009,16073,1977,03,19,,,
IDCJAC0009,16073,1977,03,20,,,
IDCJAC0009,16073,1977,03,21,,,
IDCJAC0009,16073,1977,03,22,,,
IDCJAC0009,16073,1977,03,23,,,
IDCJAC0009,16073,1977,03,24,,,
IDCJAC0009,16073,1977,03,25,,,
IDCJAC0009,16073,1977,03,26,,,
IDCJAC0009,16073,1977,03,27,,,
IDCJAC0009,16073,1977,03,28,,,
IDCJAC0009,16073,1977,03,29,,,
IDCJAC0009,16073,1977,03,30,,,
IDCJAC0009,16073,1977,03,31,,,
IDCJAC0009,16073,1977,04,01,,,
IDCJAC0009,16073,1977,04,02,,,
IDCJAC0009,16073,1977,04,03,,,
IDCJAC0009,16073,1977,04,04,,,
IDCJAC0009,16073,1977,04,05,,,
IDCJAC0009,16073,1977,04,06,,,
IDCJAC0009,16073,1977,04,07,,,
IDCJAC0009,16073,1977,04,08,,,
IDCJAC0009,16073,1977,04,09,,,
IDCJAC0009,16073,1977,04,10,,,
IDCJAC0009,16073,1977,04,11,,,
IDCJAC0009,16073,1977,04,12,,,
IDCJAC0009,16073,1977,04,13,,,
IDCJAC0009,16073,1977,04,14,,,
IDCJAC0009,16073,1977,04,15,,,
IDCJAC0009,16073,1977,04,16,,,
IDCJAC0009,16073,1977,04,17,,,
IDCJAC0009,16073,1977,04,18,,,
IDCJAC0009,16073,1977,04,19,,,
IDCJAC0009,16073,1977,04,20,,,
IDCJAC0009,16073,1977,04,21,,,
IDCJAC0009,16073,1977,04,22,,,
IDCJAC0009,16073,1977,04,23,,,
IDCJAC0009,16073,1977,04,24,,,
IDCJAC0009,16073,1977,04,25,,,
IDCJAC0009,16073,1977,04,26,,,
IDCJAC0009,16073,1977,04,27,,,
IDCJAC0009,16073,1977,04,28,,,
IDCJAC0009,16073,1977,04,29,,,
IDCJAC0009,16073,1977,04,30,,,
IDCJAC0009,16073,1977,05,01,,,
IDCJAC0009,16073,1977,05,02,,,
IDCJAC0009,16073,1977,05,03,,,
IDCJAC0009,16073,1977,05,04,,,
IDCJAC0009,16073,1977,05,05,,,
IDCJAC0009,16073,1977,05,06,,,
IDCJAC0009,16073,1977,05,07,,,
IDCJAC0009,16073,1977,05,08,,,
IDCJAC0009,16073,1977,05,09,,,
IDCJAC0009,16073,1977,05,10,,,
IDCJAC0009,16073,1977,05,11,,,
IDCJAC0009,16073,1977,05,12,,,
IDCJAC0009,16073,1977,05,13,,,
IDCJAC0009,16073,1977,05,14,,,
IDCJAC0009,16073,1977,05,15,,,
IDCJAC0009,16073,1977,05,16,,,
IDCJAC0009,16073,1977,05,17,,,
IDCJAC0009,16073,1977,05,18,,,
IDCJAC0009,16073,1977,05,19,,,
IDCJAC0009,16073,1977,05,20,,,
IDCJAC0009,16073,1977,05,21,,,
IDCJAC0009,16073,1977,05,22,,,
IDCJAC0009,16073,1977,05,23,,,
IDCJAC0009,16073,1977,05,24,,,
IDCJAC0009,16073,1977,05,25,,,
IDCJAC0009,16073,1977,05,26,,,
IDCJAC0009,16073,1977,05,27,,,
IDCJAC0009,16073,1977,05,28,,,
IDCJAC0009,16073,1977,05,29,,,
IDCJAC0009,16073,1977,05,30,,,
IDCJAC0009,16073,1977,05,31,,,
IDCJAC0009,16073,1977,06,01,,,
IDCJAC0009,16073,1977,06,02,,,
IDCJAC0009,16073,1977,06,03,,,
IDCJAC0009,16073,1977,06,04,,,
IDCJAC0009,16073,1977,06,05,,,
IDCJAC0009,16073,1977,06,06,,,
IDCJAC0009,16073,1977,06,07,,,
IDCJAC0009,16073,1977,06,08,,,
IDCJAC0009,16073,1977,06,09,,,
IDCJAC0009,16073,1977,06,10,,,
IDCJAC0009,16073,1977,06,11,,,
IDCJAC0009,16073,1977,06,12,,,
IDCJAC0009,16073,1977,06,13,,,
IDCJAC0009,16073,1977,06,14,,,
IDCJAC0009,16073,1977,06,15,,,
IDCJAC0009,16073,1977,06,16,,,
IDCJAC0009,16073,1977,06,17,,,
IDCJAC0009,16073,1977,06,18,,,
IDCJAC0009,16073,1977,06,19,,,
IDCJAC0009,16073,1977,06,20,,,
IDCJAC0009,16073,1977,06,21,,,
IDCJAC0009,16073,1977,06,22,,,
IDCJAC0009,16073,1977,06,23,,,
IDCJAC0009,16073,1977,06,24,,,
IDCJAC0009,16073,1977,06,25,,,
IDCJAC0009,16073,1977,06,26,,,
IDCJAC0009,16073,1977,06,27,,,
IDCJAC0009,16073,1977,06,28,,,
IDCJAC0009,16073,1977,06,29,,,
IDCJAC0009,16073,1977,06,30,,,
IDCJAC0009,16073,1977,07,01,,,
IDCJAC0009,16073,1977,07,02,,,
IDCJAC0009,16073,1977,07,03,,,
IDCJAC0009,16073,1977,07,04,,,
IDCJAC0009,16073,1977,07,05,,,
IDCJAC0009,16073,1977,07,06,,,
IDCJAC0009,16073,1977,07,07,,,
IDCJAC0009,16073,1977,07,08,,,
IDCJAC0009,16073,1977,07,09,,,
IDCJAC0009,16073,1977,07,10,,,
IDCJAC0009,16073,1977,07,11,,,
IDCJAC0009,16073,1977,07,12,,,
IDCJAC0009,16073,1977,07,13,,,
IDCJAC0009,16073,1977,07,14,,,
IDCJAC0009,16073,1977,07,15,,,
IDCJAC0009,16073,1977,07,16,,,
IDCJAC0009,16073,1977,07,17,,,
IDCJAC0009,16073,1977,07,18,,,
IDCJAC0009,16073,1977,07,19,,,
IDCJAC0009,16073,1977,07,20,,,
IDCJAC0009,16073,1977,07,21,,,
IDCJAC0009,16073,1977,07,22,,,
IDCJAC0009,16073,1977,07,23,,,
IDCJAC0009,16073,1977,07,24,,,
IDCJAC0009,16073,1977,07,25,,,
IDCJAC0009,16073,1977,07,26,,,
IDCJAC0009,16073,1977,07,27,,,
IDCJAC0009,16073,1977,07,28,,,
IDCJAC0009,16073,1977,07,29,,,
IDCJAC0009,16073,1977,07,30,,,
IDCJAC0009,16073,1977,07,31,,,
IDCJAC0009,16073,1977,08,01,,,
IDCJAC0009,16073,1977,08,02,,,
IDCJAC0009,16073,1977,08,03,,,
IDCJAC0009,16073,1977,08,04,,,
IDCJAC0009,16073,1977,08,05,,,
IDCJAC0009,16073,1977,08,06,,,
IDCJAC0009,16073,1977,08,07,,,
IDCJAC0009,16073,1977,08,08,,,
IDCJAC0009,16073,1977,08,09,,,
IDCJAC0009,16073,1977,08,10,,,
IDCJAC0009,16073,1977,08,11,,,
IDCJAC0009,16073,1977,08,12,,,
IDCJAC0009,16073,1977,08,13,,,
IDCJAC0009,16073,1977,08,14,,,
IDCJAC0009,16073,1977,08,15,,,
IDCJAC0009,16073,1977,08,16,,,
IDCJAC0009,16073,1977,08,17,,,
IDCJAC0009,16073,1977,08,18,,,
IDCJAC0009,16073,1977,08,19,,,
IDCJAC0009,16073,1977,08,20,,,
IDCJAC0009,16073,1977,08,21,,,
IDCJAC0009,16073,1977,08,22,,,
IDCJAC0009,16073,1977,08,23,,,
IDCJAC0009,16073,1977,08,24,,,
IDCJAC0009,16073,1977,08,25,,,
IDCJAC0009,16073,1977,08,26,,,
IDCJAC0009,16073,1977,08,27,,,
IDCJAC0009,16073,1977,08,28,,,
IDCJAC0009,16073,1977,08,29,,,
IDCJAC0009,16073,1977,08,30,,,
IDCJAC0009,16073,1977,08,31,,,
IDCJAC0009,16073,1977,09,01,17.0,1,Y
IDCJAC0009,16073,1977,09,02,0.0,,Y
IDCJAC0009,16073,1977,09,03,8.0,1,Y
IDCJAC0009,16073,1977,09,04,0.0,,Y
IDCJAC0009,16073,1977,09,05,32.0,1,Y
IDCJAC0009,16073,1977,09,06,0.0,,Y
IDCJAC0009,16073,1977,09,07,0.0,,Y
IDCJAC0009,16073,1977,09,08,0.0,,Y
IDCJAC0009,16073,1977,09,09,0.0,,Y
IDCJAC0009,16073,1977,09,10,0.0,,Y
IDCJAC0009,16073,1977,09,11,0.0,,Y
IDCJAC0009,16073,1977,09,12,0.0,,Y
IDCJAC0009,16073,1977,09,13,0.0,,Y
IDCJAC0009,16073,1977,09,14,0.0,,Y
IDCJAC0009,16073,1977,09,15,0.0,,Y
IDCJAC0009,16073,1977,09,16,0.0,,Y
IDCJAC0009,16073,1977,09,17,0.0,,Y
IDCJAC0009,16073,1977,09,18,0.0,,Y
IDCJAC0009,16073,1977,09,19,0.0,,Y
IDCJAC0009,16073,1977,09,20,0.0,,Y
IDCJAC0009,16073,1977,09,21,0.0,,Y
IDCJAC0009,16073,1977,09,22,0.0,,Y
IDCJAC0009,16073,1977,09,23,0.0,,Y
IDCJAC0009,16073,1977,09,24,0.0,,Y
IDCJAC0009,16073,1977,09,25,0.0,,Y
IDCJAC0009,16073,1977,09,26,0.0,,Y
IDCJAC0009,16073,1977,09,27,0.0,,Y
IDCJAC0009,16073,1977,09,28,0.0,,Y
IDCJAC0009,16073,1977,09,29,0.0,,Y
IDCJAC0009,16073,1977,09,30,0.0,,Y
IDCJAC0009,16073,1977,10,01,0.0,,Y
IDCJAC0009,16073,1977,10,02,0.0,,Y
IDCJAC0009,16073,1977,10,03,0.0,,Y
IDCJAC0009,16073,1977,10,04,0.0,,Y
IDCJAC0009,16073,1977,10,05,0.0,,Y
IDCJAC0009,16073,1977,10,06,0.0,,Y
IDCJAC0009,16073,1977,10,07,0.0,,Y
IDCJAC0009,16073,1977,10,08,0.0,,Y
IDCJAC0009,16073,1977,10,09,0.0,,Y
IDCJAC0009,16073,1977,10,10,0.0,,Y
IDCJAC0009,16073,1977,10,11,0.0,,Y
IDCJAC0009,16073,1977,10,12,0.0,,Y
IDCJAC0009,16073,1977,10,13,0.0,,Y
IDCJAC0009,16073,1977,10,14,0.0,,Y
IDCJAC0009,16073,1977,10,15,0.0,,Y
IDCJAC0009,16073,1977,10,16,0.0,,Y
IDCJAC0009,16073,1977,10,17,0.0,,Y
IDCJAC0009,16073,1977,10,18,0.0,,Y
IDCJAC0009,16073,1977,10,19,0.0,,Y
IDCJAC0009,16073,1977,10,20,0.0,,Y
IDCJAC0009,16073,1977,10,21,0.0,,Y
IDCJAC0009,16073,1977,10,22,0.0,,Y
IDCJAC0009,16073,1977,10,23,0.0,,Y
IDCJAC0009,16073,1977,10,24,0.0,,Y
IDCJAC0009,16073,1977,10,25,0.0,,Y
IDCJAC0009,16073,1977,10,26,0.0,,Y
IDCJAC0009,16073,1977,10,27,0.0,,Y
IDCJAC0009,16073,1977,10,28,0.0,,Y
IDCJAC0009,16073,1977,10,29,0.0,,Y
IDCJAC0009,16073,1977,10,30,0.0,,Y
IDCJAC0009,16073,1977,10,31,10.4,1,Y
IDCJAC0009,16073,1977,11,01,0.0,,Y
IDCJAC0009,16073,1977,11,02,0.0,,Y
IDCJAC0009,16073,1977,11,03,0.0,,Y
IDCJAC0009,16073,1977,11,04,0.0,,Y
IDCJAC0009,16073,1977,11,05,0.0,,Y
IDCJAC0009,16073,1977,11,06,0.0,,Y
IDCJAC0009,16073,1977,11,07,0.0,,Y
IDCJAC0009,16073,1977,11,08,0.0,,Y
IDCJAC0009,16073,1977,11,09,0.0,,Y
IDCJAC0009,16073,1977,11,10,0.0,,Y
IDCJAC0009,16073,1977,11,11,0.0,,Y
IDCJAC0009,16073,1977,11,12,0.0,,Y
IDCJAC0009,16073,1977,11,13,0.0,,Y
IDCJAC0009,16073,1977,11,14,0.0,,Y
IDCJAC0009,16073,1977,11,15,0.0,,Y
IDCJAC0009,16073,1977,11,16,0.0,,Y
IDCJAC0009,16073,1977,11,17,0.0,,Y
IDCJAC0009,16073,1977,11,18,0.0,,Y
IDCJAC0009,16073,1977,11,19,3.2,1,Y
IDCJAC0009,16073,1977,11,20,7.4,1,Y
IDCJAC0009,16073,1977,11,21,10.4,1,Y
IDCJAC0009,16073,1977,11,22,0.0,,Y
IDCJAC0009,16073,1977,11,23,0.0,,Y
IDCJAC0009,16073,1977,11,24,0.0,,Y
IDCJAC0009,16073,1977,11,25,0.0,,Y
IDCJAC0009,16073,1977,11,26,2.4,1,Y
IDCJAC0009,16073,1977,11,27,2.6,1,Y
IDCJAC0009,16073,1977,11,28,6.8,1,Y
IDCJAC0009,16073,1977,11,29,9.2,1,Y
IDCJAC0009,16073,1977,11,30,1.0,1,Y
IDCJAC0009,16073,1977,12,01,0.0,,Y
IDCJAC0009,16073,1977,12,02,0.0,,Y
IDCJAC0009,16073,1977,12,03,0.0,,Y
IDCJAC0009,16073,1977,12,04,0.0,,Y
IDCJAC0009,16073,1977,12,05,0.0,,Y
IDCJAC0009,16073,1977,12,06,0.0,,Y
IDCJAC0009,16073,1977,12,07,0.0,,Y
IDCJAC0009,16073,1977,12,08,0.0,,Y
IDCJAC0009,16073,1977,12,09,0.0,,Y
IDCJAC0009,16073,1977,12,10,0.0,,Y
IDCJAC0009,16073,1977,12,11,0.0,,Y
IDCJAC0009,16073,1977,12,12,0.0,,Y
IDCJAC0009,16073,1977,12,13,0.0,,Y
IDCJAC0009,16073,1977,12,14,0.0,,Y
IDCJAC0009,16073,1977,12,15,0.0,,Y
IDCJAC0009,16073,1977,12,16,0.0,,Y
IDCJAC0009,16073,1977,12,17,0.0,,Y
IDCJAC0009,16073,1977,12,18,0.0,,Y
IDCJAC0009,16073,1977,12,19,0.0,,Y
IDCJAC0009,16073,1977,12,20,0.0,,Y
IDCJAC0009,16073,1977,12,21,0.0,,Y
IDCJAC0009,16073,1977,12,22,0.0,,Y
IDCJAC0009,16073,1977,12,23,0.0,,Y
IDCJAC0009,16073,1977,12,24,0.0,,Y
IDCJAC0009,16073,1977,12,25,0.0,,Y
IDCJAC0009,16073,1977,12,26,0.0,,Y
IDCJAC0009,16073,1977,12,27,0.0,,Y
IDCJAC0009,16073,1977,12,28,0.0,,Y
IDCJAC0009,16073,1977,12,29,0.0,,Y
IDCJAC0009,16073,1977,12,30,0.0,,Y
IDCJAC0009,16073,1977,12,31,0.0,,Y
IDCJAC0009,16073,1978,01,01,0.0,,Y
IDCJAC0009,16073,1978,01,02,0.0,,Y
IDCJAC0009,16073,1978,01,03,0.0,,Y
IDCJAC0009,16073,1978,01,04,0.0,,Y
IDCJAC0009,16073,1978,01,05,0.0,,Y
IDCJAC0009,16073,1978,01,06,0.0,,Y
IDCJAC0009,16073,1978,01,07,0.0,,Y
IDCJAC0009,16073,1978,01,08,0.0,,Y
IDCJAC0009,16073,1978,01,09,0.0,,Y
IDCJAC0009,16073,1978,01,10,0.0,,Y
IDCJAC0009,16073,1978,01,11,0.0,,Y
IDCJAC0009,16073,1978,01,12,0.0,,Y
IDCJAC0009,16073,1978,01,13,0.0,,Y
IDCJAC0009,16073,1978,01,14,0.0,,Y
IDCJAC0009,16073,1978,01,15,0.0,,Y
IDCJAC0009,16073,1978,01,16,0.0,,Y
IDCJAC0009,16073,1978,01,17,16.4,1,Y
IDCJAC0009,16073,1978,01,18,2.6,1,Y
IDCJAC0009,16073,1978,01,19,4.1,1,Y
IDCJAC0009,16073,1978,01,20,13.4,1,Y
IDCJAC0009,16073,1978,01,21,0.0,,Y
IDCJAC0009,16073,1978,01,22,0.0,,Y
IDCJAC0009,16073,1978,01,23,2.3,1,Y
IDCJAC0009,16073,1978,01,24,0.0,,Y
IDCJAC0009,16073,1978,01,25,0.0,,Y
IDCJAC0009,16073,1978,01,26,0.0,,Y
IDCJAC0009,16073,1978,01,27,0.0,,Y
IDCJAC0009,16073,1978,01,28,0.0,,Y
IDCJAC0009,16073,1978,01,29,0.0,,Y
IDCJAC0009,16073,1978,01,30,0.0,,Y
IDCJAC0009,16073,1978,01,31,0.0,,Y
IDCJAC0009,16073,1978,02,01,0.0,,Y
IDCJAC0009,16073,1978,02,02,0.0,,Y
IDCJAC0009,16073,1978,02,03,0.0,,Y
IDCJAC0009,16073,1978,02,04,0.0,,Y
IDCJAC0009,16073,1978,02,05,0.0,,Y
IDCJAC0009,16073,1978,02,06,0.0,,Y
IDCJAC0009,16073,1978,02,07,2.0,1,Y
IDCJAC0009,16073,1978,02,08,2.4,1,Y
IDCJAC0009,16073,1978,02,09,0.0,,Y
IDCJAC0009,16073,1978,02,10,0.0,,Y
IDCJAC0009,16073,1978,02,11,0.0,,Y
IDCJAC0009,16073,1978,02,12,0.0,,Y
IDCJAC0009,16073,1978,02,13,0.0,,Y
IDCJAC0009,16073,1978,02,14,0.0,,Y
IDCJAC0009,16073,1978,02,15,0.0,,Y
IDCJAC0009,16073,1978,02,16,0.0,,Y
IDCJAC0009,16073,1978,02,17,0.0,,Y
IDCJAC0009,16073,1978,02,18,0.0,,Y
IDCJAC0009,16073,1978,02,19,0.0,,Y
IDCJAC0009,16073,1978,02,20,0.0,,Y
IDCJAC0009,16073,1978,02,21,0.0,,Y
IDCJAC0009,16073,1978,02,22,0.0,,Y
IDCJAC0009,16073,1978,02,23,0.0,,Y
IDCJAC0009,16073,1978,02,24,0.0,,Y
IDCJAC0009,16073,1978,02,25,0.0,,Y
IDCJAC0009,16073,1978,02,26,0.0,,Y
IDCJAC0009,16073,1978,02,27,0.0,,Y
IDCJAC0009,16073,1978,02,28,0.0,,Y
IDCJAC0009,16073,1978,03,01,0.0,,Y
IDCJAC0009,16073,1978,03,02,0.0,,Y
IDCJAC0009,16073,1978,03,03,0.0,,Y
IDCJAC0009,16073,1978,03,04,0.0,,Y
IDCJAC0009,16073,1978,03,05,0.0,,Y
IDCJAC0009,16073,1978,03,06,0.0,,Y
IDCJAC0009,16073,1978,03,07,0.0,,Y
IDCJAC0009,16073,1978,03,08,0.0,,Y
IDCJAC0009,16073,1978,03,09,0.0,,Y
IDCJAC0009,16073,1978,03,10,0.0,,Y
IDCJAC0009,16073,1978,03,11,0.0,,Y
IDCJAC0009,16073,1978,03,12,0.0,,Y
IDCJAC0009,16073,1978,03,13,0.0,,Y
IDCJAC0009,16073,1978,03,14,0.0,,Y
IDCJAC0009,16073,1978,03,15,0.0,,Y
IDCJAC0009,16073,1978,03,16,0.0,,Y
IDCJAC0009,16073,1978,03,17,0.0,,Y
IDCJAC0009,16073,1978,03,18,0.0,,Y
IDCJAC0009,16073,1978,03,19,0.0,,Y
IDCJAC0009,16073,1978,03,20,0.0,,Y
IDCJAC0009,16073,1978,03,21,0.0,,Y
IDCJAC0009,16073,1978,03,22,0.0,,Y
IDCJAC0009,16073,1978,03,23,0.0,,Y
IDCJAC0009,16073,1978,03,24,0.0,,Y
IDCJAC0009,16073,1978,03,25,0.0,,Y
IDCJAC0009,16073,1978,03,26,0.0,,Y
IDCJAC0009,16073,1978,03,27,0.0,,Y
IDCJAC0009,16073,1978,03,28,0.0,,Y
IDCJAC0009,16073,1978,03,29,0.0,,Y
IDCJAC0009,16073,1978,03,30,0.0,,Y
IDCJAC0009,16073,1978,03,31,0.0,,Y
IDCJAC0009,16073,1978,04,01,0.0,,Y
IDCJAC0009,16073,1978,04,02,0.0,,Y
IDCJAC0009,16073,1978,04,03,0.0,,Y
IDCJAC0009,16073,1978,04,04,0.0,,Y
IDCJAC0009,16073,1978,04,05,0.0,,Y
IDCJAC0009,16073,1978,04,06,0.0,,Y
IDCJAC0009,16073,1978,04,07,0.0,,Y
IDCJAC0009,16073,1978,04,08,0.0,,Y
IDCJAC0009,16073,1978,04,09,0.0,,Y
IDCJAC0009,16073,1978,04,10,0.0,,Y
IDCJAC0009,16073,1978,04,11,0.0,,Y
IDCJAC0009,16073,1978,04,12,0.0,,Y
IDCJAC0009,16073,1978,04,13,0.0,,Y
IDCJAC0009,16073,1978,04,14,0.0,,Y
IDCJAC0009,16073,1978,04,15,0.0,,Y
IDCJAC0009,16073,1978,04,16,0.0,,Y
IDCJAC0009,16073,1978,04,17,0.0,,Y
IDCJAC0009,16073,1978,04,18,0.0,,Y
IDCJAC0009,16073,1978,04,19,0.0,,Y
IDCJAC0009,16073,1978,04,20,0.0,,Y
IDCJAC0009,16073,1978,04,21,0.0,,Y
IDCJAC0009,16073,1978,04,22,0.0,,Y
IDCJAC0009,16073,1978,04,23,0.0,,Y
IDCJAC0009,16073,1978,04,24,0.0,,Y
IDCJAC0009,16073,1978,04,25,0.0,,Y
IDCJAC0009,16073,1978,04,26,0.0,,Y
IDCJAC0009,16073,1978,04,27,0.0,,Y
IDCJAC0009,16073,1978,04,28,0.0,,Y
IDCJAC0009,16073,1978,04,29,0.0,,Y
IDCJAC0009,16073,1978,04,30,0.0,,Y
IDCJAC0009,16073,1978,05,01,0.0,,Y
IDCJAC0009,16073,1978,05,02,2.1,1,Y
IDCJAC0009,16073,1978,05,03,2.3,1,Y
IDCJAC0009,16073,1978,05,04,0.0,,Y
IDCJAC0009,16073,1978,05,05,0.0,,Y
IDCJAC0009,16073,1978,05,06,0.0,,Y
IDCJAC0009,16073,1978,05,07,0.0,,Y
IDCJAC0009,16073,1978,05,08,0.0,,Y
IDCJAC0009,16073,1978,05,09,0.0,,Y
IDCJAC0009,16073,1978,05,10,0.0,,Y
IDCJAC0009,16073,1978,05,11,0.0,,Y
IDCJAC0009,16073,1978,05,12,0.0,,Y
IDCJAC0009,16073,1978,05,13,0.0,,Y
IDCJAC0009,16073,1978,05,14,0.0,,Y
IDCJAC0009,16073,1978,05,15,0.0,,Y
IDCJAC0009,16073,1978,05,16,0.0,,Y
IDCJAC0009,16073,1978,05,17,0.0,,Y
IDCJAC0009,16073,1978,05,18,0.0,,Y
IDCJAC0009,16073,1978,05,19,0.0,,Y
IDCJAC0009,16073,1978,05,20,0.0,,Y
IDCJAC0009,16073,1978,05,21,0.0,,Y
IDCJAC0009,16073,1978,05,22,6.1,1,Y
IDCJAC0009,16073,1978,05,23,6.0,1,Y
IDCJAC0009,16073,1978,05,24,2.4,1,Y
IDCJAC0009,16073,1978,05,25,0.0,,Y
IDCJAC0009,16073,1978,05,26,0.0,,Y
IDCJAC0009,16073,1978,05,27,0.0,,Y
IDCJAC0009,16073,1978,05,28,0.0,,Y
IDCJAC0009,16073,1978,05,29,0.0,,Y
IDCJAC0009,16073,1978,05,30,0.0,,Y
IDCJAC0009,16073,1978,05,31,0.0,,Y
IDCJAC0009,16073,1978,06,01,0.0,,Y
IDCJAC0009,16073,1978,06,02,0.0,,Y
IDCJAC0009,16073,1978,06,03,0.0,,Y
IDCJAC0009,16073,1978,06,04,12.0,1,Y
IDCJAC0009,16073,1978,06,05,0.0,,Y
IDCJAC0009,16073,1978,06,06,0.0,,Y
IDCJAC0009,16073,1978,06,07,0.0,,Y
IDCJAC0009,16073,1978,06,08,0.0,,Y
IDCJAC0009,16073,1978,06,09,0.0,,Y
IDCJAC0009,16073,1978,06,10,24.0,1,Y
IDCJAC0009,16073,1978,06,11,12.2,1,Y
IDCJAC0009,16073,1978,06,12,0.0,,Y
IDCJAC0009,16073,1978,06,13,0.0,,Y
IDCJAC0009,16073,1978,06,14,0.0,,Y
IDCJAC0009,16073,1978,06,15,0.0,,Y
IDCJAC0009,16073,1978,06,16,0.0,,Y
IDCJAC0009,16073,1978,06,17,0.0,,Y
IDCJAC0009,16073,1978,06,18,0.0,,Y
IDCJAC0009,16073,1978,06,19,0.0,,Y
IDCJAC0009,16073,1978,06,20,0.0,,Y
IDCJAC0009,16073,1978,06,21,0.0,,Y
IDCJAC0009,16073,1978,06,22,0.0,,Y
IDCJAC0009,16073,1978,06,23,0.0,,Y
IDCJAC0009,16073,1978,06,24,7.2,1,Y
IDCJAC0009,16073,1978,06,25,0.0,,Y
IDCJAC0009,16073,1978,06,26,12.6,1,Y
IDCJAC0009,16073,1978,06,27,0.0,,Y
IDCJAC0009,16073,1978,06,28,0.0,,Y
IDCJAC0009,16073,1978,06,29,0.0,,Y
IDCJAC0009,16073,1978,06,30,14.8,1,Y
IDCJAC0009,16073,1978,07,01,0.0,,Y
IDCJAC0009,16073,1978,07,02,0.0,,Y
IDCJAC0009,16073,1978,07,03,0.0,,Y
IDCJAC0009,16073,1978,07,04,0.0,,Y
IDCJAC0009,16073,1978,07,05,0.0,,Y
IDCJAC0009,16073,1978,07,06,0.0,,Y
IDCJAC0009,16073,1978,07,07,0.0,,Y
IDCJAC0009,16073,1978,07,08,4.2,1,Y
IDCJAC0009,16073,1978,07,09,4.5,1,Y
IDCJAC0009,16073,1978,07,10,0.0,,Y
IDCJAC0009,16073,1978,07,11,0.0,,Y
IDCJAC0009,16073,1978,07,12,0.0,,Y
IDCJAC0009,16073,1978,07,13,0.0,,Y
IDCJAC0009,16073,1978,07,14,0.0,,Y
IDCJAC0009,16073,1978,07,15,0.0,,Y
IDCJAC0009,16073,1978,07,16,0.0,,Y
IDCJAC0009,16073,1978,07,17,0.0,,Y
IDCJAC0009,16073,1978,07,18,0.0,,Y
IDCJAC0009,16073,1978,07,19,0.0,,Y
IDCJAC0009,16073,1978,07,20,0.0,,Y
IDCJAC0009,16073,1978,07,21,0.0,,Y
IDCJAC0009,16073,1978,07,22,0.0,,Y
IDCJAC0009,16073,1978,07,23,0.0,,Y
IDCJAC0009,16073,1978,07,24,0.0,,Y
IDCJAC0009,16073,1978,07,25,0.0,,Y
IDCJAC0009,16073,1978,07,26,0.0,,Y
IDCJAC0009,16073,1978,07,27,0.0,,Y
IDCJAC0009,16073,1978,07,28,0.0,,Y
IDCJAC0009,16073,1978,07,29,0.0,,Y
IDCJAC0009,16073,1978,07,30,0.0,,Y
IDCJAC0009,16073,1978,07,31,0.0,,Y
IDCJAC0009,16073,1978,08,01,0.0,,Y
IDCJAC0009,16073,1978,08,02,8.6,1,Y
IDCJAC0009,16073,1978,08,03,0.0,,Y
IDCJAC0009,16073,1978,08,04,10.4,1,Y
IDCJAC0009,16073,1978,08,05,2.4,1,Y
IDCJAC0009,16073,1978,08,06,0.0,,Y
IDCJAC0009,16073,1978,08,07,1.0,1,Y
IDCJAC0009,16073,1978,08,08,0.0,,Y
IDCJAC0009,16073,1978,08,09,0.0,,Y
IDCJAC0009,16073,1978,08,10,0.0,,Y
IDCJAC0009,16073,1978,08,11,0.0,,Y
IDCJAC0009,16073,1978,08,12,0.0,,Y
IDCJAC0009,16073,1978,08,13,0.0,,Y
IDCJAC0009,16073,1978,08,14,0.0,,Y
IDCJAC0009,16073,1978,08,15,0.0,,Y
IDCJAC0009,16073,1978,08,16,1.6,1,Y
IDCJAC0009,16073,1978,08,17,5.0,1,Y
IDCJAC0009,16073,1978,08,18,0.0,,Y
IDCJAC0009,16073,1978,08,19,0.0,,Y
IDCJAC0009,16073,1978,08,20,0.0,,Y
IDCJAC0009,16073,1978,08,21,0.0,,Y
IDCJAC0009,16073,1978,08,22,0.0,,Y
IDCJAC0009,16073,1978,08,23,0.0,,Y
IDCJAC0009,16073,1978,08,24,0.0,,Y
IDCJAC0009,16073,1978,08,25,0.0,,Y
IDCJAC0009,16073,1978,08,26,0.0,,Y
IDCJAC0009,16073,1978,08,27,0.0,,Y
IDCJAC0009,16073,1978,08,28,0.0,,Y
IDCJAC0009,16073,1978,08,29,0.0,,Y
IDCJAC0009,16073,1978,08,30,0.0,,Y
IDCJAC0009,16073,1978,08,31,0.0,,Y
IDCJAC0009,16073,1978,09,01,0.0,,Y
IDCJAC0009,16073,1978,09,02,0.0,,Y
IDCJAC0009,16073,1978,09,03,0.0,,Y
IDCJAC0009,16073,1978,09,04,0.0,,Y
IDCJAC0009,16073,1978,09,05,0.0,,Y
IDCJAC0009,16073,1978,09,06,0.0,,Y
IDCJAC0009,16073,1978,09,07,0.0,,Y
IDCJAC0009,16073,1978,09,08,0.0,,Y
IDCJAC0009,16073,1978,09,09,0.0,,Y
IDCJAC0009,16073,1978,09,10,0.0,,Y
IDCJAC0009,16073,1978,09,11,0.0,,Y
IDCJAC0009,16073,1978,09,12,0.0,,Y
IDCJAC0009,16073,1978,09,13,0.0,,Y
IDCJAC0009,16073,1978,09,14,0.0,,Y
IDCJAC0009,16073,1978,09,15,0.0,,Y
IDCJAC0009,16073,1978,09,16,0.0,,Y
IDCJAC0009,16073,1978,09,17,0.0,,Y
IDCJAC0009,16073,1978,09,18,0.0,,Y
IDCJAC0009,16073,1978,09,19,0.0,,Y
IDCJAC0009,16073,1978,09,20,0.0,,Y
IDCJAC0009,16073,1978,09,21,0.0,,Y
IDCJAC0009,16073,1978,09,22,0.0,,Y
IDCJAC0009,16073,1978,09,23,0.0,,Y
IDCJAC0009,16073,1978,09,24,0.0,,Y
IDCJAC0009,16073,1978,09,25,0.0,,Y
IDCJAC0009,16073,1978,09,26,0.0,,Y
IDCJAC0009,16073,1978,09,27,0.0,,Y
IDCJAC0009,16073,1978,09,28,0.0,,Y
IDCJAC0009,16073,1978,09,29,0.0,,Y
IDCJAC0009,16073,1978,09,30,0.0,,Y
IDCJAC0009,16073,1978,10,01,0.0,,Y
IDCJAC0009,16073,1978,10,02,0.0,,Y
IDCJAC0009,16073,1978,10,03,0.0,,Y
IDCJAC0009,16073,1978,10,04,0.0,,Y
IDCJAC0009,16073,1978,10,05,0.0,,Y
IDCJAC0009,16073,1978,10,06,0.0,,Y
IDCJAC0009,16073,1978,10,07,0.0,,Y
IDCJAC0009,16073,1978,10,08,0.0,,Y
IDCJAC0009,16073,1978,10,09,0.0,,Y
IDCJAC0009,16073,1978,10,10,0.0,,Y
IDCJAC0009,16073,1978,10,11,0.0,,Y
IDCJAC0009,16073,1978,10,12,0.0,,Y
IDCJAC0009,16073,1978,10,13,0.0,,Y
IDCJAC0009,16073,1978,10,14,0.0,,Y
IDCJAC0009,16073,1978,10,15,0.0,,Y
IDCJAC0009,16073,1978,10,16,0.0,,Y
IDCJAC0009,16073,1978,10,17,0.0,,Y
IDCJAC0009,16073,1978,10,18,0.0,,Y
IDCJAC0009,16073,1978,10,19,0.0,,Y
IDCJAC0009,16073,1978,10,20,0.0,,Y
IDCJAC0009,16073,1978,10,21,0.0,,Y
IDCJAC0009,16073,1978,10,22,0.0,,Y
IDCJAC0009,16073,1978,10,23,0.0,,Y
IDCJAC0009,16073,1978,10,24,0.0,,Y
IDCJAC0009,16073,1978,10,25,0.0,,Y
IDCJAC0009,16073,1978,10,26,0.0,,Y
IDCJAC0009,16073,1978,10,27,0.0,,Y
IDCJAC0009,16073,1978,10,28,18.6,1,Y
IDCJAC0009,16073,1978,10,29,0.0,,Y
IDCJAC0009,16073,1978,10,30,0.0,,Y
IDCJAC0009,16073,1978,10,31,0.0,,Y
IDCJAC0009,16073,1978,11,01,0.0,,Y
IDCJAC0009,16073,1978,11,02,0.0,,Y
IDCJAC0009,16073,1978,11,03,0.0,,Y
IDCJAC0009,16073,1978,11,04,0.0,,Y
IDCJAC0009,16073,1978,11,05,0.0,,Y
IDCJAC0009,16073,1978,11,06,0.0,,Y
IDCJAC0009,16073,1978,11,07,0.0,,Y
IDCJAC0009,16073,1978,11,08,0.0,,Y
IDCJAC0009,16073,1978,11,09,0.0,,Y
IDCJAC0009,16073,1978,11,10,0.0,,Y
IDCJAC0009,16073,1978,11,11,0.0,,Y
IDCJAC0009,16073,1978,11,12,0.0,,Y
IDCJAC0009,16073,1978,11,13,0.0,,Y
IDCJAC0009,16073,1978,11,14,0.0,,Y
IDCJAC0009,16073,1978,11,15,0.0,,Y
IDCJAC0009,16073,1978,11,16,0.0,,Y
IDCJAC0009,16073,1978,11,17,0.0,,Y
IDCJAC0009,16073,1978,11,18,0.0,,Y
IDCJAC0009,16073,1978,11,19,0.0,,Y
IDCJAC0009,16073,1978,11,20,0.0,,Y
IDCJAC0009,16073,1978,11,21,0.0,,Y
IDCJAC0009,16073,1978,11,22,0.0,,Y
IDCJAC0009,16073,1978,11,23,0.0,,Y
IDCJAC0009,16073,1978,11,24,0.0,,Y
IDCJAC0009,16073,1978,11,25,0.0,,Y
IDCJAC0009,16073,1978,11,26,0.0,,Y
IDCJAC0009,16073,1978,11,27,0.0,,Y
IDCJAC0009,16073,1978,11,28,0.0,,Y
IDCJAC0009,16073,1978,11,29,0.0,,Y
IDCJAC0009,16073,1978,11,30,0.0,,Y
IDCJAC0009,16073,1978,12,01,0.0,,Y
IDCJAC0009,16073,1978,12,02,0.0,,Y
IDCJAC0009,16073,1978,12,03,4.2,1,Y
IDCJAC0009,16073,1978,12,04,0.0,,Y
IDCJAC0009,16073,1978,12,05,0.0,,Y
IDCJAC0009,16073,1978,12,06,0.0,,Y
IDCJAC0009,16073,1978,12,07,0.0,,Y
IDCJAC0009,16073,1978,12,08,0.0,,Y
IDCJAC0009,16073,1978,12,09,4.8,1,Y
IDCJAC0009,16073,1978,12,10,0.8,1,Y
IDCJAC0009,16073,1978,12,11,0.0,,Y
IDCJAC0009,16073,1978,12,12,0.0,,Y
IDCJAC0009,16073,1978,12,13,0.0,,Y
IDCJAC0009,16073,1978,12,14,0.0,,Y
IDCJAC0009,16073,1978,12,15,0.0,,Y
IDCJAC0009,16073,1978,12,16,0.0,,Y
IDCJAC0009,16073,1978,12,17,0.0,,Y
IDCJAC0009,16073,1978,12,18,0.0,,Y
IDCJAC0009,16073,1978,12,19,0.0,,Y
IDCJAC0009,16073,1978,12,20,0.0,,Y
IDCJAC0009,16073,1978,12,21,0.0,,Y
IDCJAC0009,16073,1978,12,22,0.0,,Y
IDCJAC0009,16073,1978,12,23,0.0,,Y
IDCJAC0009,16073,1978,12,24,0.0,,Y
IDCJAC0009,16073,1978,12,25,0.0,,Y
IDCJAC0009,16073,1978,12,26,0.0,,Y
IDCJAC0009,16073,1978,12,27,0.0,,Y
IDCJAC0009,16073,1978,12,28,0.0,,Y
IDCJAC0009,16073,1978,12,29,0.0,,Y
IDCJAC0009,16073,1978,12,30,0.0,,Y
IDCJAC0009,16073,1978,12,31,0.0,,Y
IDCJAC0009,16073,1979,01,01,0.0,,Y
IDCJAC0009,16073,1979,01,02,0.0,,Y
IDCJAC0009,16073,1979,01,03,0.0,,Y
IDCJAC0009,16073,1979,01,04,0.0,,Y
IDCJAC0009,16073,1979,01,05,0.0,,Y
IDCJAC0009,16073,1979,01,06,0.0,,Y
IDCJAC0009,16073,1979,01,07,0.0,,Y
IDCJAC0009,16073,1979,01,08,0.0,,Y
IDCJAC0009,16073,1979,01,09,0.0,,Y
IDCJAC0009,16073,1979,01,10,0.0,,Y
IDCJAC0009,16073,1979,01,11,0.0,,Y
IDCJAC0009,16073,1979,01,12,0.0,,Y
IDCJAC0009,16073,1979,01,13,0.0,,Y
IDCJAC0009,16073,1979,01,14,0.0,,Y
IDCJAC0009,16073,1979,01,15,0.0,,Y
IDCJAC0009,16073,1979,01,16,0.0,,Y
IDCJAC0009,16073,1979,01,17,0.0,,Y
IDCJAC0009,16073,1979,01,18,0.0,,Y
IDCJAC0009,16073,1979,01,19,0.0,,Y
IDCJAC0009,16073,1979,01,20,0.0,,Y
IDCJAC0009,16073,1979,01,21,0.0,,Y
IDCJAC0009,16073,1979,01,22,0.0,,Y
IDCJAC0009,16073,1979,01,23,0.0,,Y
IDCJAC0009,16073,1979,01,24,0.0,,Y
IDCJAC0009,16073,1979,01,25,0.0,,Y
IDCJAC0009,16073,1979,01,26,0.0,,Y
IDCJAC0009,16073,1979,01,27,0.0,,Y
IDCJAC0009,16073,1979,01,28,0.0,,Y
IDCJAC0009,16073,1979,01,29,0.0,,Y
IDCJAC0009,16073,1979,01,30,0.0,,Y
IDCJAC0009,16073,1979,01,31,0.0,,Y
IDCJAC0009,16073,1979,02,01,0.0,,Y
IDCJAC0009,16073,1979,02,02,0.0,,Y
IDCJAC0009,16073,1979,02,03,0.0,,Y
IDCJAC0009,16073,1979,02,04,0.0,,Y
IDCJAC0009,16073,1979,02,05,0.0,,Y
IDCJAC0009,16073,1979,02,06,0.0,,Y
IDCJAC0009,16073,1979,02,07,0.0,,Y
IDCJAC0009,16073,1979,02,08,0.0,,Y
IDCJAC0009,16073,1979,02,09,0.0,,Y
IDCJAC0009,16073,1979,02,10,0.0,,Y
IDCJAC0009,16073,1979,02,11,0.0,,Y
IDCJAC0009,16073,1979,02,12,0.0,,Y
IDCJAC0009,16073,1979,02,13,0.0,,Y
IDCJAC0009,16073,1979,02,14,0.0,,Y
IDCJAC0009,16073,1979,02,15,0.0,,Y
IDCJAC0009,16073,1979,02,16,0.0,,Y
IDCJAC0009,16073,1979,02,17,0.0,,Y
IDCJAC0009,16073,1979,02,18,0.0,,Y
IDCJAC0009,16073,1979,02,19,0.0,,Y
IDCJAC0009,16073,1979,02,20,0.0,,Y
IDCJAC0009,16073,1979,02,21,0.0,,Y
IDCJAC0009,16073,1979,02,22,0.0,,Y
IDCJAC0009,16073,1979,02,23,0.0,,Y
IDCJAC0009,16073,1979,02,24,0.0,,Y
IDCJAC0009,16073,1979,02,25,0.0,,Y
IDCJAC0009,16073,1979,02,26,0.0,,Y
IDCJAC0009,16073,1979,02,27,0.0,,Y
IDCJAC0009,16073,1979,02,28,0.0,,Y
IDCJAC0009,16073,1979,03,01,0.0,,Y
IDCJAC0009,16073,1979,03,02,0.0,,Y
IDCJAC0009,16073,1979,03,03,50.0,1,Y
IDCJAC0009,16073,1979,03,04,0.0,,Y
IDCJAC0009,16073,1979,03,05,0.0,,Y
IDCJAC0009,16073,1979,03,06,0.0,,Y
IDCJAC0009,16073,1979,03,07,0.0,,Y
IDCJAC0009,16073,1979,03,08,0.0,,Y
IDCJAC0009,16073,1979,03,09,0.0,,Y
IDCJAC0009,16073,1979,03,10,0.0,,Y
IDCJAC0009,16073,1979,03,11,0.0,,Y
IDCJAC0009,16073,1979,03,12,0.0,,Y
IDCJAC0009,16073,1979,03,13,0.0,,Y
IDCJAC0009,16073,1979,03,14,0.0,,Y
IDCJAC0009,16073,1979,03,15,0.0,,Y
IDCJAC0009,16073,1979,03,16,0.0,,Y
IDCJAC0009,16073,1979,03,17,0.0,,Y
IDCJAC0009,16073,1979,03,18,0.0,,Y
IDCJAC0009,16073,1979,03,19,0.0,,Y
IDCJAC0009,16073,1979,03,20,0.0,,Y
IDCJAC0009,16073,1979,03,21,0.0,,Y
IDCJAC0009,16073,1979,03,22,0.0,,Y
IDCJAC0009,16073,1979,03,23,0.0,,Y
IDCJAC0009,16073,1979,03,24,0.0,,Y
IDCJAC0009,16073,1979,03,25,0.0,,Y
IDCJAC0009,16073,1979,03,26,0.0,,Y
IDCJAC0009,16073,1979,03,27,0.0,,Y
IDCJAC0009,16073,1979,03,28,0.0,,Y
IDCJAC0009,16073,1979,03,29,0.0,,Y
IDCJAC0009,16073,1979,03,30,0.0,,Y
IDCJAC0009,16073,1979,03,31,0.0,,Y
IDCJAC0009,16073,1979,04,01,0.0,,Y
IDCJAC0009,16073,1979,04,02,0.0,,Y
IDCJAC0009,16073,1979,04,03,0.0,,Y
IDCJAC0009,16073,1979,04,04,18.2,1,Y
IDCJAC0009,16073,1979,04,05,8.2,1,Y
IDCJAC0009,16073,1979,04,06,0.0,,Y
IDCJAC0009,16073,1979,04,07,0.0,,Y
IDCJAC0009,16073,1979,04,08,0.0,,Y
IDCJAC0009,16073,1979,04,09,0.0,,Y
IDCJAC0009,16073,1979,04,10,0.0,,Y
IDCJAC0009,16073,1979,04,11,0.0,,Y
IDCJAC0009,16073,1979,04,12,0.0,,Y
IDCJAC0009,16073,1979,04,13,0.0,,Y
IDCJAC0009,16073,1979,04,14,0.0,,Y
IDCJAC0009,16073,1979,04,15,0.0,,Y
IDCJAC0009,16073,1979,04,16,0.0,,Y
IDCJAC0009,16073,1979,04,17,0.0,,Y
IDCJAC0009,16073,1979,04,18,0.0,,Y
IDCJAC0009,16073,1979,04,19,0.0,,Y
IDCJAC0009,16073,1979,04,20,0.0,,Y
IDCJAC0009,16073,1979,04,21,45.0,1,Y
IDCJAC0009,16073,1979,04,22,16.0,1,Y
IDCJAC0009,16073,1979,04,23,0.0,,Y
IDCJAC0009,16073,1979,04,24,0.0,,Y
IDCJAC0009,16073,1979,04,25,0.0,,Y
IDCJAC0009,16073,1979,04,26,0.0,,Y
IDCJAC0009,16073,1979,04,27,0.0,,Y
IDCJAC0009,16073,1979,04,28,0.0,,Y
IDCJAC0009,16073,1979,04,29,0.0,,Y
IDCJAC0009,16073,1979,04,30,21.0,1,Y
IDCJAC0009,16073,1979,05,01,0.0,,Y
IDCJAC0009,16073,1979,05,02,0.0,,Y
IDCJAC0009,16073,1979,05,03,18.6,1,Y
IDCJAC0009,16073,1979,05,04,0.0,,Y
IDCJAC0009,16073,1979,05,05,0.0,,Y
IDCJAC0009,16073,1979,05,06,0.0,,Y
IDCJAC0009,16073,1979,05,07,0.0,,Y
IDCJAC0009,16073,1979,05,08,0.0,,Y
IDCJAC0009,16073,1979,05,09,0.0,,Y
IDCJAC0009,16073,1979,05,10,0.0,,Y
IDCJAC0009,16073,1979,05,11,0.0,,Y
IDCJAC0009,16073,1979,05,12,0.0,,Y
IDCJAC0009,16073,1979,05,13,0.0,,Y
IDCJAC0009,16073,1979,05,14,0.0,,Y
IDCJAC0009,16073,1979,05,15,0.0,,Y
IDCJAC0009,16073,1979,05,16,0.0,,Y
IDCJAC0009,16073,1979,05,17,0.0,,Y
IDCJAC0009,16073,1979,05,18,0.0,,Y
IDCJAC0009,16073,1979,05,19,0.0,,Y
IDCJAC0009,16073,1979,05,20,0.0,,Y
IDCJAC0009,16073,1979,05,21,0.0,,Y
IDCJAC0009,16073,1979,05,22,0.0,,Y
IDCJAC0009,16073,1979,05,23,0.0,,Y
IDCJAC0009,16073,1979,05,24,0.0,,Y
IDCJAC0009,16073,1979,05,25,35.0,1,Y
IDCJAC0009,16073,1979,05,26,10.6,1,Y
IDCJAC0009,16073,1979,05,27,0.0,,Y
IDCJAC0009,16073,1979,05,28,0.0,,Y
IDCJAC0009,16073,1979,05,29,0.0,,Y
IDCJAC0009,16073,1979,05,30,0.0,,Y
IDCJAC0009,16073,1979,05,31,0.0,,Y
IDCJAC0009,16073,1979,06,01,0.0,,Y
IDCJAC0009,16073,1979,06,02,0.0,,Y
IDCJAC0009,16073,1979,06,03,0.0,,Y
IDCJAC0009,16073,1979,06,04,0.0,,Y
IDCJAC0009,16073,1979,06,05,0.0,,Y
IDCJAC0009,16073,1979,06,06,0.0,,Y
IDCJAC0009,16073,1979,06,07,6.2,1,Y
IDCJAC0009,16073,1979,06,08,0.0,,Y
IDCJAC0009,16073,1979,06,09,0.0,,Y
IDCJAC0009,16073,1979,06,10,0.0,,Y
IDCJAC0009,16073,1979,06,11,0.0,,Y
IDCJAC0009,16073,1979,06,12,0.0,,Y
IDCJAC0009,16073,1979,06,13,0.0,,Y
IDCJAC0009,16073,1979,06,14,0.0,,Y
IDCJAC0009,16073,1979,06,15,0.0,,Y
IDCJAC0009,16073,1979,06,16,0.0,,Y
IDCJAC0009,16073,1979,06,17,0.0,,Y
IDCJAC0009,16073,1979,06,18,0.0,,Y
IDCJAC0009,16073,1979,06,19,0.0,,Y
IDCJAC0009,16073,1979,06,20,0.0,,Y
IDCJAC0009,16073,1979,06,21,0.0,,Y
IDCJAC0009,16073,1979,06,22,0.0,,Y
IDCJAC0009,16073,1979,06,23,0.0,,Y
IDCJAC0009,16073,1979,06,24,0.0,,Y
IDCJAC0009,16073,1979,06,25,0.0,,Y
IDCJAC0009,16073,1979,06,26,0.0,,Y
IDCJAC0009,16073,1979,06,27,0.0,,Y
IDCJAC0009,16073,1979,06,28,0.0,,Y
IDCJAC0009,16073,1979,06,29,0.0,,Y
IDCJAC0009,16073,1979,06,30,0.0,,Y
IDCJAC0009,16073,1979,07,01,0.0,,Y
IDCJAC0009,16073,1979,07,02,0.0,,Y
IDCJAC0009,16073,1979,07,03,0.0,,Y
IDCJAC0009,16073,1979,07,04,0.0,,Y
IDCJAC0009,16073,1979,07,05,0.0,,Y
IDCJAC0009,16073,1979,07,06,0.0,,Y
IDCJAC0009,16073,1979,07,07,0.0,,Y
IDCJAC0009,16073,1979,07,08,0.0,,Y
IDCJAC0009,16073,1979,07,09,0.0,,Y
IDCJAC0009,16073,1979,07,10,0.0,,Y
IDCJAC0009,16073,1979,07,11,0.0,,Y
IDCJAC0009,16073,1979,07,12,0.0,,Y
IDCJAC0009,16073,1979,07,13,0.0,,Y
IDCJAC0009,16073,1979,07,14,0.0,,Y
IDCJAC0009,16073,1979,07,15,0.0,,Y
IDCJAC0009,16073,1979,07,16,0.0,,Y
IDCJAC0009,16073,1979,07,17,0.0,,Y
IDCJAC0009,16073,1979,07,18,0.0,,Y
IDCJAC0009,16073,1979,07,19,0.0,,Y
IDCJAC0009,16073,1979,07,20,0.0,,Y
IDCJAC0009,16073,1979,07,21,0.0,,Y
IDCJAC0009,16073,1979,07,22,0.0,,Y
IDCJAC0009,16073,1979,07,23,0.0,,Y
IDCJAC0009,16073,1979,07,24,0.0,,Y
IDCJAC0009,16073,1979,07,25,0.0,,Y
IDCJAC0009,16073,1979,07,26,0.0,,Y
IDCJAC0009,16073,1979,07,27,0.0,,Y
IDCJAC0009,16073,1979,07,28,0.0,,Y
IDCJAC0009,16073,1979,07,29,0.0,,Y
IDCJAC0009,16073,1979,07,30,0.0,,Y
IDCJAC0009,16073,1979,07,31,0.0,,Y
IDCJAC0009,16073,1979,08,01,6.5,1,Y
IDCJAC0009,16073,1979,08,02,0.0,,Y
IDCJAC0009,16073,1979,08,03,0.0,,Y
IDCJAC0009,16073,1979,08,04,0.0,,Y
IDCJAC0009,16073,1979,08,05,6.8,1,Y
IDCJAC0009,16073,1979,08,06,0.0,,Y
IDCJAC0009,16073,1979,08,07,0.0,,Y
IDCJAC0009,16073,1979,08,08,0.0,,Y
IDCJAC0009,16073,1979,08,09,0.0,,Y
IDCJAC0009,16073,1979,08,10,0.0,,Y
IDCJAC0009,16073,1979,08,11,0.0,,Y
IDCJAC0009,16073,1979,08,12,0.0,,Y
IDCJAC0009,16073,1979,08,13,0.0,,Y
IDCJAC0009,16073,1979,08,14,0.0,,Y
IDCJAC0009,16073,1979,08,15,0.0,,Y
IDCJAC0009,16073,1979,08,16,0.0,,Y
IDCJAC0009,16073,1979,08,17,0.0,,Y
IDCJAC0009,16073,1979,08,18,3.0,1,Y
IDCJAC0009,16073,1979,08,19,0.0,,Y
IDCJAC0009,16073,1979,08,20,0.0,,Y
IDCJAC0009,16073,1979,08,21,17.0,1,Y
IDCJAC0009,16073,1979,08,22,22.0,1,Y
IDCJAC0009,16073,1979,08,23,0.0,,Y
IDCJAC0009,16073,1979,08,24,0.0,,Y
IDCJAC0009,16073,1979,08,25,0.0,,Y
IDCJAC0009,16073,1979,08,26,0.0,,Y
IDCJAC0009,16073,1979,08,27,12.0,1,Y
IDCJAC0009,16073,1979,08,28,0.0,,Y
IDCJAC0009,16073,1979,08,29,0.0,,Y
IDCJAC0009,16073,1979,08,30,0.0,,Y
IDCJAC0009,16073,1979,08,31,0.0,,Y
IDCJAC0009,16073,1979,09,01,4.0,1,Y
IDCJAC0009,16073,1979,09,02,0.0,,Y
IDCJAC0009,16073,1979,09,03,6.4,1,Y
IDCJAC0009,16073,1979,09,04,0.0,,Y
IDCJAC0009,16073,1979,09,05,0.0,,Y
IDCJAC0009,16073,1979,09,06,0.0,,Y
IDCJAC0009,16073,1979,09,07,0.0,,Y
IDCJAC0009,16073,1979,09,08,0.0,,Y
IDCJAC0009,16073,1979,09,09,0.0,,Y
IDCJAC0009,16073,1979,09,10,0.0,,Y
IDCJAC0009,16073,1979,09,11,0.0,,Y
IDCJAC0009,16073,1979,09,12,0.0,,Y
IDCJAC0009,16073,1979,09,13,0.0,,Y
IDCJAC0009,16073,1979,09,14,0.0,,Y
IDCJAC0009,16073,1979,09,15,0.0,,Y
IDCJAC0009,16073,1979,09,16,0.0,,Y
IDCJAC0009,16073,1979,09,17,0.0,,Y
IDCJAC0009,16073,1979,09,18,0.0,,Y
IDCJAC0009,16073,1979,09,19,0.0,,Y
IDCJAC0009,16073,1979,09,20,0.0,,Y
IDCJAC0009,16073,1979,09,21,0.0,,Y
IDCJAC0009,16073,1979,09,22,1.4,1,Y
IDCJAC0009,16073,1979,09,23,5.6,1,Y
IDCJAC0009,16073,1979,09,24,21.8,1,Y
IDCJAC0009,16073,1979,09,25,0.0,,Y
IDCJAC0009,16073,1979,09,26,0.0,,Y
IDCJAC0009,16073,1979,09,27,12.0,1,Y
IDCJAC0009,16073,1979,09,28,0.0,,Y
IDCJAC0009,16073,1979,09,29,0.0,,Y
IDCJAC0009,16073,1979,09,30,0.0,,Y
IDCJAC0009,16073,1979,10,01,,,
IDCJAC0009,16073,1979,10,02,,,
IDCJAC0009,16073,1979,10,03,,,
IDCJAC0009,16073,1979,10,04,,,
IDCJAC0009,16073,1979,10,05,,,
IDCJAC0009,16073,1979,10,06,,,
IDCJAC0009,16073,1979,10,07,,,
IDCJAC0009,16073,1979,10,08,,,
IDCJAC0009,16073,1979,10,09,,,
IDCJAC0009,16073,1979,10,10,,,
IDCJAC0009,16073,1979,10,11,,,
IDCJAC0009,16073,1979,10,12,,,
IDCJAC0009,16073,1979,10,13,,,
IDCJAC0009,16073,1979,10,14,,,
IDCJAC0009,16073,1979,10,15,,,
IDCJAC0009,16073,1979,10,16,,,
IDCJAC0009,16073,1979,10,17,,,
IDCJAC0009,16073,1979,10,18,,,
IDCJAC0009,16073,1979,10,19,,,
IDCJAC0009,16073,1979,10,20,,,
IDCJAC0009,16073,1979,10,21,,,
IDCJAC0009,16073,1979,10,22,,,
IDCJAC0009,16073,1979,10,23,,,
IDCJAC0009,16073,1979,10,24,,,
IDCJAC0009,16073,1979,10,25,,,
IDCJAC0009,16073,1979,10,26,,,
IDCJAC0009,16073,1979,10,27,,,
IDCJAC0009,16073,1979,10,28,,,
IDCJAC0009,16073,1979,10,29,,,
IDCJAC0009,16073,1979,10,30,,,
IDCJAC0009,16073,1979,10,31,,,
IDCJAC0009,16073,1979,11,01,0.0,,Y
IDCJAC0009,16073,1979,11,02,0.0,,Y
IDCJAC0009,16073,1979,11,03,0.0,,Y
IDCJAC0009,16073,1979,11,04,0.0,,Y
IDCJAC0009,16073,1979,11,05,0.0,,Y
IDCJAC0009,16073,1979,11,06,0.0,,Y
IDCJAC0009,16073,1979,11,07,0.0,,Y
IDCJAC0009,16073,1979,11,08,0.0,,Y
IDCJAC0009,16073,1979,11,09,3.8,1,Y
IDCJAC0009,16073,1979,11,10,0.6,1,Y
IDCJAC0009,16073,1979,11,11,3.6,1,Y
IDCJAC0009,16073,1979,11,12,0.0,,Y
IDCJAC0009,16073,1979,11,13,13.0,1,Y
IDCJAC0009,16073,1979,11,14,31.0,1,Y
IDCJAC0009,16073,1979,11,15,0.0,,Y
IDCJAC0009,16073,1979,11,16,0.0,,Y
IDCJAC0009,16073,1979,11,17,0.0,,Y
IDCJAC0009,16073,1979,11,18,0.0,,Y
IDCJAC0009,16073,1979,11,19,3.6,1,Y
IDCJAC0009,16073,1979,11,20,4.5,1,Y
IDCJAC0009,16073,1979,11,21,1.4,1,Y
IDCJAC0009,16073,1979,11,22,0.0,,Y
IDCJAC0009,16073,1979,11,23,0.0,,Y
IDCJAC0009,16073,1979,11,24,0.0,,Y
IDCJAC0009,16073,1979,11,25,0.0,,Y
IDCJAC0009,16073,1979,11,26,0.0,,Y
IDCJAC0009,16073,1979,11,27,0.0,,Y
IDCJAC0009,16073,1979,11,28,0.0,,Y
IDCJAC0009,16073,1979,11,29,0.0,,Y
IDCJAC0009,16073,1979,11,30,0.0,,Y
IDCJAC0009,16073,1979,12,01,0.0,,Y
IDCJAC0009,16073,1979,12,02,0.0,,Y
IDCJAC0009,16073,1979,12,03,0.0,,Y
IDCJAC0009,16073,1979,12,04,0.0,,Y
IDCJAC0009,16073,1979,12,05,0.0,,Y
IDCJAC0009,16073,1979,12,06,0.0,,Y
IDCJAC0009,16073,1979,12,07,0.0,,Y
IDCJAC0009,16073,1979,12,08,0.0,,Y
IDCJAC0009,16073,1979,12,09,0.0,,Y
IDCJAC0009,16073,1979,12,10,0.0,,Y
IDCJAC0009,16073,1979,12,11,0.0,,Y
IDCJAC0009,16073,1979,12,12,0.0,,Y
IDCJAC0009,16073,1979,12,13,0.0,,Y
IDCJAC0009,16073,1979,12,14,0.0,,Y
IDCJAC0009,16073,1979,12,15,0.0,,Y
IDCJAC0009,16073,1979,12,16,0.0,,Y
IDCJAC0009,16073,1979,12,17,0.0,,Y
IDCJAC0009,16073,1979,12,18,0.0,,Y
IDCJAC0009,16073,1979,12,19,0.0,,Y
IDCJAC0009,16073,1979,12,20,0.0,,Y
IDCJAC0009,16073,1979,12,21,0.0,,Y
IDCJAC0009,16073,1979,12,22,0.0,,Y
IDCJAC0009,16073,1979,12,23,0.0,,Y
IDCJAC0009,16073,1979,12,24,0.0,,Y
IDCJAC0009,16073,1979,12,25,0.0,,Y
IDCJAC0009,16073,1979,12,26,0.0,,Y
IDCJAC0009,16073,1979,12,27,0.0,,Y
IDCJAC0009,16073,1979,12,28,0.0,,Y
IDCJAC0009,16073,1979,12,29,0.0,,Y
IDCJAC0009,16073,1979,12,30,0.0,,Y
IDCJAC0009,16073,1979,12,31,0.7,1,Y
IDCJAC0009,16073,1980,01,01,0.0,,Y
IDCJAC0009,16073,1980,01,02,0.0,,Y
IDCJAC0009,16073,1980,01,03,13.6,1,Y
IDCJAC0009,16073,1980,01,04,4.5,1,Y
IDCJAC0009,16073,1980,01,05,0.0,,Y
IDCJAC0009,16073,1980,01,06,0.0,,Y
IDCJAC0009,16073,1980,01,07,0.0,,Y
IDCJAC0009,16073,1980,01,08,0.0,,Y
IDCJAC0009,16073,1980,01,09,0.0,,Y
IDCJAC0009,16073,1980,01,10,0.0,,Y
IDCJAC0009,16073,1980,01,11,0.0,,Y
IDCJAC0009,16073,1980,01,12,0.0,,Y
IDCJAC0009,16073,1980,01,13,0.0,,Y
IDCJAC0009,16073,1980,01,14,0.0,,Y
IDCJAC0009,16073,1980,01,15,0.0,,Y
IDCJAC0009,16073,1980,01,16,0.0,,Y
IDCJAC0009,16073,1980,01,17,0.0,,Y
IDCJAC0009,16073,1980,01,18,0.0,,Y
IDCJAC0009,16073,1980,01,19,0.0,,Y
IDCJAC0009,16073,1980,01,20,0.0,,Y
IDCJAC0009,16073,1980,01,21,0.0,,Y
IDCJAC0009,16073,1980,01,22,0.0,,Y
IDCJAC0009,16073,1980,01,23,0.0,,Y
IDCJAC0009,16073,1980,01,24,0.0,,Y
IDCJAC0009,16073,1980,01,25,0.0,,Y
IDCJAC0009,16073,1980,01,26,0.0,,Y
IDCJAC0009,16073,1980,01,27,0.0,,Y
IDCJAC0009,16073,1980,01,28,0.0,,Y
IDCJAC0009,16073,1980,01,29,0.0,,Y
IDCJAC0009,16073,1980,01,30,0.0,,Y
IDCJAC0009,16073,1980,01,31,0.0,,Y
IDCJAC0009,16073,1980,02,01,0.0,,Y
IDCJAC0009,16073,1980,02,02,0.0,,Y
IDCJAC0009,16073,1980,02,03,0.0,,Y
IDCJAC0009,16073,1980,02,04,0.0,,Y
IDCJAC0009,16073,1980,02,05,0.0,,Y
IDCJAC0009,16073,1980,02,06,0.0,,Y
IDCJAC0009,16073,1980,02,07,0.0,,Y
IDCJAC0009,16073,1980,02,08,0.0,,Y
IDCJAC0009,16073,1980,02,09,0.0,,Y
IDCJAC0009,16073,1980,02,10,0.0,,Y
IDCJAC0009,16073,1980,02,11,0.0,,Y
IDCJAC0009,16073,1980,02,12,0.0,,Y
IDCJAC0009,16073,1980,02,13,0.0,,Y
IDCJAC0009,16073,1980,02,14,0.0,,Y
IDCJAC0009,16073,1980,02,15,0.0,,Y
IDCJAC0009,16073,1980,02,16,0.0,,Y
IDCJAC0009,16073,1980,02,17,0.0,,Y
IDCJAC0009,16073,1980,02,18,0.0,,Y
IDCJAC0009,16073,1980,02,19,0.0,,Y
IDCJAC0009,16073,1980,02,20,0.0,,Y
IDCJAC0009,16073,1980,02,21,0.0,,Y
IDCJAC0009,16073,1980,02,22,0.0,,Y
IDCJAC0009,16073,1980,02,23,0.0,,Y
IDCJAC0009,16073,1980,02,24,0.0,,Y
IDCJAC0009,16073,1980,02,25,0.0,,Y
IDCJAC0009,16073,1980,02,26,0.0,,Y
IDCJAC0009,16073,1980,02,27,0.0,,Y
IDCJAC0009,16073,1980,02,28,0.0,,Y
IDCJAC0009,16073,1980,02,29,0.0,,Y
IDCJAC0009,16073,1980,03,01,0.0,,Y
IDCJAC0009,16073,1980,03,02,0.0,,Y
IDCJAC0009,16073,1980,03,03,0.0,,Y
IDCJAC0009,16073,1980,03,04,0.0,,Y
IDCJAC0009,16073,1980,03,05,0.0,,Y
IDCJAC0009,16073,1980,03,06,0.0,,Y
IDCJAC0009,16073,1980,03,07,0.0,,Y
IDCJAC0009,16073,1980,03,08,0.0,,Y
IDCJAC0009,16073,1980,03,09,0.0,,Y
IDCJAC0009,16073,1980,03,10,0.0,,Y
IDCJAC0009,16073,1980,03,11,0.0,,Y
IDCJAC0009,16073,1980,03,12,0.0,,Y
IDCJAC0009,16073,1980,03,13,0.0,,Y
IDCJAC0009,16073,1980,03,14,0.0,,Y
IDCJAC0009,16073,1980,03,15,0.0,,Y
IDCJAC0009,16073,1980,03,16,0.0,,Y
IDCJAC0009,16073,1980,03,17,0.0,,Y
IDCJAC0009,16073,1980,03,18,0.0,,Y
IDCJAC0009,16073,1980,03,19,0.0,,Y
IDCJAC0009,16073,1980,03,20,0.0,,Y
IDCJAC0009,16073,1980,03,21,0.0,,Y
IDCJAC0009,16073,1980,03,22,0.0,,Y
IDCJAC0009,16073,1980,03,23,0.0,,Y
IDCJAC0009,16073,1980,03,24,0.0,,Y
IDCJAC0009,16073,1980,03,25,0.0,,Y
IDCJAC0009,16073,1980,03,26,0.0,,Y
IDCJAC0009,16073,1980,03,27,0.0,,Y
IDCJAC0009,16073,1980,03,28,0.0,,Y
IDCJAC0009,16073,1980,03,29,0.0,,Y
IDCJAC0009,16073,1980,03,30,0.0,,Y
IDCJAC0009,16073,1980,03,31,0.0,,Y
IDCJAC0009,16073,1980,04,01,0.0,,Y
IDCJAC0009,16073,1980,04,02,0.0,,Y
IDCJAC0009,16073,1980,04,03,0.0,,Y
IDCJAC0009,16073,1980,04,04,0.0,,Y
IDCJAC0009,16073,1980,04,05,0.0,,Y
IDCJAC0009,16073,1980,04,06,0.0,,Y
IDCJAC0009,16073,1980,04,07,0.0,,Y
IDCJAC0009,16073,1980,04,08,0.0,,Y
IDCJAC0009,16073,1980,04,09,0.0,,Y
IDCJAC0009,16073,1980,04,10,0.0,,Y
IDCJAC0009,16073,1980,04,11,0.0,,Y
IDCJAC0009,16073,1980,04,12,0.0,,Y
IDCJAC0009,16073,1980,04,13,0.0,,Y
IDCJAC0009,16073,1980,04,14,0.0,,Y
IDCJAC0009,16073,1980,04,15,0.0,,Y
IDCJAC0009,16073,1980,04,16,0.0,,Y
IDCJAC0009,16073,1980,04,17,0.0,,Y
IDCJAC0009,16073,1980,04,18,0.0,,Y
IDCJAC0009,16073,1980,04,19,0.0,,Y
IDCJAC0009,16073,1980,04,20,0.0,,Y
IDCJAC0009,16073,1980,04,21,0.0,,Y
IDCJAC0009,16073,1980,04,22,0.0,,Y
IDCJAC0009,16073,1980,04,23,0.0,,Y
IDCJAC0009,16073,1980,04,24,0.0,,Y
IDCJAC0009,16073,1980,04,25,0.0,,Y
IDCJAC0009,16073,1980,04,26,0.0,,Y
IDCJAC0009,16073,1980,04,27,0.0,,Y
IDCJAC0009,16073,1980,04,28,0.0,,Y
IDCJAC0009,16073,1980,04,29,0.0,,Y
IDCJAC0009,16073,1980,04,30,0.0,,Y
IDCJAC0009,16073,1980,05,01,0.0,,Y
IDCJAC0009,16073,1980,05,02,0.0,,Y
IDCJAC0009,16073,1980,05,03,0.0,,Y
IDCJAC0009,16073,1980,05,04,0.0,,Y
IDCJAC0009,16073,1980,05,05,0.0,,Y
IDCJAC0009,16073,1980,05,06,0.0,,Y
IDCJAC0009,16073,1980,05,07,0.0,,Y
IDCJAC0009,16073,1980,05,08,0.0,,Y
IDCJAC0009,16073,1980,05,09,0.0,,Y
IDCJAC0009,16073,1980,05,10,0.0,,Y
IDCJAC0009,16073,1980,05,11,0.0,,Y
IDCJAC0009,16073,1980,05,12,0.0,,Y
IDCJAC0009,16073,1980,05,13,0.0,,Y
IDCJAC0009,16073,1980,05,14,0.0,,Y
IDCJAC0009,16073,1980,05,15,0.0,,Y
IDCJAC0009,16073,1980,05,16,0.0,,Y
IDCJAC0009,16073,1980,05,17,0.0,,Y
IDCJAC0009,16073,1980,05,18,0.0,,Y
IDCJAC0009,16073,1980,05,19,0.0,,Y
IDCJAC0009,16073,1980,05,20,0.0,,Y
IDCJAC0009,16073,1980,05,21,0.0,,Y
IDCJAC0009,16073,1980,05,22,0.0,,Y
IDCJAC0009,16073,1980,05,23,0.0,,Y
IDCJAC0009,16073,1980,05,24,0.0,,Y
IDCJAC0009,16073,1980,05,25,0.0,,Y
IDCJAC0009,16073,1980,05,26,0.0,,Y
IDCJAC0009,16073,1980,05,27,0.0,,Y
IDCJAC0009,16073,1980,05,28,0.0,,Y
IDCJAC0009,16073,1980,05,29,0.0,,Y
IDCJAC0009,16073,1980,05,30,0.0,,Y
IDCJAC0009,16073,1980,05,31,0.0,,Y
IDCJAC0009,16073,1980,06,01,0.0,,Y
IDCJAC0009,16073,1980,06,02,0.0,,Y
IDCJAC0009,16073,1980,06,03,0.0,,Y
IDCJAC0009,16073,1980,06,04,0.0,,Y
IDCJAC0009,16073,1980,06,05,0.0,,Y
IDCJAC0009,16073,1980,06,06,0.0,,Y
IDCJAC0009,16073,1980,06,07,0.0,,Y
IDCJAC0009,16073,1980,06,08,0.0,,Y
IDCJAC0009,16073,1980,06,09,0.0,,Y
IDCJAC0009,16073,1980,06,10,0.0,,Y
IDCJAC0009,16073,1980,06,11,0.0,,Y
IDCJAC0009,16073,1980,06,12,0.0,,Y
IDCJAC0009,16073,1980,06,13,0.0,,Y
IDCJAC0009,16073,1980,06,14,0.0,,Y
IDCJAC0009,16073,1980,06,15,0.0,,Y
IDCJAC0009,16073,1980,06,16,0.0,,Y
IDCJAC0009,16073,1980,06,17,0.0,,Y
IDCJAC0009,16073,1980,06,18,0.0,,Y
IDCJAC0009,16073,1980,06,19,14.0,1,Y
IDCJAC0009,16073,1980,06,20,10.0,1,Y
IDCJAC0009,16073,1980,06,21,0.0,,Y
IDCJAC0009,16073,1980,06,22,0.0,,Y
IDCJAC0009,16073,1980,06,23,0.0,,Y
IDCJAC0009,16073,1980,06,24,0.0,,Y
IDCJAC0009,16073,1980,06,25,0.0,,Y
IDCJAC0009,16073,1980,06,26,0.0,,Y
IDCJAC0009,16073,1980,06,27,0.0,,Y
IDCJAC0009,16073,1980,06,28,0.0,,Y
IDCJAC0009,16073,1980,06,29,0.0,,Y
IDCJAC0009,16073,1980,06,30,0.0,,Y
IDCJAC0009,16073,1980,07,01,0.0,,Y
IDCJAC0009,16073,1980,07,02,0.0,,Y
IDCJAC0009,16073,1980,07,03,0.0,,Y
IDCJAC0009,16073,1980,07,04,0.0,,Y
IDCJAC0009,16073,1980,07,05,0.0,,Y
IDCJAC0009,16073,1980,07,06,0.0,,Y
IDCJAC0009,16073,1980,07,07,0.0,,Y
IDCJAC0009,16073,1980,07,08,0.0,,Y
IDCJAC0009,16073,1980,07,09,0.0,,Y
IDCJAC0009,16073,1980,07,10,0.0,,Y
IDCJAC0009,16073,1980,07,11,0.0,,Y
IDCJAC0009,16073,1980,07,12,0.0,,Y
IDCJAC0009,16073,1980,07,13,0.0,,Y
IDCJAC0009,16073,1980,07,14,0.0,,Y
IDCJAC0009,16073,1980,07,15,0.0,,Y
IDCJAC0009,16073,1980,07,16,0.0,,Y
IDCJAC0009,16073,1980,07,17,0.0,,Y
IDCJAC0009,16073,1980,07,18,0.0,,Y
IDCJAC0009,16073,1980,07,19,0.0,,Y
IDCJAC0009,16073,1980,07,20,0.0,,Y
IDCJAC0009,16073,1980,07,21,0.0,,Y
IDCJAC0009,16073,1980,07,22,0.0,,Y
IDCJAC0009,16073,1980,07,23,0.0,,Y
IDCJAC0009,16073,1980,07,24,0.0,,Y
IDCJAC0009,16073,1980,07,25,0.0,,Y
IDCJAC0009,16073,1980,07,26,0.0,,Y
IDCJAC0009,16073,1980,07,27,0.0,,Y
IDCJAC0009,16073,1980,07,28,0.0,,Y
IDCJAC0009,16073,1980,07,29,0.0,,Y
IDCJAC0009,16073,1980,07,30,0.0,,Y
IDCJAC0009,16073,1980,07,31,0.0,,Y
IDCJAC0009,16073,1980,08,01,0.0,,Y
IDCJAC0009,16073,1980,08,02,0.0,,Y
IDCJAC0009,16073,1980,08,03,0.0,,Y
IDCJAC0009,16073,1980,08,04,0.0,,Y
IDCJAC0009,16073,1980,08,05,0.0,,Y
IDCJAC0009,16073,1980,08,06,0.0,,Y
IDCJAC0009,16073,1980,08,07,0.0,,Y
IDCJAC0009,16073,1980,08,08,0.0,,Y
IDCJAC0009,16073,1980,08,09,0.0,,Y
IDCJAC0009,16073,1980,08,10,0.0,,Y
IDCJAC0009,16073,1980,08,11,0.0,,Y
IDCJAC0009,16073,1980,08,12,0.0,,Y
IDCJAC0009,16073,1980,08,13,0.0,,Y
IDCJAC0009,16073,1980,08,14,0.0,,Y
IDCJAC0009,16073,1980,08,15,0.0,,Y
IDCJAC0009,16073,1980,08,16,0.0,,Y
IDCJAC0009,16073,1980,08,17,0.0,,Y
IDCJAC0009,16073,1980,08,18,0.0,,Y
IDCJAC0009,16073,1980,08,19,0.0,,Y
IDCJAC0009,16073,1980,08,20,0.0,,Y
IDCJAC0009,16073,1980,08,21,0.0,,Y
IDCJAC0009,16073,1980,08,22,0.0,,Y
IDCJAC0009,16073,1980,08,23,0.0,,Y
IDCJAC0009,16073,1980,08,24,0.0,,Y
IDCJAC0009,16073,1980,08,25,0.0,,Y
IDCJAC0009,16073,1980,08,26,0.0,,Y
IDCJAC0009,16073,1980,08,27,0.0,,Y
IDCJAC0009,16073,1980,08,28,0.0,,Y
IDCJAC0009,16073,1980,08,29,0.0,,Y
IDCJAC0009,16073,1980,08,30,0.0,,Y
IDCJAC0009,16073,1980,08,31,0.0,,Y
IDCJAC0009,16073,1980,09,01,0.0,,Y
IDCJAC0009,16073,1980,09,02,0.0,,Y
IDCJAC0009,16073,1980,09,03,0.0,,Y
IDCJAC0009,16073,1980,09,04,0.0,,Y
IDCJAC0009,16073,1980,09,05,0.0,,Y
IDCJAC0009,16073,1980,09,06,0.0,,Y
IDCJAC0009,16073,1980,09,07,0.0,,Y
IDCJAC0009,16073,1980,09,08,0.0,,Y
IDCJAC0009,16073,1980,09,09,0.0,,Y
IDCJAC0009,16073,1980,09,10,0.0,,Y
IDCJAC0009,16073,1980,09,11,0.0,,Y
IDCJAC0009,16073,1980,09,12,0.0,,Y
IDCJAC0009,16073,1980,09,13,0.0,,Y
IDCJAC0009,16073,1980,09,14,0.0,,Y
IDCJAC0009,16073,1980,09,15,0.0,,Y
IDCJAC0009,16073,1980,09,16,0.0,,Y
IDCJAC0009,16073,1980,09,17,0.0,,Y
IDCJAC0009,16073,1980,09,18,0.0,,Y
IDCJAC0009,16073,1980,09,19,0.0,,Y
IDCJAC0009,16073,1980,09,20,0.0,,Y
IDCJAC0009,16073,1980,09,21,0.0,,Y
IDCJAC0009,16073,1980,09,22,0.0,,Y
IDCJAC0009,16073,1980,09,23,0.0,,Y
IDCJAC0009,16073,1980,09,24,0.0,,Y
IDCJAC0009,16073,1980,09,25,0.0,,Y
IDCJAC0009,16073,1980,09,26,0.0,,Y
IDCJAC0009,16073,1980,09,27,0.0,,Y
IDCJAC0009,16073,1980,09,28,0.0,,Y
IDCJAC0009,16073,1980,09,29,0.0,,Y
IDCJAC0009,16073,1980,09,30,0.0,,Y
IDCJAC0009,16073,1980,10,01,0.0,,Y
IDCJAC0009,16073,1980,10,02,0.0,,Y
IDCJAC0009,16073,1980,10,03,0.0,,Y
IDCJAC0009,16073,1980,10,04,0.0,,Y
IDCJAC0009,16073,1980,10,05,0.0,,Y
IDCJAC0009,16073,1980,10,06,0.0,,Y
IDCJAC0009,16073,1980,10,07,0.0,,Y
IDCJAC0009,16073,1980,10,08,0.0,,Y
IDCJAC0009,16073,1980,10,09,0.0,,Y
IDCJAC0009,16073,1980,10,10,0.0,,Y
IDCJAC0009,16073,1980,10,11,0.0,,Y
IDCJAC0009,16073,1980,10,12,0.0,,Y
IDCJAC0009,16073,1980,10,13,0.0,,Y
IDCJAC0009,16073,1980,10,14,0.0,,Y
IDCJAC0009,16073,1980,10,15,0.0,,Y
IDCJAC0009,16073,1980,10,16,0.0,,Y
IDCJAC0009,16073,1980,10,17,0.0,,Y
IDCJAC0009,16073,1980,10,18,0.0,,Y
IDCJAC0009,16073,1980,10,19,0.0,,Y
IDCJAC0009,16073,1980,10,20,0.0,,Y
IDCJAC0009,16073,1980,10,21,0.0,,Y
IDCJAC0009,16073,1980,10,22,0.0,,Y
IDCJAC0009,16073,1980,10,23,0.0,,Y
IDCJAC0009,16073,1980,10,24,0.0,,Y
IDCJAC0009,16073,1980,10,25,0.0,,Y
IDCJAC0009,16073,1980,10,26,0.0,,Y
IDCJAC0009,16073,1980,10,27,0.0,,Y
IDCJAC0009,16073,1980,10,28,0.0,,Y
IDCJAC0009,16073,1980,10,29,0.0,,Y
IDCJAC0009,16073,1980,10,30,0.0,,Y
IDCJAC0009,16073,1980,10,31,0.0,,Y
IDCJAC0009,16073,1980,11,01,0.0,,Y
IDCJAC0009,16073,1980,11,02,0.0,,Y
IDCJAC0009,16073,1980,11,03,0.0,,Y
IDCJAC0009,16073,1980,11,04,0.0,,Y
IDCJAC0009,16073,1980,11,05,0.0,,Y
IDCJAC0009,16073,1980,11,06,0.0,,Y
IDCJAC0009,16073,1980,11,07,0.0,,Y
IDCJAC0009,16073,1980,11,08,0.0,,Y
IDCJAC0009,16073,1980,11,09,0.0,,Y
IDCJAC0009,16073,1980,11,10,0.0,,Y
IDCJAC0009,16073,1980,11,11,0.0,,Y
IDCJAC0009,16073,1980,11,12,0.0,,Y
IDCJAC0009,16073,1980,11,13,0.0,,Y
IDCJAC0009,16073,1980,11,14,0.0,,Y
IDCJAC0009,16073,1980,11,15,0.0,,Y
IDCJAC0009,16073,1980,11,16,0.0,,Y
IDCJAC0009,16073,1980,11,17,0.0,,Y
IDCJAC0009,16073,1980,11,18,0.0,,Y
IDCJAC0009,16073,1980,11,19,0.0,,Y
IDCJAC0009,16073,1980,11,20,0.0,,Y
IDCJAC0009,16073,1980,11,21,0.0,,Y
IDCJAC0009,16073,1980,11,22,0.0,,Y
IDCJAC0009,16073,1980,11,23,8.0,1,Y
IDCJAC0009,16073,1980,11,24,0.0,,Y
IDCJAC0009,16073,1980,11,25,0.0,,Y
IDCJAC0009,16073,1980,11,26,0.0,,Y
IDCJAC0009,16073,1980,11,27,24.0,1,Y
IDCJAC0009,16073,1980,11,28,0.0,,Y
IDCJAC0009,16073,1980,11,29,11.0,1,Y
IDCJAC0009,16073,1980,11,30,0.0,,Y
IDCJAC0009,16073,1980,12,01,0.0,,Y
IDCJAC0009,16073,1980,12,02,5.0,1,Y
IDCJAC0009,16073,1980,12,03,4.0,1,Y
IDCJAC0009,16073,1980,12,04,0.0,,Y
IDCJAC0009,16073,1980,12,05,0.0,,Y
IDCJAC0009,16073,1980,12,06,0.0,,Y
IDCJAC0009,16073,1980,12,07,0.0,,Y
IDCJAC0009,16073,1980,12,08,0.0,,Y
IDCJAC0009,16073,1980,12,09,0.0,,Y
IDCJAC0009,16073,1980,12,10,0.0,,Y
IDCJAC0009,16073,1980,12,11,0.0,,Y
IDCJAC0009,16073,1980,12,12,0.0,,Y
IDCJAC0009,16073,1980,12,13,0.0,,Y
IDCJAC0009,16073,1980,12,14,0.0,,Y
IDCJAC0009,16073,1980,12,15,0.0,,Y
IDCJAC0009,16073,1980,12,16,0.0,,Y
IDCJAC0009,16073,1980,12,17,0.0,,Y
IDCJAC0009,16073,1980,12,18,0.0,,Y
IDCJAC0009,16073,1980,12,19,0.0,,Y
IDCJAC0009,16073,1980,12,20,0.0,,Y
IDCJAC0009,16073,1980,12,21,0.0,,Y
IDCJAC0009,16073,1980,12,22,0.0,,Y
IDCJAC0009,16073,1980,12,23,0.0,,Y
IDCJAC0009,16073,1980,12,24,0.0,,Y
IDCJAC0009,16073,1980,12,25,0.0,,Y
IDCJAC0009,16073,1980,12,26,0.0,,Y
IDCJAC0009,16073,1980,12,27,0.0,,Y
IDCJAC0009,16073,1980,12,28,0.0,,Y
IDCJAC0009,16073,1980,12,29,0.0,,Y
IDCJAC0009,16073,1980,12,30,0.0,,Y
IDCJAC0009,16073,1980,12,31,0.0,,Y
IDCJAC0009,16073,1981,01,01,0.0,,Y
IDCJAC0009,16073,1981,01,02,0.0,,Y
IDCJAC0009,16073,1981,01,03,0.0,,Y
IDCJAC0009,16073,1981,01,04,0.0,,Y
IDCJAC0009,16073,1981,01,05,0.0,,Y
IDCJAC0009,16073,1981,01,06,0.0,,Y
IDCJAC0009,16073,1981,01,07,0.0,,Y
IDCJAC0009,16073,1981,01,08,0.0,,Y
IDCJAC0009,16073,1981,01,09,0.0,,Y
IDCJAC0009,16073,1981,01,10,0.0,,Y
IDCJAC0009,16073,1981,01,11,0.0,,Y
IDCJAC0009,16073,1981,01,12,0.0,,Y
IDCJAC0009,16073,1981,01,13,0.0,,Y
IDCJAC0009,16073,1981,01,14,0.0,,Y
IDCJAC0009,16073,1981,01,15,0.0,,Y
IDCJAC0009,16073,1981,01,16,0.0,,Y
IDCJAC0009,16073,1981,01,17,0.0,,Y
IDCJAC0009,16073,1981,01,18,0.0,,Y
IDCJAC0009,16073,1981,01,19,0.0,,Y
IDCJAC0009,16073,1981,01,20,0.0,,Y
IDCJAC0009,16073,1981,01,21,0.0,,Y
IDCJAC0009,16073,1981,01,22,0.0,,Y
IDCJAC0009,16073,1981,01,23,0.0,,Y
IDCJAC0009,16073,1981,01,24,0.0,,Y
IDCJAC0009,16073,1981,01,25,0.0,,Y
IDCJAC0009,16073,1981,01,26,141.5,1,Y
IDCJAC0009,16073,1981,01,27,18.0,1,Y
IDCJAC0009,16073,1981,01,28,56.0,1,Y
IDCJAC0009,16073,1981,01,29,10.5,1,Y
IDCJAC0009,16073,1981,01,30,22.0,1,Y
IDCJAC0009,16073,1981,01,31,102.0,1,Y
IDCJAC0009,16073,1981,02,01,0.0,,Y
IDCJAC0009,16073,1981,02,02,6.0,1,Y
IDCJAC0009,16073,1981,02,03,3.0,1,Y
IDCJAC0009,16073,1981,02,04,0.0,,Y
IDCJAC0009,16073,1981,02,05,0.0,,Y
IDCJAC0009,16073,1981,02,06,0.0,,Y
IDCJAC0009,16073,1981,02,07,0.0,,Y
IDCJAC0009,16073,1981,02,08,0.0,,Y
IDCJAC0009,16073,1981,02,09,0.0,,Y
IDCJAC0009,16073,1981,02,10,0.0,,Y
IDCJAC0009,16073,1981,02,11,0.0,,Y
IDCJAC0009,16073,1981,02,12,0.0,,Y
IDCJAC0009,16073,1981,02,13,0.0,,Y
IDCJAC0009,16073,1981,02,14,0.0,,Y
IDCJAC0009,16073,1981,02,15,0.0,,Y
IDCJAC0009,16073,1981,02,16,0.0,,Y
IDCJAC0009,16073,1981,02,17,0.0,,Y
IDCJAC0009,16073,1981,02,18,0.0,,Y
IDCJAC0009,16073,1981,02,19,0.0,,Y
IDCJAC0009,16073,1981,02,20,0.0,,Y
IDCJAC0009,16073,1981,02,21,0.0,,Y
IDCJAC0009,16073,1981,02,22,0.0,,Y
IDCJAC0009,16073,1981,02,23,0.0,,Y
IDCJAC0009,16073,1981,02,24,0.0,,Y
IDCJAC0009,16073,1981,02,25,0.0,,Y
IDCJAC0009,16073,1981,02,26,0.0,,Y
IDCJAC0009,16073,1981,02,27,0.0,,Y
IDCJAC0009,16073,1981,02,28,0.0,,Y
IDCJAC0009,16073,1981,03,01,0.0,,Y
IDCJAC0009,16073,1981,03,02,0.0,,Y
IDCJAC0009,16073,1981,03,03,0.0,,Y
IDCJAC0009,16073,1981,03,04,0.0,,Y
IDCJAC0009,16073,1981,03,05,0.0,,Y
IDCJAC0009,16073,1981,03,06,0.0,,Y
IDCJAC0009,16073,1981,03,07,0.0,,Y
IDCJAC0009,16073,1981,03,08,0.0,,Y
IDCJAC0009,16073,1981,03,09,0.0,,Y
IDCJAC0009,16073,1981,03,10,0.0,,Y
IDCJAC0009,16073,1981,03,11,0.0,,Y
IDCJAC0009,16073,1981,03,12,0.0,,Y
IDCJAC0009,16073,1981,03,13,0.0,,Y
IDCJAC0009,16073,1981,03,14,0.0,,Y
IDCJAC0009,16073,1981,03,15,0.0,,Y
IDCJAC0009,16073,1981,03,16,0.0,,Y
IDCJAC0009,16073,1981,03,17,0.0,,Y
IDCJAC0009,16073,1981,03,18,0.0,,Y
IDCJAC0009,16073,1981,03,19,0.0,,Y
IDCJAC0009,16073,1981,03,20,0.0,,Y
IDCJAC0009,16073,1981,03,21,0.0,,Y
IDCJAC0009,16073,1981,03,22,,,
IDCJAC0009,16073,1981,03,23,21.0,2,Y
IDCJAC0009,16073,1981,03,24,,,
IDCJAC0009,16073,1981,03,25,,,
IDCJAC0009,16073,1981,03,26,10.0,3,Y
IDCJAC0009,16073,1981,03,27,0.0,,Y
IDCJAC0009,16073,1981,03,28,0.0,,Y
IDCJAC0009,16073,1981,03,29,0.0,,Y
IDCJAC0009,16073,1981,03,30,,,
IDCJAC0009,16073,1981,03,31,21.0,2,Y
IDCJAC0009,16073,1981,04,01,,,
IDCJAC0009,16073,1981,04,02,,,
IDCJAC0009,16073,1981,04,03,,,
IDCJAC0009,16073,1981,04,04,,,
IDCJAC0009,16073,1981,04,05,,,
IDCJAC0009,16073,1981,04,06,,,
IDCJAC0009,16073,1981,04,07,,,
IDCJAC0009,16073,1981,04,08,,,
IDCJAC0009,16073,1981,04,09,,,
IDCJAC0009,16073,1981,04,10,,,
IDCJAC0009,16073,1981,04,11,,,
IDCJAC0009,16073,1981,04,12,,,
IDCJAC0009,16073,1981,04,13,,,
IDCJAC0009,16073,1981,04,14,,,
IDCJAC0009,16073,1981,04,15,,,
IDCJAC0009,16073,1981,04,16,,,
IDCJAC0009,16073,1981,04,17,,,
IDCJAC0009,16073,1981,04,18,,,
IDCJAC0009,16073,1981,04,19,,,
IDCJAC0009,16073,1981,04,20,,,
IDCJAC0009,16073,1981,04,21,,,
IDCJAC0009,16073,1981,04,22,,,
IDCJAC0009,16073,1981,04,23,,,
IDCJAC0009,16073,1981,04,24,,,
IDCJAC0009,16073,1981,04,25,,,
IDCJAC0009,16073,1981,04,26,,,
IDCJAC0009,16073,1981,04,27,,,
IDCJAC0009,16073,1981,04,28,,,
IDCJAC0009,16073,1981,04,29,,,
IDCJAC0009,16073,1981,04,30,,,
IDCJAC0009,16073,1981,05,01,,,
IDCJAC0009,16073,1981,05,02,,,
IDCJAC0009,16073,1981,05,03,,,
IDCJAC0009,16073,1981,05,04,,,
IDCJAC0009,16073,1981,05,05,,,
IDCJAC0009,16073,1981,05,06,,,
IDCJAC0009,16073,1981,05,07,,,
IDCJAC0009,16073,1981,05,08,,,
IDCJAC0009,16073,1981,05,09,,,
IDCJAC0009,16073,1981,05,10,,,
IDCJAC0009,16073,1981,05,11,,,
IDCJAC0009,16073,1981,05,12,,,
IDCJAC0009,16073,1981,05,13,,,
IDCJAC0009,16073,1981,05,14,,,
IDCJAC0009,16073,1981,05,15,,,
IDCJAC0009,16073,1981,05,16,,,
IDCJAC0009,16073,1981,05,17,,,
IDCJAC0009,16073,1981,05,18,,,
IDCJAC0009,16073,1981,05,19,,,
IDCJAC0009,16073,1981,05,20,,,
IDCJAC0009,16073,1981,05,21,,,
IDCJAC0009,16073,1981,05,22,,,
IDCJAC0009,16073,1981,05,23,,,
IDCJAC0009,16073,1981,05,24,,,
IDCJAC0009,16073,1981,05,25,,,
IDCJAC0009,16073,1981,05,26,,,
IDCJAC0009,16073,1981,05,27,,,
IDCJAC0009,16073,1981,05,28,,,
IDCJAC0009,16073,1981,05,29,,,
IDCJAC0009,16073,1981,05,30,,,
IDCJAC0009,16073,1981,05,31,,,
IDCJAC0009,16073,1981,06,01,,,
IDCJAC0009,16073,1981,06,02,,,
IDCJAC0009,16073,1981,06,03,,,
IDCJAC0009,16073,1981,06,04,,,
IDCJAC0009,16073,1981,06,05,,,
IDCJAC0009,16073,1981,06,06,,,
IDCJAC0009,16073,1981,06,07,,,
IDCJAC0009,16073,1981,06,08,,,
IDCJAC0009,16073,1981,06,09,,,
IDCJAC0009,16073,1981,06,10,,,
IDCJAC0009,16073,1981,06,11,,,
IDCJAC0009,16073,1981,06,12,,,
IDCJAC0009,16073,1981,06,13,,,
IDCJAC0009,16073,1981,06,14,,,
IDCJAC0009,16073,1981,06,15,,,
IDCJAC0009,16073,1981,06,16,,,
IDCJAC0009,16073,1981,06,17,,,
IDCJAC0009,16073,1981,06,18,,,
IDCJAC0009,16073,1981,06,19,,,
IDCJAC0009,16073,1981,06,20,,,
IDCJAC0009,16073,1981,06,21,,,
IDCJAC0009,16073,1981,06,22,,,
IDCJAC0009,16073,1981,06,23,,,
IDCJAC0009,16073,1981,06,24,,,
IDCJAC0009,16073,1981,06,25,,,
IDCJAC0009,16073,1981,06,26,,,
IDCJAC0009,16073,1981,06,27,,,
IDCJAC0009,16073,1981,06,28,,,
IDCJAC0009,16073,1981,06,29,,,
IDCJAC0009,16073,1981,06,30,,,
IDCJAC0009,16073,1981,07,01,,,
IDCJAC0009,16073,1981,07,02,,,
IDCJAC0009,16073,1981,07,03,,,
IDCJAC0009,16073,1981,07,04,,,
IDCJAC0009,16073,1981,07,05,,,
IDCJAC0009,16073,1981,07,06,,,
IDCJAC0009,16073,1981,07,07,,,
IDCJAC0009,16073,1981,07,08,,,
IDCJAC0009,16073,1981,07,09,,,
IDCJAC0009,16073,1981,07,10,,,
IDCJAC0009,16073,1981,07,11,,,
IDCJAC0009,16073,1981,07,12,,,
IDCJAC0009,16073,1981,07,13,,,
IDCJAC0009,16073,1981,07,14,,,
IDCJAC0009,16073,1981,07,15,,,
IDCJAC0009,16073,1981,07,16,,,
IDCJAC0009,16073,1981,07,17,,,
IDCJAC0009,16073,1981,07,18,,,
IDCJAC0009,16073,1981,07,19,,,
IDCJAC0009,16073,1981,07,20,,,
IDCJAC0009,16073,1981,07,21,,,
IDCJAC0009,16073,1981,07,22,,,
IDCJAC0009,16073,1981,07,23,,,
IDCJAC0009,16073,1981,07,24,,,
IDCJAC0009,16073,1981,07,25,,,
IDCJAC0009,16073,1981,07,26,,,
IDCJAC0009,16073,1981,07,27,,,
IDCJAC0009,16073,1981,07,28,,,
IDCJAC0009,16073,1981,07,29,,,
IDCJAC0009,16073,1981,07,30,,,
IDCJAC0009,16073,1981,07,31,,,
IDCJAC0009,16073,1981,08,01,,,
IDCJAC0009,16073,1981,08,02,,,
IDCJAC0009,16073,1981,08,03,,,
IDCJAC0009,16073,1981,08,04,,,
IDCJAC0009,16073,1981,08,05,,,
IDCJAC0009,16073,1981,08,06,,,
IDCJAC0009,16073,1981,08,07,,,
IDCJAC0009,16073,1981,08,08,,,
IDCJAC0009,16073,1981,08,09,,,
IDCJAC0009,16073,1981,08,10,,,
IDCJAC0009,16073,1981,08,11,,,
IDCJAC0009,16073,1981,08,12,,,
IDCJAC0009,16073,1981,08,13,,,
IDCJAC0009,16073,1981,08,14,,,
IDCJAC0009,16073,1981,08,15,,,
IDCJAC0009,16073,1981,08,16,,,
IDCJAC0009,16073,1981,08,17,,,
IDCJAC0009,16073,1981,08,18,,,
IDCJAC0009,16073,1981,08,19,,,
IDCJAC0009,16073,1981,08,20,,,
IDCJAC0009,16073,1981,08,21,,,
IDCJAC0009,16073,1981,08,22,,,
IDCJAC0009,16073,1981,08,23,,,
IDCJAC0009,16073,1981,08,24,,,
IDCJAC0009,16073,1981,08,25,,,
IDCJAC0009,16073,1981,08,26,,,
IDCJAC0009,16073,1981,08,27,,,
IDCJAC0009,16073,1981,08,28,,,
IDCJAC0009,16073,1981,08,29,,,
IDCJAC0009,16073,1981,08,30,,,
IDCJAC0009,16073,1981,08,31,,,
IDCJAC0009,16073,1981,09,01,,,
IDCJAC0009,16073,1981,09,02,,,
IDCJAC0009,16073,1981,09,03,,,
IDCJAC0009,16073,1981,09,04,,,
IDCJAC0009,16073,1981,09,05,,,
IDCJAC0009,16073,1981,09,06,,,
IDCJAC0009,16073,1981,09,07,,,
IDCJAC0009,16073,1981,09,08,,,
IDCJAC0009,16073,1981,09,09,,,
IDCJAC0009,16073,1981,09,10,,,
IDCJAC0009,16073,1981,09,11,,,
IDCJAC0009,16073,1981,09,12,,,
IDCJAC0009,16073,1981,09,13,,,
IDCJAC0009,16073,1981,09,14,,,
IDCJAC0009,16073,1981,09,15,,,
IDCJAC0009,16073,1981,09,16,,,
IDCJAC0009,16073,1981,09,17,,,
IDCJAC0009,16073,1981,09,18,,,
IDCJAC0009,16073,1981,09,19,,,
IDCJAC0009,16073,1981,09,20,,,
IDCJAC0009,16073,1981,09,21,,,
IDCJAC0009,16073,1981,09,22,,,
IDCJAC0009,16073,1981,09,23,,,
IDCJAC0009,16073,1981,09,24,,,
IDCJAC0009,16073,1981,09,25,,,
IDCJAC0009,16073,1981,09,26,,,
IDCJAC0009,16073,1981,09,27,,,
IDCJAC0009,16073,1981,09,28,,,
IDCJAC0009,16073,1981,09,29,,,
IDCJAC0009,16073,1981,09,30,,,
IDCJAC0009,16073,1981,10,01,,,
IDCJAC0009,16073,1981,10,02,,,
IDCJAC0009,16073,1981,10,03,,,
IDCJAC0009,16073,1981,10,04,,,
IDCJAC0009,16073,1981,10,05,,,
IDCJAC0009,16073,1981,10,06,,,
IDCJAC0009,16073,1981,10,07,,,
IDCJAC0009,16073,1981,10,08,,,
IDCJAC0009,16073,1981,10,09,,,
IDCJAC0009,16073,1981,10,10,,,
IDCJAC0009,16073,1981,10,11,,,
IDCJAC0009,16073,1981,10,12,,,
IDCJAC0009,16073,1981,10,13,,,
IDCJAC0009,16073,1981,10,14,,,
IDCJAC0009,16073,1981,10,15,,,
IDCJAC0009,16073,1981,10,16,,,
IDCJAC0009,16073,1981,10,17,,,
IDCJAC0009,16073,1981,10,18,,,
IDCJAC0009,16073,1981,10,19,,,
IDCJAC0009,16073,1981,10,20,,,
IDCJAC0009,16073,1981,10,21,,,
IDCJAC0009,16073,1981,10,22,,,
IDCJAC0009,16073,1981,10,23,,,
IDCJAC0009,16073,1981,10,24,,,
IDCJAC0009,16073,1981,10,25,,,
IDCJAC0009,16073,1981,10,26,,,
IDCJAC0009,16073,1981,10,27,,,
IDCJAC0009,16073,1981,10,28,,,
IDCJAC0009,16073,1981,10,29,,,
IDCJAC0009,16073,1981,10,30,,,
IDCJAC0009,16073,1981,10,31,,,
IDCJAC0009,16073,1981,11,01,,,
IDCJAC0009,16073,1981,11,02,,,
IDCJAC0009,16073,1981,11,03,,,
IDCJAC0009,16073,1981,11,04,,,
IDCJAC0009,16073,1981,11,05,,,
IDCJAC0009,16073,1981,11,06,,,
IDCJAC0009,16073,1981,11,07,,,
IDCJAC0009,16073,1981,11,08,,,
IDCJAC0009,16073,1981,11,09,,,
IDCJAC0009,16073,1981,11,10,,,
IDCJAC0009,16073,1981,11,11,,,
IDCJAC0009,16073,1981,11,12,,,
IDCJAC0009,16073,1981,11,13,,,
IDCJAC0009,16073,1981,11,14,,,
IDCJAC0009,16073,1981,11,15,,,
IDCJAC0009,16073,1981,11,16,,,
IDCJAC0009,16073,1981,11,17,,,
IDCJAC0009,16073,1981,11,18,,,
IDCJAC0009,16073,1981,11,19,,,
IDCJAC0009,16073,1981,11,20,,,
IDCJAC0009,16073,1981,11,21,,,
IDCJAC0009,16073,1981,11,22,,,
IDCJAC0009,16073,1981,11,23,,,
IDCJAC0009,16073,1981,11,24,,,
IDCJAC0009,16073,1981,11,25,,,
IDCJAC0009,16073,1981,11,26,,,
IDCJAC0009,16073,1981,11,27,,,
IDCJAC0009,16073,1981,11,28,,,
IDCJAC0009,16073,1981,11,29,,,
IDCJAC0009,16073,1981,11,30,,,
IDCJAC0009,16073,1981,12,01,,,
IDCJAC0009,16073,1981,12,02,,,
IDCJAC0009,16073,1981,12,03,,,
IDCJAC0009,16073,1981,12,04,,,
IDCJAC0009,16073,1981,12,05,,,
IDCJAC0009,16073,1981,12,06,,,
IDCJAC0009,16073,1981,12,07,,,
IDCJAC0009,16073,1981,12,08,,,
IDCJAC0009,16073,1981,12,09,,,
IDCJAC0009,16073,1981,12,10,,,
IDCJAC0009,16073,1981,12,11,,,
IDCJAC0009,16073,1981,12,12,,,
IDCJAC0009,16073,1981,12,13,,,
IDCJAC0009,16073,1981,12,14,,,
IDCJAC0009,16073,1981,12,15,,,
IDCJAC0009,16073,1981,12,16,,,
IDCJAC0009,16073,1981,12,17,,,
IDCJAC0009,16073,1981,12,18,,,
IDCJAC0009,16073,1981,12,19,,,
IDCJAC0009,16073,1981,12,20,,,
IDCJAC0009,16073,1981,12,21,,,
IDCJAC0009,16073,1981,12,22,,,
IDCJAC0009,16073,1981,12,23,,,
IDCJAC0009,16073,1981,12,24,,,
IDCJAC0009,16073,1981,12,25,,,
IDCJAC0009,16073,1981,12,26,,,
IDCJAC0009,16073,1981,12,27,,,
IDCJAC0009,16073,1981,12,28,,,
IDCJAC0009,16073,1981,12,29,,,
IDCJAC0009,16073,1981,12,30,,,
IDCJAC0009,16073,1981,12,31,,,
IDCJAC0009,16073,1982,01,01,0.0,,Y
IDCJAC0009,16073,1982,01,02,0.0,,Y
IDCJAC0009,16073,1982,01,03,0.0,,Y
IDCJAC0009,16073,1982,01,04,0.0,,Y
IDCJAC0009,16073,1982,01,05,0.0,,Y
IDCJAC0009,16073,1982,01,06,0.0,,Y
IDCJAC0009,16073,1982,01,07,0.0,,Y
IDCJAC0009,16073,1982,01,08,0.0,,Y
IDCJAC0009,16073,1982,01,09,0.0,,Y
IDCJAC0009,16073,1982,01,10,0.0,,Y
IDCJAC0009,16073,1982,01,11,0.0,,Y
IDCJAC0009,16073,1982,01,12,0.0,,Y
IDCJAC0009,16073,1982,01,13,0.0,,Y
IDCJAC0009,16073,1982,01,14,0.0,,Y
IDCJAC0009,16073,1982,01,15,0.0,,Y
IDCJAC0009,16073,1982,01,16,0.0,,Y
IDCJAC0009,16073,1982,01,17,0.0,,Y
IDCJAC0009,16073,1982,01,18,0.0,,Y
IDCJAC0009,16073,1982,01,19,0.0,,Y
IDCJAC0009,16073,1982,01,20,0.0,,Y
IDCJAC0009,16073,1982,01,21,0.0,,Y
IDCJAC0009,16073,1982,01,22,0.0,,Y
IDCJAC0009,16073,1982,01,23,0.0,,Y
IDCJAC0009,16073,1982,01,24,,,
IDCJAC0009,16073,1982,01,25,26.0,2,Y
IDCJAC0009,16073,1982,01,26,0.0,,Y
IDCJAC0009,16073,1982,01,27,0.0,,Y
IDCJAC0009,16073,1982,01,28,0.0,,Y
IDCJAC0009,16073,1982,01,29,0.0,,Y
IDCJAC0009,16073,1982,01,30,0.0,,Y
IDCJAC0009,16073,1982,01,31,0.0,,Y
IDCJAC0009,16073,1982,02,01,0.0,,Y
IDCJAC0009,16073,1982,02,02,0.0,,Y
IDCJAC0009,16073,1982,02,03,0.0,,Y
IDCJAC0009,16073,1982,02,04,0.0,,Y
IDCJAC0009,16073,1982,02,05,0.0,,Y
IDCJAC0009,16073,1982,02,06,0.0,,Y
IDCJAC0009,16073,1982,02,07,0.0,,Y
IDCJAC0009,16073,1982,02,08,0.0,,Y
IDCJAC0009,16073,1982,02,09,0.0,,Y
IDCJAC0009,16073,1982,02,10,0.0,,Y
IDCJAC0009,16073,1982,02,11,0.0,,Y
IDCJAC0009,16073,1982,02,12,0.0,,Y
IDCJAC0009,16073,1982,02,13,20.0,1,Y
IDCJAC0009,16073,1982,02,14,30.0,1,Y
IDCJAC0009,16073,1982,02,15,17.0,1,Y
IDCJAC0009,16073,1982,02,16,11.0,1,Y
IDCJAC0009,16073,1982,02,17,0.0,,Y
IDCJAC0009,16073,1982,02,18,3.0,1,Y
IDCJAC0009,16073,1982,02,19,0.0,,Y
IDCJAC0009,16073,1982,02,20,0.0,,Y
IDCJAC0009,16073,1982,02,21,0.0,,Y
IDCJAC0009,16073,1982,02,22,0.0,,Y
IDCJAC0009,16073,1982,02,23,0.0,,Y
IDCJAC0009,16073,1982,02,24,0.0,,Y
IDCJAC0009,16073,1982,02,25,0.0,,Y
IDCJAC0009,16073,1982,02,26,0.0,,Y
IDCJAC0009,16073,1982,02,27,0.0,,Y
IDCJAC0009,16073,1982,02,28,0.0,,Y
IDCJAC0009,16073,1982,03,01,0.0,,Y
IDCJAC0009,16073,1982,03,02,0.0,,Y
IDCJAC0009,16073,1982,03,03,0.0,,Y
IDCJAC0009,16073,1982,03,04,0.0,,Y
IDCJAC0009,16073,1982,03,05,0.0,,Y
IDCJAC0009,16073,1982,03,06,0.0,,Y
IDCJAC0009,16073,1982,03,07,9.0,1,Y
IDCJAC0009,16073,1982,03,08,0.0,,Y
IDCJAC0009,16073,1982,03,09,0.0,,Y
IDCJAC0009,16073,1982,03,10,0.0,,Y
IDCJAC0009,16073,1982,03,11,0.0,,Y
IDCJAC0009,16073,1982,03,12,0.0,,Y
IDCJAC0009,16073,1982,03,13,0.0,,Y
IDCJAC0009,16073,1982,03,14,0.0,,Y
IDCJAC0009,16073,1982,03,15,0.0,,Y
IDCJAC0009,16073,1982,03,16,0.0,,Y
IDCJAC0009,16073,1982,03,17,0.0,,Y
IDCJAC0009,16073,1982,03,18,0.0,,Y
IDCJAC0009,16073,1982,03,19,0.0,,Y
IDCJAC0009,16073,1982,03,20,0.0,,Y
IDCJAC0009,16073,1982,03,21,18.0,1,Y
IDCJAC0009,16073,1982,03,22,0.0,,Y
IDCJAC0009,16073,1982,03,23,0.0,,Y
IDCJAC0009,16073,1982,03,24,0.0,,Y
IDCJAC0009,16073,1982,03,25,18.0,1,Y
IDCJAC0009,16073,1982,03,26,36.0,1,Y
IDCJAC0009,16073,1982,03,27,34.0,1,Y
IDCJAC0009,16073,1982,03,28,0.0,,Y
IDCJAC0009,16073,1982,03,29,0.0,,Y
IDCJAC0009,16073,1982,03,30,0.0,,Y
IDCJAC0009,16073,1982,03,31,0.0,,Y
IDCJAC0009,16073,1982,04,01,,,
IDCJAC0009,16073,1982,04,02,,,
IDCJAC0009,16073,1982,04,03,,,
IDCJAC0009,16073,1982,04,04,,,
IDCJAC0009,16073,1982,04,05,,,
IDCJAC0009,16073,1982,04,06,,,
IDCJAC0009,16073,1982,04,07,,,
IDCJAC0009,16073,1982,04,08,,,
IDCJAC0009,16073,1982,04,09,,,
IDCJAC0009,16073,1982,04,10,,,
IDCJAC0009,16073,1982,04,11,,,
IDCJAC0009,16073,1982,04,12,,,
IDCJAC0009,16073,1982,04,13,,,
IDCJAC0009,16073,1982,04,14,,,
IDCJAC0009,16073,1982,04,15,,,
IDCJAC0009,16073,1982,04,16,,,
IDCJAC0009,16073,1982,04,17,,,
IDCJAC0009,16073,1982,04,18,,,
IDCJAC0009,16073,1982,04,19,,,
IDCJAC0009,16073,1982,04,20,,,
IDCJAC0009,16073,1982,04,21,,,
IDCJAC0009,16073,1982,04,22,,,
IDCJAC0009,16073,1982,04,23,,,
IDCJAC0009,16073,1982,04,24,,,
IDCJAC0009,16073,1982,04,25,,,
IDCJAC0009,16073,1982,04,26,,,
IDCJAC0009,16073,1982,04,27,,,
IDCJAC0009,16073,1982,04,28,,,
IDCJAC0009,16073,1982,04,29,,,
IDCJAC0009,16073,1982,04,30,,,
IDCJAC0009,16073,1982,05,01,,,
IDCJAC0009,16073,1982,05,02,,,
IDCJAC0009,16073,1982,05,03,,,
IDCJAC0009,16073,1982,05,04,,,
IDCJAC0009,16073,1982,05,05,,,
IDCJAC0009,16073,1982,05,06,,,
IDCJAC0009,16073,1982,05,07,,,
IDCJAC0009,16073,1982,05,08,,,
IDCJAC0009,16073,1982,05,09,,,
IDCJAC0009,16073,1982,05,10,,,
IDCJAC0009,16073,1982,05,11,,,
IDCJAC0009,16073,1982,05,12,,,
IDCJAC0009,16073,1982,05,13,,,
IDCJAC0009,16073,1982,05,14,,,
IDCJAC0009,16073,1982,05,15,,,
IDCJAC0009,16073,1982,05,16,,,
IDCJAC0009,16073,1982,05,17,,,
IDCJAC0009,16073,1982,05,18,,,
IDCJAC0009,16073,1982,05,19,,,
IDCJAC0009,16073,1982,05,20,,,
IDCJAC0009,16073,1982,05,21,,,
IDCJAC0009,16073,1982,05,22,,,
IDCJAC0009,16073,1982,05,23,,,
IDCJAC0009,16073,1982,05,24,,,
IDCJAC0009,16073,1982,05,25,,,
IDCJAC0009,16073,1982,05,26,,,
IDCJAC0009,16073,1982,05,27,,,
IDCJAC0009,16073,1982,05,28,,,
IDCJAC0009,16073,1982,05,29,,,
IDCJAC0009,16073,1982,05,30,,,
IDCJAC0009,16073,1982,05,31,,,
IDCJAC0009,16073,1982,06,01,,,
IDCJAC0009,16073,1982,06,02,,,
IDCJAC0009,16073,1982,06,03,,,
IDCJAC0009,16073,1982,06,04,,,
IDCJAC0009,16073,1982,06,05,,,
IDCJAC0009,16073,1982,06,06,,,
IDCJAC0009,16073,1982,06,07,,,
IDCJAC0009,16073,1982,06,08,,,
IDCJAC0009,16073,1982,06,09,,,
IDCJAC0009,16073,1982,06,10,,,
IDCJAC0009,16073,1982,06,11,,,
IDCJAC0009,16073,1982,06,12,,,
IDCJAC0009,16073,1982,06,13,,,
IDCJAC0009,16073,1982,06,14,,,
IDCJAC0009,16073,1982,06,15,,,
IDCJAC0009,16073,1982,06,16,,,
IDCJAC0009,16073,1982,06,17,,,
IDCJAC0009,16073,1982,06,18,,,
IDCJAC0009,16073,1982,06,19,,,
IDCJAC0009,16073,1982,06,20,,,
IDCJAC0009,16073,1982,06,21,,,
IDCJAC0009,16073,1982,06,22,,,
IDCJAC0009,16073,1982,06,23,,,
IDCJAC0009,16073,1982,06,24,,,
IDCJAC0009,16073,1982,06,25,,,
IDCJAC0009,16073,1982,06,26,,,
IDCJAC0009,16073,1982,06,27,,,
IDCJAC0009,16073,1982,06,28,,,
IDCJAC0009,16073,1982,06,29,,,
IDCJAC0009,16073,1982,06,30,,,
IDCJAC0009,16073,1982,07,01,,,
IDCJAC0009,16073,1982,07,02,,,
IDCJAC0009,16073,1982,07,03,,,
IDCJAC0009,16073,1982,07,04,,,
IDCJAC0009,16073,1982,07,05,,,
IDCJAC0009,16073,1982,07,06,,,
IDCJAC0009,16073,1982,07,07,,,
IDCJAC0009,16073,1982,07,08,,,
IDCJAC0009,16073,1982,07,09,,,
IDCJAC0009,16073,1982,07,10,,,
IDCJAC0009,16073,1982,07,11,,,
IDCJAC0009,16073,1982,07,12,,,
IDCJAC0009,16073,1982,07,13,,,
IDCJAC0009,16073,1982,07,14,,,
IDCJAC0009,16073,1982,07,15,,,
IDCJAC0009,16073,1982,07,16,,,
IDCJAC0009,16073,1982,07,17,,,
IDCJAC0009,16073,1982,07,18,,,
IDCJAC0009,16073,1982,07,19,,,
IDCJAC0009,16073,1982,07,20,,,
IDCJAC0009,16073,1982,07,21,,,
IDCJAC0009,16073,1982,07,22,,,
IDCJAC0009,16073,1982,07,23,,,
IDCJAC0009,16073,1982,07,24,,,
IDCJAC0009,16073,1982,07,25,,,
IDCJAC0009,16073,1982,07,26,,,
IDCJAC0009,16073,1982,07,27,,,
IDCJAC0009,16073,1982,07,28,,,
IDCJAC0009,16073,1982,07,29,,,
IDCJAC0009,16073,1982,07,30,,,
IDCJAC0009,16073,1982,07,31,,,
IDCJAC0009,16073,1982,08,01,,,
IDCJAC0009,16073,1982,08,02,,,
IDCJAC0009,16073,1982,08,03,,,
IDCJAC0009,16073,1982,08,04,,,
IDCJAC0009,16073,1982,08,05,,,
IDCJAC0009,16073,1982,08,06,,,
IDCJAC0009,16073,1982,08,07,,,
IDCJAC0009,16073,1982,08,08,,,
IDCJAC0009,16073,1982,08,09,,,
IDCJAC0009,16073,1982,08,10,,,
IDCJAC0009,16073,1982,08,11,,,
IDCJAC0009,16073,1982,08,12,,,
IDCJAC0009,16073,1982,08,13,,,
IDCJAC0009,16073,1982,08,14,,,
IDCJAC0009,16073,1982,08,15,,,
IDCJAC0009,16073,1982,08,16,,,
IDCJAC0009,16073,1982,08,17,,,
IDCJAC0009,16073,1982,08,18,,,
IDCJAC0009,16073,1982,08,19,,,
IDCJAC0009,16073,1982,08,20,,,
IDCJAC0009,16073,1982,08,21,,,
IDCJAC0009,16073,1982,08,22,,,
IDCJAC0009,16073,1982,08,23,,,
IDCJAC0009,16073,1982,08,24,,,
IDCJAC0009,16073,1982,08,25,,,
IDCJAC0009,16073,1982,08,26,,,
IDCJAC0009,16073,1982,08,27,,,
IDCJAC0009,16073,1982,08,28,,,
IDCJAC0009,16073,1982,08,29,,,
IDCJAC0009,16073,1982,08,30,,,
IDCJAC0009,16073,1982,08,31,,,
IDCJAC0009,16073,1982,09,01,,,
IDCJAC0009,16073,1982,09,02,,,
IDCJAC0009,16073,1982,09,03,,,
IDCJAC0009,16073,1982,09,04,,,
IDCJAC0009,16073,1982,09,05,,,
IDCJAC0009,16073,1982,09,06,,,
IDCJAC0009,16073,1982,09,07,,,
IDCJAC0009,16073,1982,09,08,,,
IDCJAC0009,16073,1982,09,09,,,
IDCJAC0009,16073,1982,09,10,,,
IDCJAC0009,16073,1982,09,11,,,
IDCJAC0009,16073,1982,09,12,,,
IDCJAC0009,16073,1982,09,13,,,
IDCJAC0009,16073,1982,09,14,,,
IDCJAC0009,16073,1982,09,15,,,
IDCJAC0009,16073,1982,09,16,,,
IDCJAC0009,16073,1982,09,17,,,
IDCJAC0009,16073,1982,09,18,,,
IDCJAC0009,16073,1982,09,19,,,
IDCJAC0009,16073,1982,09,20,,,
IDCJAC0009,16073,1982,09,21,,,
IDCJAC0009,16073,1982,09,22,,,
IDCJAC0009,16073,1982,09,23,,,
IDCJAC0009,16073,1982,09,24,,,
IDCJAC0009,16073,1982,09,25,,,
IDCJAC0009,16073,1982,09,26,,,
IDCJAC0009,16073,1982,09,27,,,
IDCJAC0009,16073,1982,09,28,,,
IDCJAC0009,16073,1982,09,29,,,
IDCJAC0009,16073,1982,09,30,,,
IDCJAC0009,16073,1982,10,01,0.0,,Y
IDCJAC0009,16073,1982,10,02,0.0,,Y
IDCJAC0009,16073,1982,10,03,0.0,,Y
IDCJAC0009,16073,1982,10,04,0.0,,Y
IDCJAC0009,16073,1982,10,05,0.0,,Y
IDCJAC0009,16073,1982,10,06,0.0,,Y
IDCJAC0009,16073,1982,10,07,0.0,,Y
IDCJAC0009,16073,1982,10,08,0.0,,Y
IDCJAC0009,16073,1982,10,09,0.0,,Y
IDCJAC0009,16073,1982,10,10,0.0,,Y
IDCJAC0009,16073,1982,10,11,0.0,,Y
IDCJAC0009,16073,1982,10,12,0.0,,Y
IDCJAC0009,16073,1982,10,13,0.0,,Y
IDCJAC0009,16073,1982,10,14,0.0,,Y
IDCJAC0009,16073,1982,10,15,0.0,,Y
IDCJAC0009,16073,1982,10,16,0.0,,Y
IDCJAC0009,16073,1982,10,17,0.0,,Y
IDCJAC0009,16073,1982,10,18,0.0,,Y
IDCJAC0009,16073,1982,10,19,0.0,,Y
IDCJAC0009,16073,1982,10,20,0.0,,Y
IDCJAC0009,16073,1982,10,21,0.0,,Y
IDCJAC0009,16073,1982,10,22,0.0,,Y
IDCJAC0009,16073,1982,10,23,0.0,,Y
IDCJAC0009,16073,1982,10,24,0.0,,Y
IDCJAC0009,16073,1982,10,25,0.0,,Y
IDCJAC0009,16073,1982,10,26,0.0,,Y
IDCJAC0009,16073,1982,10,27,0.0,,Y
IDCJAC0009,16073,1982,10,28,0.0,,Y
IDCJAC0009,16073,1982,10,29,0.0,,Y
IDCJAC0009,16073,1982,10,30,1.0,1,Y
IDCJAC0009,16073,1982,10,31,0.0,,Y
IDCJAC0009,16073,1982,11,01,0.0,,Y
IDCJAC0009,16073,1982,11,02,0.0,,Y
IDCJAC0009,16073,1982,11,03,0.0,,Y
IDCJAC0009,16073,1982,11,04,0.0,,Y
IDCJAC0009,16073,1982,11,05,0.0,,Y
IDCJAC0009,16073,1982,11,06,0.0,,Y
IDCJAC0009,16073,1982,11,07,0.0,,Y
IDCJAC0009,16073,1982,11,08,0.0,,Y
IDCJAC0009,16073,1982,11,09,0.0,,Y
IDCJAC0009,16073,1982,11,10,0.0,,Y
IDCJAC0009,16073,1982,11,11,0.0,,Y
IDCJAC0009,16073,1982,11,12,0.0,,Y
IDCJAC0009,16073,1982,11,13,0.0,,Y
IDCJAC0009,16073,1982,11,14,0.0,,Y
IDCJAC0009,16073,1982,11,15,0.0,,Y
IDCJAC0009,16073,1982,11,16,0.0,,Y
IDCJAC0009,16073,1982,11,17,0.0,,Y
IDCJAC0009,16073,1982,11,18,0.0,,Y
IDCJAC0009,16073,1982,11,19,0.0,,Y
IDCJAC0009,16073,1982,11,20,0.0,,Y
IDCJAC0009,16073,1982,11,21,0.0,,Y
IDCJAC0009,16073,1982,11,22,0.0,,Y
IDCJAC0009,16073,1982,11,23,0.0,,Y
IDCJAC0009,16073,1982,11,24,0.0,,Y
IDCJAC0009,16073,1982,11,25,0.0,,Y
IDCJAC0009,16073,1982,11,26,0.0,,Y
IDCJAC0009,16073,1982,11,27,0.0,,Y
IDCJAC0009,16073,1982,11,28,0.0,,Y
IDCJAC0009,16073,1982,11,29,0.0,,Y
IDCJAC0009,16073,1982,11,30,0.0,,Y
IDCJAC0009,16073,1982,12,01,0.0,,Y
IDCJAC0009,16073,1982,12,02,0.0,,Y
IDCJAC0009,16073,1982,12,03,2.0,1,Y
IDCJAC0009,16073,1982,12,04,0.0,,Y
IDCJAC0009,16073,1982,12,05,0.0,,Y
IDCJAC0009,16073,1982,12,06,0.0,,Y
IDCJAC0009,16073,1982,12,07,0.0,,Y
IDCJAC0009,16073,1982,12,08,0.0,,Y
IDCJAC0009,16073,1982,12,09,0.0,,Y
IDCJAC0009,16073,1982,12,10,0.0,,Y
IDCJAC0009,16073,1982,12,11,0.0,,Y
IDCJAC0009,16073,1982,12,12,2.0,1,Y
IDCJAC0009,16073,1982,12,13,1.0,1,Y
IDCJAC0009,16073,1982,12,14,0.0,,Y
IDCJAC0009,16073,1982,12,15,0.0,,Y
IDCJAC0009,16073,1982,12,16,0.0,,Y
IDCJAC0009,16073,1982,12,17,0.0,,Y
IDCJAC0009,16073,1982,12,18,0.0,,Y
IDCJAC0009,16073,1982,12,19,0.0,,Y
IDCJAC0009,16073,1982,12,20,0.0,,Y
IDCJAC0009,16073,1982,12,21,0.0,,Y
IDCJAC0009,16073,1982,12,22,0.0,,Y
IDCJAC0009,16073,1982,12,23,0.0,,Y
IDCJAC0009,16073,1982,12,24,0.0,,Y
IDCJAC0009,16073,1982,12,25,0.0,,Y
IDCJAC0009,16073,1982,12,26,0.0,,Y
IDCJAC0009,16073,1982,12,27,2.8,1,Y
IDCJAC0009,16073,1982,12,28,0.4,1,Y
IDCJAC0009,16073,1982,12,29,1.6,1,Y
IDCJAC0009,16073,1982,12,30,0.8,1,Y
IDCJAC0009,16073,1982,12,31,4.0,1,Y
IDCJAC0009,16073,1983,01,01,0.0,,Y
IDCJAC0009,16073,1983,01,02,0.0,,Y
IDCJAC0009,16073,1983,01,03,0.0,,Y
IDCJAC0009,16073,1983,01,04,0.0,,Y
IDCJAC0009,16073,1983,01,05,0.0,,Y
IDCJAC0009,16073,1983,01,06,0.0,,Y
IDCJAC0009,16073,1983,01,07,0.0,,Y
IDCJAC0009,16073,1983,01,08,0.0,,Y
IDCJAC0009,16073,1983,01,09,0.0,,Y
IDCJAC0009,16073,1983,01,10,,,
IDCJAC0009,16073,1983,01,11,35.0,2,Y
IDCJAC0009,16073,1983,01,12,15.2,1,Y
IDCJAC0009,16073,1983,01,13,0.0,,Y
IDCJAC0009,16073,1983,01,14,0.0,,Y
IDCJAC0009,16073,1983,01,15,0.0,,Y
IDCJAC0009,16073,1983,01,16,0.0,,Y
IDCJAC0009,16073,1983,01,17,0.0,,Y
IDCJAC0009,16073,1983,01,18,0.0,,Y
IDCJAC0009,16073,1983,01,19,0.0,,Y
IDCJAC0009,16073,1983,01,20,0.0,,Y
IDCJAC0009,16073,1983,01,21,0.0,,Y
IDCJAC0009,16073,1983,01,22,0.0,,Y
IDCJAC0009,16073,1983,01,23,0.0,,Y
IDCJAC0009,16073,1983,01,24,0.0,,Y
IDCJAC0009,16073,1983,01,25,0.0,,Y
IDCJAC0009,16073,1983,01,26,14.0,1,Y
IDCJAC0009,16073,1983,01,27,0.0,,Y
IDCJAC0009,16073,1983,01,28,0.0,,Y
IDCJAC0009,16073,1983,01,29,0.0,,Y
IDCJAC0009,16073,1983,01,30,0.0,,Y
IDCJAC0009,16073,1983,01,31,0.0,,Y
IDCJAC0009,16073,1983,02,01,0.0,,Y
IDCJAC0009,16073,1983,02,02,1.0,1,Y
IDCJAC0009,16073,1983,02,03,0.0,,Y
IDCJAC0009,16073,1983,02,04,0.0,,Y
IDCJAC0009,16073,1983,02,05,0.0,,Y
IDCJAC0009,16073,1983,02,06,0.0,,Y
IDCJAC0009,16073,1983,02,07,0.0,,Y
IDCJAC0009,16073,1983,02,08,0.0,,Y
IDCJAC0009,16073,1983,02,09,0.0,,Y
IDCJAC0009,16073,1983,02,10,0.6,1,Y
IDCJAC0009,16073,1983,02,11,3.0,1,Y
IDCJAC0009,16073,1983,02,12,0.0,,Y
IDCJAC0009,16073,1983,02,13,0.0,,Y
IDCJAC0009,16073,1983,02,14,0.0,,Y
IDCJAC0009,16073,1983,02,15,0.0,,Y
IDCJAC0009,16073,1983,02,16,0.0,,Y
IDCJAC0009,16073,1983,02,17,0.0,,Y
IDCJAC0009,16073,1983,02,18,0.0,,Y
IDCJAC0009,16073,1983,02,19,0.0,,Y
IDCJAC0009,16073,1983,02,20,0.0,,Y
IDCJAC0009,16073,1983,02,21,0.0,,Y
IDCJAC0009,16073,1983,02,22,0.0,,Y
IDCJAC0009,16073,1983,02,23,0.0,,Y
IDCJAC0009,16073,1983,02,24,0.0,,Y
IDCJAC0009,16073,1983,02,25,0.0,,Y
IDCJAC0009,16073,1983,02,26,0.0,,Y
IDCJAC0009,16073,1983,02,27,0.0,,Y
IDCJAC0009,16073,1983,02,28,0.0,,Y
IDCJAC0009,16073,1983,03,01,0.0,,Y
IDCJAC0009,16073,1983,03,02,0.0,,Y
IDCJAC0009,16073,1983,03,03,0.0,,Y
IDCJAC0009,16073,1983,03,04,0.0,,Y
IDCJAC0009,16073,1983,03,05,0.0,,Y
IDCJAC0009,16073,1983,03,06,7.0,1,Y
IDCJAC0009,16073,1983,03,07,0.0,,Y
IDCJAC0009,16073,1983,03,08,13.0,1,Y
IDCJAC0009,16073,1983,03,09,1.0,1,Y
IDCJAC0009,16073,1983,03,10,0.4,1,Y
IDCJAC0009,16073,1983,03,11,0.0,,Y
IDCJAC0009,16073,1983,03,12,0.0,,Y
IDCJAC0009,16073,1983,03,13,4.0,1,Y
IDCJAC0009,16073,1983,03,14,0.0,,Y
IDCJAC0009,16073,1983,03,15,0.0,,Y
IDCJAC0009,16073,1983,03,16,0.0,,Y
IDCJAC0009,16073,1983,03,17,10.4,1,Y
IDCJAC0009,16073,1983,03,18,22.2,1,Y
IDCJAC0009,16073,1983,03,19,8.2,1,Y
IDCJAC0009,16073,1983,03,20,0.0,,Y
IDCJAC0009,16073,1983,03,21,0.0,,Y
IDCJAC0009,16073,1983,03,22,0.0,,Y
IDCJAC0009,16073,1983,03,23,0.0,,Y
IDCJAC0009,16073,1983,03,24,0.0,,Y
IDCJAC0009,16073,1983,03,25,0.0,,Y
IDCJAC0009,16073,1983,03,26,0.0,,Y
IDCJAC0009,16073,1983,03,27,0.0,,Y
IDCJAC0009,16073,1983,03,28,0.0,,Y
IDCJAC0009,16073,1983,03,29,0.0,,Y
IDCJAC0009,16073,1983,03,30,0.0,,Y
IDCJAC0009,16073,1983,03,31,0.0,,Y
IDCJAC0009,16073,1983,04,01,0.0,,Y
IDCJAC0009,16073,1983,04,02,0.0,,Y
IDCJAC0009,16073,1983,04,03,0.0,,Y
IDCJAC0009,16073,1983,04,04,0.0,,Y
IDCJAC0009,16073,1983,04,05,0.0,,Y
IDCJAC0009,16073,1983,04,06,0.0,,Y
IDCJAC0009,16073,1983,04,07,0.0,,Y
IDCJAC0009,16073,1983,04,08,0.0,,Y
IDCJAC0009,16073,1983,04,09,33.0,1,Y
IDCJAC0009,16073,1983,04,10,0.0,,Y
IDCJAC0009,16073,1983,04,11,0.0,,Y
IDCJAC0009,16073,1983,04,12,0.0,,Y
IDCJAC0009,16073,1983,04,13,0.0,,Y
IDCJAC0009,16073,1983,04,14,0.0,,Y
IDCJAC0009,16073,1983,04,15,0.0,,Y
IDCJAC0009,16073,1983,04,16,0.0,,Y
IDCJAC0009,16073,1983,04,17,0.0,,Y
IDCJAC0009,16073,1983,04,18,0.0,,Y
IDCJAC0009,16073,1983,04,19,0.0,,Y
IDCJAC0009,16073,1983,04,20,0.0,,Y
IDCJAC0009,16073,1983,04,21,0.0,,Y
IDCJAC0009,16073,1983,04,22,0.0,,Y
IDCJAC0009,16073,1983,04,23,0.0,,Y
IDCJAC0009,16073,1983,04,24,0.0,,Y
IDCJAC0009,16073,1983,04,25,0.0,,Y
IDCJAC0009,16073,1983,04,26,0.0,,Y
IDCJAC0009,16073,1983,04,27,0.0,,Y
IDCJAC0009,16073,1983,04,28,0.0,,Y
IDCJAC0009,16073,1983,04,29,0.0,,Y
IDCJAC0009,16073,1983,04,30,0.0,,Y
IDCJAC0009,16073,1983,05,01,0.0,,Y
IDCJAC0009,16073,1983,05,02,0.0,,Y
IDCJAC0009,16073,1983,05,03,0.0,,Y
IDCJAC0009,16073,1983,05,04,0.0,,Y
IDCJAC0009,16073,1983,05,05,0.0,,Y
IDCJAC0009,16073,1983,05,06,0.0,,Y
IDCJAC0009,16073,1983,05,07,0.0,,Y
IDCJAC0009,16073,1983,05,08,0.0,,Y
IDCJAC0009,16073,1983,05,09,0.0,,Y
IDCJAC0009,16073,1983,05,10,0.0,,Y
IDCJAC0009,16073,1983,05,11,0.0,,Y
IDCJAC0009,16073,1983,05,12,0.0,,Y
IDCJAC0009,16073,1983,05,13,0.0,,Y
IDCJAC0009,16073,1983,05,14,0.0,,Y
IDCJAC0009,16073,1983,05,15,0.0,,Y
IDCJAC0009,16073,1983,05,16,0.0,,Y
IDCJAC0009,16073,1983,05,17,0.0,,Y
IDCJAC0009,16073,1983,05,18,0.0,,Y
IDCJAC0009,16073,1983,05,19,0.0,,Y
IDCJAC0009,16073,1983,05,20,0.0,,Y
IDCJAC0009,16073,1983,05,21,0.0,,Y
IDCJAC0009,16073,1983,05,22,0.0,,Y
IDCJAC0009,16073,1983,05,23,0.0,,Y
IDCJAC0009,16073,1983,05,24,0.0,,Y
IDCJAC0009,16073,1983,05,25,0.0,,Y
IDCJAC0009,16073,1983,05,26,0.0,,Y
IDCJAC0009,16073,1983,05,27,0.0,,Y
IDCJAC0009,16073,1983,05,28,0.0,,Y
IDCJAC0009,16073,1983,05,29,0.0,,Y
IDCJAC0009,16073,1983,05,30,0.0,,Y
IDCJAC0009,16073,1983,05,31,0.0,,Y
IDCJAC0009,16073,1983,06,01,0.0,,Y
IDCJAC0009,16073,1983,06,02,0.0,,Y
IDCJAC0009,16073,1983,06,03,0.0,,Y
IDCJAC0009,16073,1983,06,04,0.0,,Y
IDCJAC0009,16073,1983,06,05,0.0,,Y
IDCJAC0009,16073,1983,06,06,0.0,,Y
IDCJAC0009,16073,1983,06,07,0.0,,Y
IDCJAC0009,16073,1983,06,08,0.0,,Y
IDCJAC0009,16073,1983,06,09,0.0,,Y
IDCJAC0009,16073,1983,06,10,0.0,,Y
IDCJAC0009,16073,1983,06,11,0.0,,Y
IDCJAC0009,16073,1983,06,12,0.0,,Y
IDCJAC0009,16073,1983,06,13,0.0,,Y
IDCJAC0009,16073,1983,06,14,0.0,,Y
IDCJAC0009,16073,1983,06,15,0.0,,Y
IDCJAC0009,16073,1983,06,16,0.0,,Y
IDCJAC0009,16073,1983,06,17,0.0,,Y
IDCJAC0009,16073,1983,06,18,0.0,,Y
IDCJAC0009,16073,1983,06,19,0.0,,Y
IDCJAC0009,16073,1983,06,20,0.0,,Y
IDCJAC0009,16073,1983,06,21,0.0,,Y
IDCJAC0009,16073,1983,06,22,0.0,,Y
IDCJAC0009,16073,1983,06,23,0.0,,Y
IDCJAC0009,16073,1983,06,24,0.0,,Y
IDCJAC0009,16073,1983,06,25,0.0,,Y
IDCJAC0009,16073,1983,06,26,0.0,,Y
IDCJAC0009,16073,1983,06,27,2.2,1,Y
IDCJAC0009,16073,1983,06,28,0.0,,Y
IDCJAC0009,16073,1983,06,29,0.0,,Y
IDCJAC0009,16073,1983,06,30,0.0,,Y
IDCJAC0009,16073,1983,07,01,0.0,,Y
IDCJAC0009,16073,1983,07,02,0.0,,Y
IDCJAC0009,16073,1983,07,03,0.0,,Y
IDCJAC0009,16073,1983,07,04,0.0,,Y
IDCJAC0009,16073,1983,07,05,0.0,,Y
IDCJAC0009,16073,1983,07,06,0.0,,Y
IDCJAC0009,16073,1983,07,07,0.0,,Y
IDCJAC0009,16073,1983,07,08,0.0,,Y
IDCJAC0009,16073,1983,07,09,0.0,,Y
IDCJAC0009,16073,1983,07,10,0.0,,Y
IDCJAC0009,16073,1983,07,11,0.0,,Y
IDCJAC0009,16073,1983,07,12,0.0,,Y
IDCJAC0009,16073,1983,07,13,0.0,,Y
IDCJAC0009,16073,1983,07,14,0.0,,Y
IDCJAC0009,16073,1983,07,15,0.0,,Y
IDCJAC0009,16073,1983,07,16,0.0,,Y
IDCJAC0009,16073,1983,07,17,0.0,,Y
IDCJAC0009,16073,1983,07,18,0.0,,Y
IDCJAC0009,16073,1983,07,19,0.0,,Y
IDCJAC0009,16073,1983,07,20,0.0,,Y
IDCJAC0009,16073,1983,07,21,0.0,,Y
IDCJAC0009,16073,1983,07,22,0.0,,Y
IDCJAC0009,16073,1983,07,23,0.0,,Y
IDCJAC0009,16073,1983,07,24,0.0,,Y
IDCJAC0009,16073,1983,07,25,0.0,,Y
IDCJAC0009,16073,1983,07,26,0.0,,Y
IDCJAC0009,16073,1983,07,27,1.0,1,Y
IDCJAC0009,16073,1983,07,28,0.0,,Y
IDCJAC0009,16073,1983,07,29,1.0,1,Y
IDCJAC0009,16073,1983,07,30,0.0,,Y
IDCJAC0009,16073,1983,07,31,0.0,,Y
IDCJAC0009,16073,1983,08,01,0.0,,Y
IDCJAC0009,16073,1983,08,02,0.0,,Y
IDCJAC0009,16073,1983,08,03,0.0,,Y
IDCJAC0009,16073,1983,08,04,0.0,,Y
IDCJAC0009,16073,1983,08,05,0.0,,Y
IDCJAC0009,16073,1983,08,06,0.0,,Y
IDCJAC0009,16073,1983,08,07,0.0,,Y
IDCJAC0009,16073,1983,08,08,0.0,,Y
IDCJAC0009,16073,1983,08,09,0.0,,Y
IDCJAC0009,16073,1983,08,10,0.0,,Y
IDCJAC0009,16073,1983,08,11,0.0,,Y
IDCJAC0009,16073,1983,08,12,0.0,,Y
IDCJAC0009,16073,1983,08,13,0.0,,Y
IDCJAC0009,16073,1983,08,14,0.0,,Y
IDCJAC0009,16073,1983,08,15,0.0,,Y
IDCJAC0009,16073,1983,08,16,0.3,1,Y
IDCJAC0009,16073,1983,08,17,0.0,,Y
IDCJAC0009,16073,1983,08,18,0.0,,Y
IDCJAC0009,16073,1983,08,19,0.0,,Y
IDCJAC0009,16073,1983,08,20,0.0,,Y
IDCJAC0009,16073,1983,08,21,0.0,,Y
IDCJAC0009,16073,1983,08,22,0.0,,Y
IDCJAC0009,16073,1983,08,23,0.8,1,Y
IDCJAC0009,16073,1983,08,24,0.0,,Y
IDCJAC0009,16073,1983,08,25,0.0,,Y
IDCJAC0009,16073,1983,08,26,0.0,,Y
IDCJAC0009,16073,1983,08,27,0.0,,Y
IDCJAC0009,16073,1983,08,28,0.0,,Y
IDCJAC0009,16073,1983,08,29,0.0,,Y
IDCJAC0009,16073,1983,08,30,0.0,,Y
IDCJAC0009,16073,1983,08,31,0.0,,Y
IDCJAC0009,16073,1983,09,01,0.0,,Y
IDCJAC0009,16073,1983,09,02,1.8,1,Y
IDCJAC0009,16073,1983,09,03,0.0,,Y
IDCJAC0009,16073,1983,09,04,0.0,,Y
IDCJAC0009,16073,1983,09,05,0.0,,Y
IDCJAC0009,16073,1983,09,06,0.0,,Y
IDCJAC0009,16073,1983,09,07,0.0,,Y
IDCJAC0009,16073,1983,09,08,0.0,,Y
IDCJAC0009,16073,1983,09,09,0.0,,Y
IDCJAC0009,16073,1983,09,10,0.0,,Y
IDCJAC0009,16073,1983,09,11,0.0,,Y
IDCJAC0009,16073,1983,09,12,0.0,,Y
IDCJAC0009,16073,1983,09,13,0.0,,Y
IDCJAC0009,16073,1983,09,14,0.0,,Y
IDCJAC0009,16073,1983,09,15,0.0,,Y
IDCJAC0009,16073,1983,09,16,0.0,,Y
IDCJAC0009,16073,1983,09,17,0.0,,Y
IDCJAC0009,16073,1983,09,18,0.0,,Y
IDCJAC0009,16073,1983,09,19,0.0,,Y
IDCJAC0009,16073,1983,09,20,0.0,,Y
IDCJAC0009,16073,1983,09,21,0.0,,Y
IDCJAC0009,16073,1983,09,22,0.0,,Y
IDCJAC0009,16073,1983,09,23,0.0,,Y
IDCJAC0009,16073,1983,09,24,0.0,,Y
IDCJAC0009,16073,1983,09,25,0.0,,Y
IDCJAC0009,16073,1983,09,26,0.0,,Y
IDCJAC0009,16073,1983,09,27,0.0,,Y
IDCJAC0009,16073,1983,09,28,0.0,,Y
IDCJAC0009,16073,1983,09,29,0.0,,Y
IDCJAC0009,16073,1983,09,30,0.0,,Y
IDCJAC0009,16073,1983,10,01,0.0,,Y
IDCJAC0009,16073,1983,10,02,0.0,,Y
IDCJAC0009,16073,1983,10,03,0.0,,Y
IDCJAC0009,16073,1983,10,04,0.0,,Y
IDCJAC0009,16073,1983,10,05,0.0,,Y
IDCJAC0009,16073,1983,10,06,0.0,,Y
IDCJAC0009,16073,1983,10,07,0.0,,Y
IDCJAC0009,16073,1983,10,08,0.8,1,Y
IDCJAC0009,16073,1983,10,09,0.0,,Y
IDCJAC0009,16073,1983,10,10,0.0,,Y
IDCJAC0009,16073,1983,10,11,0.0,,Y
IDCJAC0009,16073,1983,10,12,0.9,1,Y
IDCJAC0009,16073,1983,10,13,0.0,,Y
IDCJAC0009,16073,1983,10,14,0.0,,Y
IDCJAC0009,16073,1983,10,15,0.0,,Y
IDCJAC0009,16073,1983,10,16,0.0,,Y
IDCJAC0009,16073,1983,10,17,0.0,,Y
IDCJAC0009,16073,1983,10,18,3.4,1,Y
IDCJAC0009,16073,1983,10,19,0.0,,Y
IDCJAC0009,16073,1983,10,20,0.0,,Y
IDCJAC0009,16073,1983,10,21,0.0,,Y
IDCJAC0009,16073,1983,10,22,0.0,,Y
IDCJAC0009,16073,1983,10,23,0.0,,Y
IDCJAC0009,16073,1983,10,24,0.0,,Y
IDCJAC0009,16073,1983,10,25,0.0,,Y
IDCJAC0009,16073,1983,10,26,0.0,,Y
IDCJAC0009,16073,1983,10,27,0.0,,Y
IDCJAC0009,16073,1983,10,28,0.0,,Y
IDCJAC0009,16073,1983,10,29,0.0,,Y
IDCJAC0009,16073,1983,10,30,0.0,,Y
IDCJAC0009,16073,1983,10,31,0.0,,Y
IDCJAC0009,16073,1983,11,01,0.0,,Y
IDCJAC0009,16073,1983,11,02,0.0,,Y
IDCJAC0009,16073,1983,11,03,3.9,1,Y
IDCJAC0009,16073,1983,11,04,0.0,,Y
IDCJAC0009,16073,1983,11,05,,,
IDCJAC0009,16073,1983,11,06,,,
IDCJAC0009,16073,1983,11,07,,,
IDCJAC0009,16073,1983,11,08,,,
IDCJAC0009,16073,1983,11,09,,,
IDCJAC0009,16073,1983,11,10,,,
IDCJAC0009,16073,1983,11,11,,,
IDCJAC0009,16073,1983,11,12,,,
IDCJAC0009,16073,1983,11,13,0.0,,Y
IDCJAC0009,16073,1983,11,14,0.0,,Y
IDCJAC0009,16073,1983,11,15,2.6,1,Y
IDCJAC0009,16073,1983,11,16,0.4,1,Y
IDCJAC0009,16073,1983,11,17,0.1,1,Y
IDCJAC0009,16073,1983,11,18,0.4,1,Y
IDCJAC0009,16073,1983,11,19,0.0,,Y
IDCJAC0009,16073,1983,11,20,0.0,,Y
IDCJAC0009,16073,1983,11,21,0.0,,Y
IDCJAC0009,16073,1983,11,22,0.0,,Y
IDCJAC0009,16073,1983,11,23,0.0,,Y
IDCJAC0009,16073,1983,11,24,0.0,,Y
IDCJAC0009,16073,1983,11,25,5.2,1,Y
IDCJAC0009,16073,1983,11,26,0.0,,Y
IDCJAC0009,16073,1983,11,27,0.0,,Y
IDCJAC0009,16073,1983,11,28,0.0,,Y
IDCJAC0009,16073,1983,11,29,0.0,,Y
IDCJAC0009,16073,1983,11,30,0.0,,Y
IDCJAC0009,16073,1983,12,01,19.2,1,Y
IDCJAC0009,16073,1983,12,02,0.0,,Y
IDCJAC0009,16073,1983,12,03,0.0,,Y
IDCJAC0009,16073,1983,12,04,0.0,,Y
IDCJAC0009,16073,1983,12,05,0.0,,Y
IDCJAC0009,16073,1983,12,06,4.0,1,Y
IDCJAC0009,16073,1983,12,07,0.0,,Y
IDCJAC0009,16073,1983,12,08,0.0,,Y
IDCJAC0009,16073,1983,12,09,0.0,,Y
IDCJAC0009,16073,1983,12,10,0.0,,Y
IDCJAC0009,16073,1983,12,11,0.0,,Y
IDCJAC0009,16073,1983,12,12,0.0,,Y
IDCJAC0009,16073,1983,12,13,0.0,,Y
IDCJAC0009,16073,1983,12,14,0.0,,Y
IDCJAC0009,16073,1983,12,15,0.0,,Y
IDCJAC0009,16073,1983,12,16,0.0,,Y
IDCJAC0009,16073,1983,12,17,0.0,,Y
IDCJAC0009,16073,1983,12,18,0.0,,Y
IDCJAC0009,16073,1983,12,19,0.0,,Y
IDCJAC0009,16073,1983,12,20,0.0,,Y
IDCJAC0009,16073,1983,12,21,7.4,1,Y
IDCJAC0009,16073,1983,12,22,0.0,,Y
IDCJAC0009,16073,1983,12,23,0.0,,Y
IDCJAC0009,16073,1983,12,24,0.0,,Y
IDCJAC0009,16073,1983,12,25,0.0,,Y
IDCJAC0009,16073,1983,12,26,0.0,,Y
IDCJAC0009,16073,1983,12,27,0.0,,Y
IDCJAC0009,16073,1983,12,28,9.8,1,Y
IDCJAC0009,16073,1983,12,29,0.0,,Y
IDCJAC0009,16073,1983,12,30,0.0,,Y
IDCJAC0009,16073,1983,12,31,0.0,,Y
IDCJAC0009,16073,1984,01,01,,,
IDCJAC0009,16073,1984,01,02,,,
IDCJAC0009,16073,1984,01,03,,,
IDCJAC0009,16073,1984,01,04,,,
IDCJAC0009,16073,1984,01,05,,,
IDCJAC0009,16073,1984,01,06,,,
IDCJAC0009,16073,1984,01,07,,,
IDCJAC0009,16073,1984,01,08,,,
IDCJAC0009,16073,1984,01,09,,,
IDCJAC0009,16073,1984,01,10,,,
IDCJAC0009,16073,1984,01,11,,,
IDCJAC0009,16073,1984,01,12,,,
IDCJAC0009,16073,1984,01,13,,,
IDCJAC0009,16073,1984,01,14,,,
IDCJAC0009,16073,1984,01,15,,,
IDCJAC0009,16073,1984,01,16,,,
IDCJAC0009,16073,1984,01,17,,,
IDCJAC0009,16073,1984,01,18,,,
IDCJAC0009,16073,1984,01,19,,,
IDCJAC0009,16073,1984,01,20,,,
IDCJAC0009,16073,1984,01,21,,,
IDCJAC0009,16073,1984,01,22,0.0,,Y
IDCJAC0009,16073,1984,01,23,0.0,,Y
IDCJAC0009,16073,1984,01,24,0.0,,Y
IDCJAC0009,16073,1984,01,25,0.0,,Y
IDCJAC0009,16073,1984,01,26,0.6,1,Y
IDCJAC0009,16073,1984,01,27,0.0,,Y
IDCJAC0009,16073,1984,01,28,0.0,,Y
IDCJAC0009,16073,1984,01,29,0.0,,Y
IDCJAC0009,16073,1984,01,30,0.0,,Y
IDCJAC0009,16073,1984,01,31,0.0,,Y
IDCJAC0009,16073,1984,02,01,0.0,,Y
IDCJAC0009,16073,1984,02,02,0.0,,Y
IDCJAC0009,16073,1984,02,03,0.0,,Y
IDCJAC0009,16073,1984,02,04,0.0,,Y
IDCJAC0009,16073,1984,02,05,0.0,,Y
IDCJAC0009,16073,1984,02,06,0.0,,Y
IDCJAC0009,16073,1984,02,07,0.0,,Y
IDCJAC0009,16073,1984,02,08,0.0,,Y
IDCJAC0009,16073,1984,02,09,0.0,,Y
IDCJAC0009,16073,1984,02,10,0.0,,Y
IDCJAC0009,16073,1984,02,11,0.0,,Y
IDCJAC0009,16073,1984,02,12,0.0,,Y
IDCJAC0009,16073,1984,02,13,0.0,,Y
IDCJAC0009,16073,1984,02,14,0.0,,Y
IDCJAC0009,16073,1984,02,15,0.0,,Y
IDCJAC0009,16073,1984,02,16,0.0,,Y
IDCJAC0009,16073,1984,02,17,0.0,,Y
IDCJAC0009,16073,1984,02,18,0.0,,Y
IDCJAC0009,16073,1984,02,19,0.0,,Y
IDCJAC0009,16073,1984,02,20,0.0,,Y
IDCJAC0009,16073,1984,02,21,0.0,,Y
IDCJAC0009,16073,1984,02,22,0.0,,Y
IDCJAC0009,16073,1984,02,23,0.0,,Y
IDCJAC0009,16073,1984,02,24,0.0,,Y
IDCJAC0009,16073,1984,02,25,0.0,,Y
IDCJAC0009,16073,1984,02,26,0.0,,Y
IDCJAC0009,16073,1984,02,27,0.0,,Y
IDCJAC0009,16073,1984,02,28,0.0,,Y
IDCJAC0009,16073,1984,02,29,0.0,,Y
IDCJAC0009,16073,1984,03,01,0.0,,Y
IDCJAC0009,16073,1984,03,02,0.0,,Y
IDCJAC0009,16073,1984,03,03,0.0,,Y
IDCJAC0009,16073,1984,03,04,0.0,,Y
IDCJAC0009,16073,1984,03,05,0.0,,Y
IDCJAC0009,16073,1984,03,06,0.0,,Y
IDCJAC0009,16073,1984,03,07,0.0,,Y
IDCJAC0009,16073,1984,03,08,0.0,,Y
IDCJAC0009,16073,1984,03,09,0.0,,Y
IDCJAC0009,16073,1984,03,10,0.0,,Y
IDCJAC0009,16073,1984,03,11,0.0,,Y
IDCJAC0009,16073,1984,03,12,0.0,,Y
IDCJAC0009,16073,1984,03,13,2.0,1,Y
IDCJAC0009,16073,1984,03,14,0.0,,Y
IDCJAC0009,16073,1984,03,15,0.0,,Y
IDCJAC0009,16073,1984,03,16,0.0,,Y
IDCJAC0009,16073,1984,03,17,0.0,,Y
IDCJAC0009,16073,1984,03,18,0.0,,Y
IDCJAC0009,16073,1984,03,19,0.0,,Y
IDCJAC0009,16073,1984,03,20,1.6,1,Y
IDCJAC0009,16073,1984,03,21,2.4,1,Y
IDCJAC0009,16073,1984,03,22,2.6,1,Y
IDCJAC0009,16073,1984,03,23,0.0,,Y
IDCJAC0009,16073,1984,03,24,0.0,,Y
IDCJAC0009,16073,1984,03,25,0.0,,Y
IDCJAC0009,16073,1984,03,26,0.0,,Y
IDCJAC0009,16073,1984,03,27,0.0,,Y
IDCJAC0009,16073,1984,03,28,0.0,,Y
IDCJAC0009,16073,1984,03,29,0.0,,Y
IDCJAC0009,16073,1984,03,30,0.0,,Y
IDCJAC0009,16073,1984,03,31,0.0,,Y
IDCJAC0009,16073,1984,04,01,0.0,,Y
IDCJAC0009,16073,1984,04,02,0.0,,Y
IDCJAC0009,16073,1984,04,03,0.0,,Y
IDCJAC0009,16073,1984,04,04,0.0,,Y
IDCJAC0009,16073,1984,04,05,0.0,,Y
IDCJAC0009,16073,1984,04,06,0.0,,Y
IDCJAC0009,16073,1984,04,07,0.0,,Y
IDCJAC0009,16073,1984,04,08,0.0,,Y
IDCJAC0009,16073,1984,04,09,0.0,,Y
IDCJAC0009,16073,1984,04,10,0.0,,Y
IDCJAC0009,16073,1984,04,11,0.0,,Y
IDCJAC0009,16073,1984,04,12,0.0,,Y
IDCJAC0009,16073,1984,04,13,0.0,,Y
IDCJAC0009,16073,1984,04,14,8.4,1,Y
IDCJAC0009,16073,1984,04,15,0.4,1,Y
IDCJAC0009,16073,1984,04,16,0.0,,Y
IDCJAC0009,16073,1984,04,17,0.0,,Y
IDCJAC0009,16073,1984,04,18,0.0,,Y
IDCJAC0009,16073,1984,04,19,0.0,,Y
IDCJAC0009,16073,1984,04,20,0.0,,Y
IDCJAC0009,16073,1984,04,21,0.0,,Y
IDCJAC0009,16073,1984,04,22,0.0,,Y
IDCJAC0009,16073,1984,04,23,0.0,,Y
IDCJAC0009,16073,1984,04,24,0.0,,Y
IDCJAC0009,16073,1984,04,25,0.0,,Y
IDCJAC0009,16073,1984,04,26,0.0,,Y
IDCJAC0009,16073,1984,04,27,0.0,,Y
IDCJAC0009,16073,1984,04,28,0.0,,Y
IDCJAC0009,16073,1984,04,29,0.0,,Y
IDCJAC0009,16073,1984,04,30,0.0,,Y
IDCJAC0009,16073,1984,05,01,0.0,,Y
IDCJAC0009,16073,1984,05,02,0.0,,Y
IDCJAC0009,16073,1984,05,03,0.0,,Y
IDCJAC0009,16073,1984,05,04,0.0,,Y
IDCJAC0009,16073,1984,05,05,0.0,,Y
IDCJAC0009,16073,1984,05,06,0.0,,Y
IDCJAC0009,16073,1984,05,07,0.0,,Y
IDCJAC0009,16073,1984,05,08,0.0,,Y
IDCJAC0009,16073,1984,05,09,0.0,,Y
IDCJAC0009,16073,1984,05,10,0.0,,Y
IDCJAC0009,16073,1984,05,11,0.3,1,Y
IDCJAC0009,16073,1984,05,12,0.0,,Y
IDCJAC0009,16073,1984,05,13,0.0,,Y
IDCJAC0009,16073,1984,05,14,2.0,1,Y
IDCJAC0009,16073,1984,05,15,0.0,,Y
IDCJAC0009,16073,1984,05,16,,,
IDCJAC0009,16073,1984,05,17,,,
IDCJAC0009,16073,1984,05,18,,,
IDCJAC0009,16073,1984,05,19,7.0,4,Y
IDCJAC0009,16073,1984,05,20,0.0,,Y
IDCJAC0009,16073,1984,05,21,0.0,,Y
IDCJAC0009,16073,1984,05,22,0.0,,Y
IDCJAC0009,16073,1984,05,23,0.0,,Y
IDCJAC0009,16073,1984,05,24,0.0,,Y
IDCJAC0009,16073,1984,05,25,0.0,,Y
IDCJAC0009,16073,1984,05,26,0.0,,Y
IDCJAC0009,16073,1984,05,27,0.0,,Y
IDCJAC0009,16073,1984,05,28,0.0,,Y
IDCJAC0009,16073,1984,05,29,0.0,,Y
IDCJAC0009,16073,1984,05,30,0.0,,Y
IDCJAC0009,16073,1984,05,31,0.0,,Y
IDCJAC0009,16073,1984,06,01,,,
IDCJAC0009,16073,1984,06,02,,,
IDCJAC0009,16073,1984,06,03,,,
IDCJAC0009,16073,1984,06,04,,,
IDCJAC0009,16073,1984,06,05,,,
IDCJAC0009,16073,1984,06,06,,,
IDCJAC0009,16073,1984,06,07,,,
IDCJAC0009,16073,1984,06,08,,,
IDCJAC0009,16073,1984,06,09,,,
IDCJAC0009,16073,1984,06,10,,,
IDCJAC0009,16073,1984,06,11,,,
IDCJAC0009,16073,1984,06,12,,,
IDCJAC0009,16073,1984,06,13,,,
IDCJAC0009,16073,1984,06,14,,,
IDCJAC0009,16073,1984,06,15,,,
IDCJAC0009,16073,1984,06,16,,,
IDCJAC0009,16073,1984,06,17,,,
IDCJAC0009,16073,1984,06,18,,,
IDCJAC0009,16073,1984,06,19,,,
IDCJAC0009,16073,1984,06,20,,,
IDCJAC0009,16073,1984,06,21,,,
IDCJAC0009,16073,1984,06,22,,,
IDCJAC0009,16073,1984,06,23,,,
IDCJAC0009,16073,1984,06,24,,,
IDCJAC0009,16073,1984,06,25,,,
IDCJAC0009,16073,1984,06,26,,,
IDCJAC0009,16073,1984,06,27,,,
IDCJAC0009,16073,1984,06,28,,,
IDCJAC0009,16073,1984,06,29,,,
IDCJAC0009,16073,1984,06,30,,,
IDCJAC0009,16073,1984,07,01,,,
IDCJAC0009,16073,1984,07,02,,,
IDCJAC0009,16073,1984,07,03,,,
IDCJAC0009,16073,1984,07,04,,,
IDCJAC0009,16073,1984,07,05,,,
IDCJAC0009,16073,1984,07,06,,,
IDCJAC0009,16073,1984,07,07,,,
IDCJAC0009,16073,1984,07,08,,,
IDCJAC0009,16073,1984,07,09,,,
IDCJAC0009,16073,1984,07,10,,,
IDCJAC0009,16073,1984,07,11,,,
IDCJAC0009,16073,1984,07,12,,,
IDCJAC0009,16073,1984,07,13,,,
IDCJAC0009,16073,1984,07,14,,,
IDCJAC0009,16073,1984,07,15,,,
IDCJAC0009,16073,1984,07,16,,,
IDCJAC0009,16073,1984,07,17,,,
IDCJAC0009,16073,1984,07,18,,,
IDCJAC0009,16073,1984,07,19,,,
IDCJAC0009,16073,1984,07,20,,,
IDCJAC0009,16073,1984,07,21,,,
IDCJAC0009,16073,1984,07,22,,,
IDCJAC0009,16073,1984,07,23,,,
IDCJAC0009,16073,1984,07,24,,,
IDCJAC0009,16073,1984,07,25,,,
IDCJAC0009,16073,1984,07,26,,,
IDCJAC0009,16073,1984,07,27,,,
IDCJAC0009,16073,1984,07,28,,,
IDCJAC0009,16073,1984,07,29,,,
IDCJAC0009,16073,1984,07,30,,,
IDCJAC0009,16073,1984,07,31,,,
IDCJAC0009,16073,1984,08,01,,,
IDCJAC0009,16073,1984,08,02,,,
IDCJAC0009,16073,1984,08,03,,,
IDCJAC0009,16073,1984,08,04,,,
IDCJAC0009,16073,1984,08,05,,,
IDCJAC0009,16073,1984,08,06,,,
IDCJAC0009,16073,1984,08,07,,,
IDCJAC0009,16073,1984,08,08,,,
IDCJAC0009,16073,1984,08,09,,,
IDCJAC0009,16073,1984,08,10,,,
IDCJAC0009,16073,1984,08,11,,,
IDCJAC0009,16073,1984,08,12,,,
IDCJAC0009,16073,1984,08,13,,,
IDCJAC0009,16073,1984,08,14,,,
IDCJAC0009,16073,1984,08,15,,,
IDCJAC0009,16073,1984,08,16,,,
IDCJAC0009,16073,1984,08,17,,,
IDCJAC0009,16073,1984,08,18,,,
IDCJAC0009,16073,1984,08,19,,,
IDCJAC0009,16073,1984,08,20,,,
IDCJAC0009,16073,1984,08,21,,,
IDCJAC0009,16073,1984,08,22,,,
IDCJAC0009,16073,1984,08,23,,,
IDCJAC0009,16073,1984,08,24,,,
IDCJAC0009,16073,1984,08,25,,,
IDCJAC0009,16073,1984,08,26,,,
IDCJAC0009,16073,1984,08,27,,,
IDCJAC0009,16073,1984,08,28,,,
IDCJAC0009,16073,1984,08,29,,,
IDCJAC0009,16073,1984,08,30,,,
IDCJAC0009,16073,1984,08,31,,,
IDCJAC0009,16073,1984,09,01,0.0,,Y
IDCJAC0009,16073,1984,09,02,0.0,,Y
IDCJAC0009,16073,1984,09,03,0.0,,Y
IDCJAC0009,16073,1984,09,04,0.0,,Y
IDCJAC0009,16073,1984,09,05,0.0,,Y
IDCJAC0009,16073,1984,09,06,0.0,,Y
IDCJAC0009,16073,1984,09,07,0.0,,Y
IDCJAC0009,16073,1984,09,08,0.0,,Y
IDCJAC0009,16073,1984,09,09,0.0,,Y
IDCJAC0009,16073,1984,09,10,0.0,,Y
IDCJAC0009,16073,1984,09,11,0.0,,Y
IDCJAC0009,16073,1984,09,12,0.0,,Y
IDCJAC0009,16073,1984,09,13,0.0,,Y
IDCJAC0009,16073,1984,09,14,1.4,1,Y
IDCJAC0009,16073,1984,09,15,0.1,1,Y
IDCJAC0009,16073,1984,09,16,0.0,,Y
IDCJAC0009,16073,1984,09,17,0.0,,Y
IDCJAC0009,16073,1984,09,18,0.0,,Y
IDCJAC0009,16073,1984,09,19,0.0,,Y
IDCJAC0009,16073,1984,09,20,0.0,,Y
IDCJAC0009,16073,1984,09,21,0.0,,Y
IDCJAC0009,16073,1984,09,22,0.0,,Y
IDCJAC0009,16073,1984,09,23,0.0,,Y
IDCJAC0009,16073,1984,09,24,8.6,1,Y
IDCJAC0009,16073,1984,09,25,4.2,1,Y
IDCJAC0009,16073,1984,09,26,0.0,,Y
IDCJAC0009,16073,1984,09,27,0.0,,Y
IDCJAC0009,16073,1984,09,28,0.1,1,Y
IDCJAC0009,16073,1984,09,29,15.0,1,Y
IDCJAC0009,16073,1984,09,30,3.4,1,Y
IDCJAC0009,16073,1984,10,01,11.4,1,Y
IDCJAC0009,16073,1984,10,02,1.8,1,Y
IDCJAC0009,16073,1984,10,03,0.0,,Y
IDCJAC0009,16073,1984,10,04,0.0,,Y
IDCJAC0009,16073,1984,10,05,0.0,,Y
IDCJAC0009,16073,1984,10,06,0.0,,Y
IDCJAC0009,16073,1984,10,07,0.0,,Y
IDCJAC0009,16073,1984,10,08,0.0,,Y
IDCJAC0009,16073,1984,10,09,0.0,,Y
IDCJAC0009,16073,1984,10,10,0.0,,Y
IDCJAC0009,16073,1984,10,11,0.0,,Y
IDCJAC0009,16073,1984,10,12,0.0,,Y
IDCJAC0009,16073,1984,10,13,0.0,,Y
IDCJAC0009,16073,1984,10,14,0.0,,Y
IDCJAC0009,16073,1984,10,15,0.0,,Y
IDCJAC0009,16073,1984,10,16,0.0,,Y
IDCJAC0009,16073,1984,10,17,0.0,,Y
IDCJAC0009,16073,1984,10,18,0.0,,Y
IDCJAC0009,16073,1984,10,19,0.0,,Y
IDCJAC0009,16073,1984,10,20,0.0,,Y
IDCJAC0009,16073,1984,10,21,0.0,,Y
IDCJAC0009,16073,1984,10,22,0.0,,Y
IDCJAC0009,16073,1984,10,23,0.0,,Y
IDCJAC0009,16073,1984,10,24,0.0,,Y
IDCJAC0009,16073,1984,10,25,0.0,,Y
IDCJAC0009,16073,1984,10,26,0.0,,Y
IDCJAC0009,16073,1984,10,27,0.0,,Y
IDCJAC0009,16073,1984,10,28,0.0,,Y
IDCJAC0009,16073,1984,10,29,0.0,,Y
IDCJAC0009,16073,1984,10,30,0.0,,Y
IDCJAC0009,16073,1984,10,31,0.0,,Y
IDCJAC0009,16073,1984,11,01,0.0,,Y
IDCJAC0009,16073,1984,11,02,0.0,,Y
IDCJAC0009,16073,1984,11,03,0.0,,Y
IDCJAC0009,16073,1984,11,04,0.0,,Y
IDCJAC0009,16073,1984,11,05,0.0,,Y
IDCJAC0009,16073,1984,11,06,0.0,,Y
IDCJAC0009,16073,1984,11,07,0.0,,Y
IDCJAC0009,16073,1984,11,08,0.0,,Y
IDCJAC0009,16073,1984,11,09,0.0,,Y
IDCJAC0009,16073,1984,11,10,0.0,,Y
IDCJAC0009,16073,1984,11,11,0.0,,Y
IDCJAC0009,16073,1984,11,12,0.0,,Y
IDCJAC0009,16073,1984,11,13,0.0,,Y
IDCJAC0009,16073,1984,11,14,0.0,,Y
IDCJAC0009,16073,1984,11,15,0.0,,Y
IDCJAC0009,16073,1984,11,16,0.0,,Y
IDCJAC0009,16073,1984,11,17,0.0,,Y
IDCJAC0009,16073,1984,11,18,0.0,,Y
IDCJAC0009,16073,1984,11,19,0.0,,Y
IDCJAC0009,16073,1984,11,20,0.0,,Y
IDCJAC0009,16073,1984,11,21,0.0,,Y
IDCJAC0009,16073,1984,11,22,0.0,,Y
IDCJAC0009,16073,1984,11,23,0.0,,Y
IDCJAC0009,16073,1984,11,24,0.0,,Y
IDCJAC0009,16073,1984,11,25,0.0,,Y
IDCJAC0009,16073,1984,11,26,0.0,,Y
IDCJAC0009,16073,1984,11,27,0.0,,Y
IDCJAC0009,16073,1984,11,28,1.4,1,Y
IDCJAC0009,16073,1984,11,29,0.1,1,Y
IDCJAC0009,16073,1984,11,30,0.2,1,Y
IDCJAC0009,16073,1984,12,01,0.8,1,Y
IDCJAC0009,16073,1984,12,02,0.0,,Y
IDCJAC0009,16073,1984,12,03,0.0,,Y
IDCJAC0009,16073,1984,12,04,0.0,,Y
IDCJAC0009,16073,1984,12,05,0.0,,Y
IDCJAC0009,16073,1984,12,06,0.8,1,Y
IDCJAC0009,16073,1984,12,07,0.0,,Y
IDCJAC0009,16073,1984,12,08,0.0,,Y
IDCJAC0009,16073,1984,12,09,0.0,,Y
IDCJAC0009,16073,1984,12,10,3.2,1,Y
IDCJAC0009,16073,1984,12,11,0.0,,Y
IDCJAC0009,16073,1984,12,12,0.0,,Y
IDCJAC0009,16073,1984,12,13,0.0,,Y
IDCJAC0009,16073,1984,12,14,0.0,,Y
IDCJAC0009,16073,1984,12,15,0.0,,Y
IDCJAC0009,16073,1984,12,16,0.0,,Y
IDCJAC0009,16073,1984,12,17,8.6,1,Y
IDCJAC0009,16073,1984,12,18,4.8,1,Y
IDCJAC0009,16073,1984,12,19,0.0,,Y
IDCJAC0009,16073,1984,12,20,0.0,,Y
IDCJAC0009,16073,1984,12,21,0.0,,Y
IDCJAC0009,16073,1984,12,22,0.0,,Y
IDCJAC0009,16073,1984,12,23,0.0,,Y
IDCJAC0009,16073,1984,12,24,0.0,,Y
IDCJAC0009,16073,1984,12,25,0.0,,Y
IDCJAC0009,16073,1984,12,26,0.0,,Y
IDCJAC0009,16073,1984,12,27,0.0,,Y
IDCJAC0009,16073,1984,12,28,0.0,,Y
IDCJAC0009,16073,1984,12,29,0.0,,Y
IDCJAC0009,16073,1984,12,30,0.0,,Y
IDCJAC0009,16073,1984,12,31,0.3,1,Y
IDCJAC0009,16073,1985,01,01,0.0,,Y
IDCJAC0009,16073,1985,01,02,0.0,,Y
IDCJAC0009,16073,1985,01,03,0.0,,Y
IDCJAC0009,16073,1985,01,04,0.0,,Y
IDCJAC0009,16073,1985,01,05,0.0,,Y
IDCJAC0009,16073,1985,01,06,0.0,,Y
IDCJAC0009,16073,1985,01,07,0.0,,Y
IDCJAC0009,16073,1985,01,08,0.0,,Y
IDCJAC0009,16073,1985,01,09,0.0,,Y
IDCJAC0009,16073,1985,01,10,0.0,,Y
IDCJAC0009,16073,1985,01,11,0.0,,Y
IDCJAC0009,16073,1985,01,12,0.0,,Y
IDCJAC0009,16073,1985,01,13,0.0,,Y
IDCJAC0009,16073,1985,01,14,0.0,,Y
IDCJAC0009,16073,1985,01,15,0.0,,Y
IDCJAC0009,16073,1985,01,16,0.0,,Y
IDCJAC0009,16073,1985,01,17,0.0,,Y
IDCJAC0009,16073,1985,01,18,0.0,,Y
IDCJAC0009,16073,1985,01,19,0.0,,Y
IDCJAC0009,16073,1985,01,20,0.0,,Y
IDCJAC0009,16073,1985,01,21,0.0,,Y
IDCJAC0009,16073,1985,01,22,0.0,,Y
IDCJAC0009,16073,1985,01,23,0.0,,Y
IDCJAC0009,16073,1985,01,24,0.0,,Y
IDCJAC0009,16073,1985,01,25,0.0,,Y
IDCJAC0009,16073,1985,01,26,0.0,,Y
IDCJAC0009,16073,1985,01,27,0.0,,Y
IDCJAC0009,16073,1985,01,28,0.0,,Y
IDCJAC0009,16073,1985,01,29,0.0,,Y
IDCJAC0009,16073,1985,01,30,0.0,,Y
IDCJAC0009,16073,1985,01,31,1.0,1,Y
IDCJAC0009,16073,1985,02,01,3.4,1,Y
IDCJAC0009,16073,1985,02,02,4.3,1,Y
IDCJAC0009,16073,1985,02,03,0.1,1,Y
IDCJAC0009,16073,1985,02,04,0.0,,Y
IDCJAC0009,16073,1985,02,05,0.0,,Y
IDCJAC0009,16073,1985,02,06,0.0,,Y
IDCJAC0009,16073,1985,02,07,11.8,1,Y
IDCJAC0009,16073,1985,02,08,16.1,1,Y
IDCJAC0009,16073,1985,02,09,0.0,,Y
IDCJAC0009,16073,1985,02,10,0.0,,Y
IDCJAC0009,16073,1985,02,11,0.0,,Y
IDCJAC0009,16073,1985,02,12,0.0,,Y
IDCJAC0009,16073,1985,02,13,0.0,,Y
IDCJAC0009,16073,1985,02,14,0.0,,Y
IDCJAC0009,16073,1985,02,15,0.0,,Y
IDCJAC0009,16073,1985,02,16,0.0,,Y
IDCJAC0009,16073,1985,02,17,0.0,,Y
IDCJAC0009,16073,1985,02,18,0.0,,Y
IDCJAC0009,16073,1985,02,19,0.0,,Y
IDCJAC0009,16073,1985,02,20,0.0,,Y
IDCJAC0009,16073,1985,02,21,0.0,,Y
IDCJAC0009,16073,1985,02,22,0.0,,Y
IDCJAC0009,16073,1985,02,23,0.0,,Y
IDCJAC0009,16073,1985,02,24,0.0,,Y
IDCJAC0009,16073,1985,02,25,0.0,,Y
IDCJAC0009,16073,1985,02,26,0.0,,Y
IDCJAC0009,16073,1985,02,27,0.0,,Y
IDCJAC0009,16073,1985,02,28,0.0,,Y
IDCJAC0009,16073,1985,03,01,0.0,,Y
IDCJAC0009,16073,1985,03,02,0.0,,Y
IDCJAC0009,16073,1985,03,03,0.0,,Y
IDCJAC0009,16073,1985,03,04,0.0,,Y
IDCJAC0009,16073,1985,03,05,0.0,,Y
IDCJAC0009,16073,1985,03,06,0.0,,Y
IDCJAC0009,16073,1985,03,07,0.0,,Y
IDCJAC0009,16073,1985,03,08,0.0,,Y
IDCJAC0009,16073,1985,03,09,0.0,,Y
IDCJAC0009,16073,1985,03,10,0.0,,Y
IDCJAC0009,16073,1985,03,11,0.0,,Y
IDCJAC0009,16073,1985,03,12,0.0,,Y
IDCJAC0009,16073,1985,03,13,0.0,,Y
IDCJAC0009,16073,1985,03,14,0.0,,Y
IDCJAC0009,16073,1985,03,15,9.2,1,Y
IDCJAC0009,16073,1985,03,16,0.0,,Y
IDCJAC0009,16073,1985,03,17,0.0,,Y
IDCJAC0009,16073,1985,03,18,0.0,,Y
IDCJAC0009,16073,1985,03,19,0.0,,Y
IDCJAC0009,16073,1985,03,20,0.0,,Y
IDCJAC0009,16073,1985,03,21,0.0,,Y
IDCJAC0009,16073,1985,03,22,0.0,,Y
IDCJAC0009,16073,1985,03,23,0.0,,Y
IDCJAC0009,16073,1985,03,24,0.0,,Y
IDCJAC0009,16073,1985,03,25,0.0,,Y
IDCJAC0009,16073,1985,03,26,0.0,,Y
IDCJAC0009,16073,1985,03,27,0.0,,Y
IDCJAC0009,16073,1985,03,28,0.0,,Y
IDCJAC0009,16073,1985,03,29,0.0,,Y
IDCJAC0009,16073,1985,03,30,0.0,,Y
IDCJAC0009,16073,1985,03,31,0.0,,Y
IDCJAC0009,16073,1985,04,01,0.0,,Y
IDCJAC0009,16073,1985,04,02,0.0,,Y
IDCJAC0009,16073,1985,04,03,0.0,,Y
IDCJAC0009,16073,1985,04,04,0.0,,Y
IDCJAC0009,16073,1985,04,05,0.0,,Y
IDCJAC0009,16073,1985,04,06,0.0,,Y
IDCJAC0009,16073,1985,04,07,0.0,,Y
IDCJAC0009,16073,1985,04,08,0.0,,Y
IDCJAC0009,16073,1985,04,09,0.0,,Y
IDCJAC0009,16073,1985,04,10,0.0,,Y
IDCJAC0009,16073,1985,04,11,0.0,,Y
IDCJAC0009,16073,1985,04,12,0.0,,Y
IDCJAC0009,16073,1985,04,13,0.0,,Y
IDCJAC0009,16073,1985,04,14,0.0,,Y
IDCJAC0009,16073,1985,04,15,0.0,,Y
IDCJAC0009,16073,1985,04,16,0.0,,Y
IDCJAC0009,16073,1985,04,17,0.0,,Y
IDCJAC0009,16073,1985,04,18,0.0,,Y
IDCJAC0009,16073,1985,04,19,0.0,,Y
IDCJAC0009,16073,1985,04,20,0.0,,Y
IDCJAC0009,16073,1985,04,21,0.0,,Y
IDCJAC0009,16073,1985,04,22,0.0,,Y
IDCJAC0009,16073,1985,04,23,0.0,,Y
IDCJAC0009,16073,1985,04,24,0.0,,Y
IDCJAC0009,16073,1985,04,25,0.0,,Y
IDCJAC0009,16073,1985,04,26,0.0,,Y
IDCJAC0009,16073,1985,04,27,0.0,,Y
IDCJAC0009,16073,1985,04,28,0.0,,Y
IDCJAC0009,16073,1985,04,29,0.0,,Y
IDCJAC0009,16073,1985,04,30,0.0,,Y
IDCJAC0009,16073,1985,05,01,0.0,,Y
IDCJAC0009,16073,1985,05,02,0.0,,Y
IDCJAC0009,16073,1985,05,03,0.0,,Y
IDCJAC0009,16073,1985,05,04,0.0,,Y
IDCJAC0009,16073,1985,05,05,0.0,,Y
IDCJAC0009,16073,1985,05,06,0.0,,Y
IDCJAC0009,16073,1985,05,07,0.0,,Y
IDCJAC0009,16073,1985,05,08,14.2,1,Y
IDCJAC0009,16073,1985,05,09,2.4,1,Y
IDCJAC0009,16073,1985,05,10,0.0,,Y
IDCJAC0009,16073,1985,05,11,0.0,,Y
IDCJAC0009,16073,1985,05,12,0.0,,Y
IDCJAC0009,16073,1985,05,13,0.0,,Y
IDCJAC0009,16073,1985,05,14,0.0,,Y
IDCJAC0009,16073,1985,05,15,0.0,,Y
IDCJAC0009,16073,1985,05,16,0.0,,Y
IDCJAC0009,16073,1985,05,17,0.0,,Y
IDCJAC0009,16073,1985,05,18,0.0,,Y
IDCJAC0009,16073,1985,05,19,0.0,,Y
IDCJAC0009,16073,1985,05,20,0.0,,Y
IDCJAC0009,16073,1985,05,21,0.0,,Y
IDCJAC0009,16073,1985,05,22,0.0,,Y
IDCJAC0009,16073,1985,05,23,0.0,,Y
IDCJAC0009,16073,1985,05,24,0.0,,Y
IDCJAC0009,16073,1985,05,25,0.0,,Y
IDCJAC0009,16073,1985,05,26,0.0,,Y
IDCJAC0009,16073,1985,05,27,0.0,,Y
IDCJAC0009,16073,1985,05,28,0.4,1,Y
IDCJAC0009,16073,1985,05,29,0.0,,Y
IDCJAC0009,16073,1985,05,30,0.0,,Y
IDCJAC0009,16073,1985,05,31,0.0,,Y
IDCJAC0009,16073,1985,06,01,0.0,,Y
IDCJAC0009,16073,1985,06,02,0.0,,Y
IDCJAC0009,16073,1985,06,03,0.0,,Y
IDCJAC0009,16073,1985,06,04,0.0,,Y
IDCJAC0009,16073,1985,06,05,0.0,,Y
IDCJAC0009,16073,1985,06,06,0.0,,Y
IDCJAC0009,16073,1985,06,07,0.0,,Y
IDCJAC0009,16073,1985,06,08,0.0,,Y
IDCJAC0009,16073,1985,06,09,0.0,,Y
IDCJAC0009,16073,1985,06,10,0.0,,Y
IDCJAC0009,16073,1985,06,11,0.0,,Y
IDCJAC0009,16073,1985,06,12,0.0,,Y
IDCJAC0009,16073,1985,06,13,0.0,,Y
IDCJAC0009,16073,1985,06,14,0.0,,Y
IDCJAC0009,16073,1985,06,15,0.0,,Y
IDCJAC0009,16073,1985,06,16,0.0,,Y
IDCJAC0009,16073,1985,06,17,0.0,,Y
IDCJAC0009,16073,1985,06,18,0.0,,Y
IDCJAC0009,16073,1985,06,19,0.0,,Y
IDCJAC0009,16073,1985,06,20,0.0,,Y
IDCJAC0009,16073,1985,06,21,0.0,,Y
IDCJAC0009,16073,1985,06,22,0.0,,Y
IDCJAC0009,16073,1985,06,23,0.0,,Y
IDCJAC0009,16073,1985,06,24,0.0,,Y
IDCJAC0009,16073,1985,06,25,0.0,,Y
IDCJAC0009,16073,1985,06,26,0.0,,Y
IDCJAC0009,16073,1985,06,27,0.0,,Y
IDCJAC0009,16073,1985,06,28,0.0,,Y
IDCJAC0009,16073,1985,06,29,0.0,,Y
IDCJAC0009,16073,1985,06,30,0.0,,Y
IDCJAC0009,16073,1985,07,01,0.0,,Y
IDCJAC0009,16073,1985,07,02,0.0,,Y
IDCJAC0009,16073,1985,07,03,0.0,,Y
IDCJAC0009,16073,1985,07,04,0.0,,Y
IDCJAC0009,16073,1985,07,05,0.0,,Y
IDCJAC0009,16073,1985,07,06,0.0,,Y
IDCJAC0009,16073,1985,07,07,0.0,,Y
IDCJAC0009,16073,1985,07,08,0.0,,Y
IDCJAC0009,16073,1985,07,09,0.0,,Y
IDCJAC0009,16073,1985,07,10,0.0,,Y
IDCJAC0009,16073,1985,07,11,0.0,,Y
IDCJAC0009,16073,1985,07,12,0.0,,Y
IDCJAC0009,16073,1985,07,13,0.0,,Y
IDCJAC0009,16073,1985,07,14,0.0,,Y
IDCJAC0009,16073,1985,07,15,0.0,,Y
IDCJAC0009,16073,1985,07,16,0.0,,Y
IDCJAC0009,16073,1985,07,17,0.0,,Y
IDCJAC0009,16073,1985,07,18,0.0,,Y
IDCJAC0009,16073,1985,07,19,0.0,,Y
IDCJAC0009,16073,1985,07,20,0.0,,Y
IDCJAC0009,16073,1985,07,21,0.0,,Y
IDCJAC0009,16073,1985,07,22,0.0,,Y
IDCJAC0009,16073,1985,07,23,0.0,,Y
IDCJAC0009,16073,1985,07,24,0.0,,Y
IDCJAC0009,16073,1985,07,25,0.0,,Y
IDCJAC0009,16073,1985,07,26,0.0,,Y
IDCJAC0009,16073,1985,07,27,0.0,,Y
IDCJAC0009,16073,1985,07,28,0.0,,Y
IDCJAC0009,16073,1985,07,29,0.0,,Y
IDCJAC0009,16073,1985,07,30,0.0,,Y
IDCJAC0009,16073,1985,07,31,0.0,,Y
IDCJAC0009,16073,1985,08,01,0.0,,Y
IDCJAC0009,16073,1985,08,02,0.0,,Y
IDCJAC0009,16073,1985,08,03,0.0,,Y
IDCJAC0009,16073,1985,08,04,0.0,,Y
IDCJAC0009,16073,1985,08,05,0.0,,Y
IDCJAC0009,16073,1985,08,06,0.0,,Y
IDCJAC0009,16073,1985,08,07,0.0,,Y
IDCJAC0009,16073,1985,08,08,0.0,,Y
IDCJAC0009,16073,1985,08,09,0.0,,Y
IDCJAC0009,16073,1985,08,10,0.0,,Y
IDCJAC0009,16073,1985,08,11,0.0,,Y
IDCJAC0009,16073,1985,08,12,0.0,,Y
IDCJAC0009,16073,1985,08,13,0.0,,Y
IDCJAC0009,16073,1985,08,14,0.0,,Y
IDCJAC0009,16073,1985,08,15,0.0,,Y
IDCJAC0009,16073,1985,08,16,0.0,,Y
IDCJAC0009,16073,1985,08,17,0.0,,Y
IDCJAC0009,16073,1985,08,18,0.0,,Y
IDCJAC0009,16073,1985,08,19,0.0,,Y
IDCJAC0009,16073,1985,08,20,0.7,1,Y
IDCJAC0009,16073,1985,08,21,0.0,,Y
IDCJAC0009,16073,1985,08,22,0.0,,Y
IDCJAC0009,16073,1985,08,23,0.0,,Y
IDCJAC0009,16073,1985,08,24,0.0,,Y
IDCJAC0009,16073,1985,08,25,0.0,,Y
IDCJAC0009,16073,1985,08,26,0.0,,Y
IDCJAC0009,16073,1985,08,27,0.0,,Y
IDCJAC0009,16073,1985,08,28,1.6,1,Y
IDCJAC0009,16073,1985,08,29,0.0,,Y
IDCJAC0009,16073,1985,08,30,0.0,,Y
IDCJAC0009,16073,1985,08,31,0.0,,Y
IDCJAC0009,16073,1985,09,01,0.0,,Y
IDCJAC0009,16073,1985,09,02,0.0,,Y
IDCJAC0009,16073,1985,09,03,0.0,,Y
IDCJAC0009,16073,1985,09,04,0.0,,Y
IDCJAC0009,16073,1985,09,05,0.0,,Y
IDCJAC0009,16073,1985,09,06,0.0,,Y
IDCJAC0009,16073,1985,09,07,0.0,,Y
IDCJAC0009,16073,1985,09,08,0.0,,Y
IDCJAC0009,16073,1985,09,09,0.0,,Y
IDCJAC0009,16073,1985,09,10,0.0,,Y
IDCJAC0009,16073,1985,09,11,0.0,,Y
IDCJAC0009,16073,1985,09,12,0.0,,Y
IDCJAC0009,16073,1985,09,13,0.0,,Y
IDCJAC0009,16073,1985,09,14,0.0,,Y
IDCJAC0009,16073,1985,09,15,0.0,,Y
IDCJAC0009,16073,1985,09,16,0.0,,Y
IDCJAC0009,16073,1985,09,17,0.0,,Y
IDCJAC0009,16073,1985,09,18,0.0,,Y
IDCJAC0009,16073,1985,09,19,0.0,,Y
IDCJAC0009,16073,1985,09,20,0.0,,Y
IDCJAC0009,16073,1985,09,21,0.0,,Y
IDCJAC0009,16073,1985,09,22,0.0,,Y
IDCJAC0009,16073,1985,09,23,0.0,,Y
IDCJAC0009,16073,1985,09,24,0.0,,Y
IDCJAC0009,16073,1985,09,25,0.0,,Y
IDCJAC0009,16073,1985,09,26,0.0,,Y
IDCJAC0009,16073,1985,09,27,0.0,,Y
IDCJAC0009,16073,1985,09,28,0.0,,Y
IDCJAC0009,16073,1985,09,29,0.0,,Y
IDCJAC0009,16073,1985,09,30,0.0,,Y
IDCJAC0009,16073,1985,10,01,0.0,,Y
IDCJAC0009,16073,1985,10,02,0.0,,Y
IDCJAC0009,16073,1985,10,03,0.0,,Y
IDCJAC0009,16073,1985,10,04,0.0,,Y
IDCJAC0009,16073,1985,10,05,0.0,,Y
IDCJAC0009,16073,1985,10,06,0.0,,Y
IDCJAC0009,16073,1985,10,07,0.0,,Y
IDCJAC0009,16073,1985,10,08,0.0,,Y
IDCJAC0009,16073,1985,10,09,0.0,,Y
IDCJAC0009,16073,1985,10,10,0.0,,Y
IDCJAC0009,16073,1985,10,11,0.6,1,Y
IDCJAC0009,16073,1985,10,12,0.0,,Y
IDCJAC0009,16073,1985,10,13,0.1,1,Y
IDCJAC0009,16073,1985,10,14,5.0,1,Y
IDCJAC0009,16073,1985,10,15,0.1,1,Y
IDCJAC0009,16073,1985,10,16,0.0,,Y
IDCJAC0009,16073,1985,10,17,0.0,,Y
IDCJAC0009,16073,1985,10,18,2.1,1,Y
IDCJAC0009,16073,1985,10,19,7.6,1,Y
IDCJAC0009,16073,1985,10,20,0.2,1,Y
IDCJAC0009,16073,1985,10,21,5.2,1,Y
IDCJAC0009,16073,1985,10,22,5.4,1,Y
IDCJAC0009,16073,1985,10,23,0.1,1,Y
IDCJAC0009,16073,1985,10,24,0.0,,Y
IDCJAC0009,16073,1985,10,25,0.0,,Y
IDCJAC0009,16073,1985,10,26,0.0,,Y
IDCJAC0009,16073,1985,10,27,0.0,,Y
IDCJAC0009,16073,1985,10,28,0.0,,Y
IDCJAC0009,16073,1985,10,29,0.0,,Y
IDCJAC0009,16073,1985,10,30,0.0,,Y
IDCJAC0009,16073,1985,10,31,0.0,,Y
IDCJAC0009,16073,1985,11,01,0.0,,Y
IDCJAC0009,16073,1985,11,02,2.0,1,Y
IDCJAC0009,16073,1985,11,03,0.6,1,Y
IDCJAC0009,16073,1985,11,04,0.0,,Y
IDCJAC0009,16073,1985,11,05,0.0,,Y
IDCJAC0009,16073,1985,11,06,0.0,,Y
IDCJAC0009,16073,1985,11,07,0.0,,Y
IDCJAC0009,16073,1985,11,08,0.0,,Y
IDCJAC0009,16073,1985,11,09,0.0,,Y
IDCJAC0009,16073,1985,11,10,2.2,1,Y
IDCJAC0009,16073,1985,11,11,0.0,,Y
IDCJAC0009,16073,1985,11,12,0.0,,Y
IDCJAC0009,16073,1985,11,13,0.0,,Y
IDCJAC0009,16073,1985,11,14,0.0,,Y
IDCJAC0009,16073,1985,11,15,0.0,,Y
IDCJAC0009,16073,1985,11,16,0.0,,Y
IDCJAC0009,16073,1985,11,17,0.0,,Y
IDCJAC0009,16073,1985,11,18,0.0,,Y
IDCJAC0009,16073,1985,11,19,0.0,,Y
IDCJAC0009,16073,1985,11,20,0.0,,Y
IDCJAC0009,16073,1985,11,21,0.0,,Y
IDCJAC0009,16073,1985,11,22,6.1,1,Y
IDCJAC0009,16073,1985,11,23,0.0,,Y
IDCJAC0009,16073,1985,11,24,0.0,,Y
IDCJAC0009,16073,1985,11,25,0.0,,Y
IDCJAC0009,16073,1985,11,26,0.0,,Y
IDCJAC0009,16073,1985,11,27,0.0,,Y
IDCJAC0009,16073,1985,11,28,0.0,,Y
IDCJAC0009,16073,1985,11,29,0.0,,Y
IDCJAC0009,16073,1985,11,30,0.0,,Y
IDCJAC0009,16073,1985,12,01,0.0,,Y
IDCJAC0009,16073,1985,12,02,0.0,,Y
IDCJAC0009,16073,1985,12,03,0.0,,Y
IDCJAC0009,16073,1985,12,04,0.0,,Y
IDCJAC0009,16073,1985,12,05,0.0,,Y
IDCJAC0009,16073,1985,12,06,0.0,,Y
IDCJAC0009,16073,1985,12,07,0.0,,Y
IDCJAC0009,16073,1985,12,08,0.0,,Y
IDCJAC0009,16073,1985,12,09,0.0,,Y
IDCJAC0009,16073,1985,12,10,0.0,,Y
IDCJAC0009,16073,1985,12,11,0.0,,Y
IDCJAC0009,16073,1985,12,12,0.0,,Y
IDCJAC0009,16073,1985,12,13,0.0,,Y
IDCJAC0009,16073,1985,12,14,0.0,,Y
IDCJAC0009,16073,1985,12,15,0.0,,Y
IDCJAC0009,16073,1985,12,16,0.0,,Y
IDCJAC0009,16073,1985,12,17,0.0,,Y
IDCJAC0009,16073,1985,12,18,0.0,,Y
IDCJAC0009,16073,1985,12,19,0.0,,Y
IDCJAC0009,16073,1985,12,20,0.0,,Y
IDCJAC0009,16073,1985,12,21,0.0,,Y
IDCJAC0009,16073,1985,12,22,0.0,,Y
IDCJAC0009,16073,1985,12,23,0.0,,Y
IDCJAC0009,16073,1985,12,24,0.0,,Y
IDCJAC0009,16073,1985,12,25,0.0,,Y
IDCJAC0009,16073,1985,12,26,0.0,,Y
IDCJAC0009,16073,1985,12,27,0.0,,Y
IDCJAC0009,16073,1985,12,28,0.0,,Y
IDCJAC0009,16073,1985,12,29,0.0,,Y
IDCJAC0009,16073,1985,12,30,0.0,,Y
IDCJAC0009,16073,1985,12,31,0.0,,Y
IDCJAC0009,16073,1986,01,01,0.0,,Y
IDCJAC0009,16073,1986,01,02,0.0,,Y
IDCJAC0009,16073,1986,01,03,0.0,,Y
IDCJAC0009,16073,1986,01,04,0.0,,Y
IDCJAC0009,16073,1986,01,05,0.0,,Y
IDCJAC0009,16073,1986,01,06,0.0,,Y
IDCJAC0009,16073,1986,01,07,0.0,,Y
IDCJAC0009,16073,1986,01,08,0.0,,Y
IDCJAC0009,16073,1986,01,09,0.0,,Y
IDCJAC0009,16073,1986,01,10,0.0,,Y
IDCJAC0009,16073,1986,01,11,0.0,,Y
IDCJAC0009,16073,1986,01,12,0.0,,Y
IDCJAC0009,16073,1986,01,13,0.0,,Y
IDCJAC0009,16073,1986,01,14,0.0,,Y
IDCJAC0009,16073,1986,01,15,0.0,,Y
IDCJAC0009,16073,1986,01,16,0.0,,Y
IDCJAC0009,16073,1986,01,17,0.0,,Y
IDCJAC0009,16073,1986,01,18,0.0,,Y
IDCJAC0009,16073,1986,01,19,0.0,,Y
IDCJAC0009,16073,1986,01,20,0.0,,Y
IDCJAC0009,16073,1986,01,21,0.0,,Y
IDCJAC0009,16073,1986,01,22,0.0,,Y
IDCJAC0009,16073,1986,01,23,0.0,,Y
IDCJAC0009,16073,1986,01,24,0.0,,Y
IDCJAC0009,16073,1986,01,25,0.0,,Y
IDCJAC0009,16073,1986,01,26,0.0,,Y
IDCJAC0009,16073,1986,01,27,0.0,,Y
IDCJAC0009,16073,1986,01,28,0.0,,Y
IDCJAC0009,16073,1986,01,29,0.0,,Y
IDCJAC0009,16073,1986,01,30,0.0,,Y
IDCJAC0009,16073,1986,01,31,0.0,,Y
IDCJAC0009,16073,1986,02,01,0.0,,Y
IDCJAC0009,16073,1986,02,02,0.0,,Y
IDCJAC0009,16073,1986,02,03,0.0,,Y
IDCJAC0009,16073,1986,02,04,3.4,1,Y
IDCJAC0009,16073,1986,02,05,0.0,,Y
IDCJAC0009,16073,1986,02,06,0.0,,Y
IDCJAC0009,16073,1986,02,07,0.0,,Y
IDCJAC0009,16073,1986,02,08,0.0,,Y
IDCJAC0009,16073,1986,02,09,0.0,,Y
IDCJAC0009,16073,1986,02,10,0.0,,Y
IDCJAC0009,16073,1986,02,11,0.0,,Y
IDCJAC0009,16073,1986,02,12,6.2,1,Y
IDCJAC0009,16073,1986,02,13,0.0,,Y
IDCJAC0009,16073,1986,02,14,0.0,,Y
IDCJAC0009,16073,1986,02,15,0.0,,Y
IDCJAC0009,16073,1986,02,16,0.0,,Y
IDCJAC0009,16073,1986,02,17,0.0,,Y
IDCJAC0009,16073,1986,02,18,0.0,,Y
IDCJAC0009,16073,1986,02,19,0.0,,Y
IDCJAC0009,16073,1986,02,20,0.0,,Y
IDCJAC0009,16073,1986,02,21,0.0,,Y
IDCJAC0009,16073,1986,02,22,0.0,,Y
IDCJAC0009,16073,1986,02,23,0.0,,Y
IDCJAC0009,16073,1986,02,24,0.0,,Y
IDCJAC0009,16073,1986,02,25,0.0,,Y
IDCJAC0009,16073,1986,02,26,0.0,,Y
IDCJAC0009,16073,1986,02,27,0.0,,Y
IDCJAC0009,16073,1986,02,28,0.0,,Y
IDCJAC0009,16073,1986,03,01,0.0,,Y
IDCJAC0009,16073,1986,03,02,0.0,,Y
IDCJAC0009,16073,1986,03,03,0.0,,Y
IDCJAC0009,16073,1986,03,04,0.0,,Y
IDCJAC0009,16073,1986,03,05,0.0,,Y
IDCJAC0009,16073,1986,03,06,0.0,,Y
IDCJAC0009,16073,1986,03,07,0.0,,Y
IDCJAC0009,16073,1986,03,08,0.0,,Y
IDCJAC0009,16073,1986,03,09,0.0,,Y
IDCJAC0009,16073,1986,03,10,0.0,,Y
IDCJAC0009,16073,1986,03,11,0.0,,Y
IDCJAC0009,16073,1986,03,12,0.0,,Y
IDCJAC0009,16073,1986,03,13,0.0,,Y
IDCJAC0009,16073,1986,03,14,0.0,,Y
IDCJAC0009,16073,1986,03,15,0.0,,Y
IDCJAC0009,16073,1986,03,16,0.0,,Y
IDCJAC0009,16073,1986,03,17,0.0,,Y
IDCJAC0009,16073,1986,03,18,0.0,,Y
IDCJAC0009,16073,1986,03,19,0.0,,Y
IDCJAC0009,16073,1986,03,20,0.0,,Y
IDCJAC0009,16073,1986,03,21,0.0,,Y
IDCJAC0009,16073,1986,03,22,0.0,,Y
IDCJAC0009,16073,1986,03,23,0.0,,Y
IDCJAC0009,16073,1986,03,24,0.0,,Y
IDCJAC0009,16073,1986,03,25,0.0,,Y
IDCJAC0009,16073,1986,03,26,0.0,,Y
IDCJAC0009,16073,1986,03,27,0.0,,Y
IDCJAC0009,16073,1986,03,28,0.0,,Y
IDCJAC0009,16073,1986,03,29,0.0,,Y
IDCJAC0009,16073,1986,03,30,0.0,,Y
IDCJAC0009,16073,1986,03,31,0.0,,Y
IDCJAC0009,16073,1986,04,01,0.0,,Y
IDCJAC0009,16073,1986,04,02,0.0,,Y
IDCJAC0009,16073,1986,04,03,0.0,,Y
IDCJAC0009,16073,1986,04,04,0.0,,Y
IDCJAC0009,16073,1986,04,05,0.0,,Y
IDCJAC0009,16073,1986,04,06,0.0,,Y
IDCJAC0009,16073,1986,04,07,0.0,,Y
IDCJAC0009,16073,1986,04,08,0.0,,Y
IDCJAC0009,16073,1986,04,09,0.0,,Y
IDCJAC0009,16073,1986,04,10,0.0,,Y
IDCJAC0009,16073,1986,04,11,0.0,,Y
IDCJAC0009,16073,1986,04,12,0.0,,Y
IDCJAC0009,16073,1986,04,13,0.0,,Y
IDCJAC0009,16073,1986,04,14,0.0,,Y
IDCJAC0009,16073,1986,04,15,0.0,,Y
IDCJAC0009,16073,1986,04,16,0.0,,Y
IDCJAC0009,16073,1986,04,17,0.0,,Y
IDCJAC0009,16073,1986,04,18,0.0,,Y
IDCJAC0009,16073,1986,04,19,0.0,,Y
IDCJAC0009,16073,1986,04,20,0.0,,Y
IDCJAC0009,16073,1986,04,21,0.0,,Y
IDCJAC0009,16073,1986,04,22,0.0,,Y
IDCJAC0009,16073,1986,04,23,0.0,,Y
IDCJAC0009,16073,1986,04,24,0.0,,Y
IDCJAC0009,16073,1986,04,25,0.0,,Y
IDCJAC0009,16073,1986,04,26,0.0,,Y
IDCJAC0009,16073,1986,04,27,0.0,,Y
IDCJAC0009,16073,1986,04,28,0.0,,Y
IDCJAC0009,16073,1986,04,29,0.3,1,Y
IDCJAC0009,16073,1986,04,30,0.0,,Y
IDCJAC0009,16073,1986,05,01,0.0,,Y
IDCJAC0009,16073,1986,05,02,0.0,,Y
IDCJAC0009,16073,1986,05,03,0.0,,Y
IDCJAC0009,16073,1986,05,04,0.0,,Y
IDCJAC0009,16073,1986,05,05,0.0,,Y
IDCJAC0009,16073,1986,05,06,0.0,,Y
IDCJAC0009,16073,1986,05,07,0.0,,Y
IDCJAC0009,16073,1986,05,08,0.0,,Y
IDCJAC0009,16073,1986,05,09,0.0,,Y
IDCJAC0009,16073,1986,05,10,0.0,,Y
IDCJAC0009,16073,1986,05,11,0.0,,Y
IDCJAC0009,16073,1986,05,12,0.0,,Y
IDCJAC0009,16073,1986,05,13,0.0,,Y
IDCJAC0009,16073,1986,05,14,0.0,,Y
IDCJAC0009,16073,1986,05,15,2.6,1,Y
IDCJAC0009,16073,1986,05,16,2.4,1,Y
IDCJAC0009,16073,1986,05,17,0.0,,Y
IDCJAC0009,16073,1986,05,18,0.0,,Y
IDCJAC0009,16073,1986,05,19,0.0,,Y
IDCJAC0009,16073,1986,05,20,0.0,,Y
IDCJAC0009,16073,1986,05,21,0.0,,Y
IDCJAC0009,16073,1986,05,22,1.2,1,Y
IDCJAC0009,16073,1986,05,23,2.1,1,Y
IDCJAC0009,16073,1986,05,24,0.0,,Y
IDCJAC0009,16073,1986,05,25,0.0,,Y
IDCJAC0009,16073,1986,05,26,0.0,,Y
IDCJAC0009,16073,1986,05,27,0.0,,Y
IDCJAC0009,16073,1986,05,28,0.0,,Y
IDCJAC0009,16073,1986,05,29,0.0,,Y
IDCJAC0009,16073,1986,05,30,0.0,,Y
IDCJAC0009,16073,1986,05,31,0.0,,Y
IDCJAC0009,16073,1986,06,01,0.0,,Y
IDCJAC0009,16073,1986,06,02,0.0,,Y
IDCJAC0009,16073,1986,06,03,0.0,,Y
IDCJAC0009,16073,1986,06,04,0.0,,Y
IDCJAC0009,16073,1986,06,05,0.0,,Y
IDCJAC0009,16073,1986,06,06,0.0,,Y
IDCJAC0009,16073,1986,06,07,0.0,,Y
IDCJAC0009,16073,1986,06,08,0.0,,Y
IDCJAC0009,16073,1986,06,09,0.0,,Y
IDCJAC0009,16073,1986,06,10,0.0,,Y
IDCJAC0009,16073,1986,06,11,1.2,1,Y
IDCJAC0009,16073,1986,06,12,0.0,,Y
IDCJAC0009,16073,1986,06,13,0.0,,Y
IDCJAC0009,16073,1986,06,14,0.0,,Y
IDCJAC0009,16073,1986,06,15,0.0,,Y
IDCJAC0009,16073,1986,06,16,0.0,,Y
IDCJAC0009,16073,1986,06,17,0.0,,Y
IDCJAC0009,16073,1986,06,18,0.0,,Y
IDCJAC0009,16073,1986,06,19,4.2,1,Y
IDCJAC0009,16073,1986,06,20,15.6,1,Y
IDCJAC0009,16073,1986,06,21,0.6,1,Y
IDCJAC0009,16073,1986,06,22,0.0,,Y
IDCJAC0009,16073,1986,06,23,0.0,,Y
IDCJAC0009,16073,1986,06,24,0.0,,Y
IDCJAC0009,16073,1986,06,25,0.0,,Y
IDCJAC0009,16073,1986,06,26,0.0,,Y
IDCJAC0009,16073,1986,06,27,7.2,1,Y
IDCJAC0009,16073,1986,06,28,0.3,1,Y
IDCJAC0009,16073,1986,06,29,0.0,,Y
IDCJAC0009,16073,1986,06,30,0.0,,Y
IDCJAC0009,16073,1986,07,01,7.2,1,Y
IDCJAC0009,16073,1986,07,02,0.1,1,Y
IDCJAC0009,16073,1986,07,03,0.1,1,Y
IDCJAC0009,16073,1986,07,04,0.2,1,Y
IDCJAC0009,16073,1986,07,05,0.0,,Y
IDCJAC0009,16073,1986,07,06,0.0,,Y
IDCJAC0009,16073,1986,07,07,1.2,1,Y
IDCJAC0009,16073,1986,07,08,0.0,,Y
IDCJAC0009,16073,1986,07,09,0.0,,Y
IDCJAC0009,16073,1986,07,10,0.0,,Y
IDCJAC0009,16073,1986,07,11,0.0,,Y
IDCJAC0009,16073,1986,07,12,0.0,,Y
IDCJAC0009,16073,1986,07,13,0.0,,Y
IDCJAC0009,16073,1986,07,14,0.0,,Y
IDCJAC0009,16073,1986,07,15,0.8,1,Y
IDCJAC0009,16073,1986,07,16,0.0,,Y
IDCJAC0009,16073,1986,07,17,0.0,,Y
IDCJAC0009,16073,1986,07,18,0.0,,Y
IDCJAC0009,16073,1986,07,19,0.0,,Y
IDCJAC0009,16073,1986,07,20,0.0,,Y
IDCJAC0009,16073,1986,07,21,4.4,1,Y
IDCJAC0009,16073,1986,07,22,27.0,1,Y
IDCJAC0009,16073,1986,07,23,13.0,1,Y
IDCJAC0009,16073,1986,07,24,0.0,,Y
IDCJAC0009,16073,1986,07,25,0.6,1,Y
IDCJAC0009,16073,1986,07,26,0.1,1,Y
IDCJAC0009,16073,1986,07,27,0.0,,Y
IDCJAC0009,16073,1986,07,28,0.0,,Y
IDCJAC0009,16073,1986,07,29,0.0,,Y
IDCJAC0009,16073,1986,07,30,0.0,,Y
IDCJAC0009,16073,1986,07,31,0.0,,Y
IDCJAC0009,16073,1986,08,01,0.0,,Y
IDCJAC0009,16073,1986,08,02,0.0,,Y
IDCJAC0009,16073,1986,08,03,0.0,,Y
IDCJAC0009,16073,1986,08,04,0.0,,Y
IDCJAC0009,16073,1986,08,05,0.0,,Y
IDCJAC0009,16073,1986,08,06,0.0,,Y
IDCJAC0009,16073,1986,08,07,0.0,,Y
IDCJAC0009,16073,1986,08,08,0.0,,Y
IDCJAC0009,16073,1986,08,09,0.0,,Y
IDCJAC0009,16073,1986,08,10,0.0,,Y
IDCJAC0009,16073,1986,08,11,0.0,,Y
IDCJAC0009,16073,1986,08,12,0.0,,Y
IDCJAC0009,16073,1986,08,13,0.0,,Y
IDCJAC0009,16073,1986,08,14,0.8,1,Y
IDCJAC0009,16073,1986,08,15,0.0,,Y
IDCJAC0009,16073,1986,08,16,0.0,,Y
IDCJAC0009,16073,1986,08,17,0.0,,Y
IDCJAC0009,16073,1986,08,18,0.0,,Y
IDCJAC0009,16073,1986,08,19,0.0,,Y
IDCJAC0009,16073,1986,08,20,0.0,,Y
IDCJAC0009,16073,1986,08,21,0.0,,Y
IDCJAC0009,16073,1986,08,22,1.8,1,Y
IDCJAC0009,16073,1986,08,23,0.0,,Y
IDCJAC0009,16073,1986,08,24,0.0,,Y
IDCJAC0009,16073,1986,08,25,0.0,,Y
IDCJAC0009,16073,1986,08,26,0.0,,Y
IDCJAC0009,16073,1986,08,27,0.0,,Y
IDCJAC0009,16073,1986,08,28,0.0,,Y
IDCJAC0009,16073,1986,08,29,0.0,,Y
IDCJAC0009,16073,1986,08,30,0.0,,Y
IDCJAC0009,16073,1986,08,31,0.0,,Y
IDCJAC0009,16073,1986,09,01,0.0,,Y
IDCJAC0009,16073,1986,09,02,0.0,,Y
IDCJAC0009,16073,1986,09,03,0.0,,Y
IDCJAC0009,16073,1986,09,04,0.0,,Y
IDCJAC0009,16073,1986,09,05,0.0,,Y
IDCJAC0009,16073,1986,09,06,0.6,1,Y
IDCJAC0009,16073,1986,09,07,0.0,,Y
IDCJAC0009,16073,1986,09,08,0.0,,Y
IDCJAC0009,16073,1986,09,09,0.0,,Y
IDCJAC0009,16073,1986,09,10,0.0,,Y
IDCJAC0009,16073,1986,09,11,0.0,,Y
IDCJAC0009,16073,1986,09,12,0.0,,Y
IDCJAC0009,16073,1986,09,13,0.0,,Y
IDCJAC0009,16073,1986,09,14,0.0,,Y
IDCJAC0009,16073,1986,09,15,0.0,,Y
IDCJAC0009,16073,1986,09,16,0.0,,Y
IDCJAC0009,16073,1986,09,17,0.0,,Y
IDCJAC0009,16073,1986,09,18,0.0,,Y
IDCJAC0009,16073,1986,09,19,0.0,,Y
IDCJAC0009,16073,1986,09,20,0.0,,Y
IDCJAC0009,16073,1986,09,21,0.0,,Y
IDCJAC0009,16073,1986,09,22,0.0,,Y
IDCJAC0009,16073,1986,09,23,2.8,1,Y
IDCJAC0009,16073,1986,09,24,0.0,,Y
IDCJAC0009,16073,1986,09,25,0.0,,Y
IDCJAC0009,16073,1986,09,26,0.0,,Y
IDCJAC0009,16073,1986,09,27,0.0,,Y
IDCJAC0009,16073,1986,09,28,0.0,,Y
IDCJAC0009,16073,1986,09,29,0.0,,Y
IDCJAC0009,16073,1986,09,30,0.0,,Y
IDCJAC0009,16073,1986,10,01,0.0,,Y
IDCJAC0009,16073,1986,10,02,0.0,,Y
IDCJAC0009,16073,1986,10,03,8.2,1,Y
IDCJAC0009,16073,1986,10,04,0.0,,Y
IDCJAC0009,16073,1986,10,05,0.0,,Y
IDCJAC0009,16073,1986,10,06,0.0,,Y
IDCJAC0009,16073,1986,10,07,0.0,,Y
IDCJAC0009,16073,1986,10,08,0.6,1,Y
IDCJAC0009,16073,1986,10,09,0.0,,Y
IDCJAC0009,16073,1986,10,10,0.0,,Y
IDCJAC0009,16073,1986,10,11,0.0,,Y
IDCJAC0009,16073,1986,10,12,0.0,,Y
IDCJAC0009,16073,1986,10,13,0.0,,Y
IDCJAC0009,16073,1986,10,14,0.0,,Y
IDCJAC0009,16073,1986,10,15,0.0,,Y
IDCJAC0009,16073,1986,10,16,0.0,,Y
IDCJAC0009,16073,1986,10,17,0.0,,Y
IDCJAC0009,16073,1986,10,18,0.0,,Y
IDCJAC0009,16073,1986,10,19,0.0,,Y
IDCJAC0009,16073,1986,10,20,0.0,,Y
IDCJAC0009,16073,1986,10,21,0.0,,Y
IDCJAC0009,16073,1986,10,22,2.6,1,Y
IDCJAC0009,16073,1986,10,23,0.0,,Y
IDCJAC0009,16073,1986,10,24,0.0,,Y
IDCJAC0009,16073,1986,10,25,0.0,,Y
IDCJAC0009,16073,1986,10,26,0.0,,Y
IDCJAC0009,16073,1986,10,27,0.0,,Y
IDCJAC0009,16073,1986,10,28,0.2,1,Y
IDCJAC0009,16073,1986,10,29,0.0,,Y
IDCJAC0009,16073,1986,10,30,0.0,,Y
IDCJAC0009,16073,1986,10,31,0.0,,Y
IDCJAC0009,16073,1986,11,01,0.0,,Y
IDCJAC0009,16073,1986,11,02,0.0,,Y
IDCJAC0009,16073,1986,11,03,0.0,,Y
IDCJAC0009,16073,1986,11,04,0.0,,Y
IDCJAC0009,16073,1986,11,05,0.0,,Y
IDCJAC0009,16073,1986,11,06,4.2,1,Y
IDCJAC0009,16073,1986,11,07,2.2,1,Y
IDCJAC0009,16073,1986,11,08,0.0,,Y
IDCJAC0009,16073,1986,11,09,0.0,,Y
IDCJAC0009,16073,1986,11,10,0.0,,Y
IDCJAC0009,16073,1986,11,11,0.0,,Y
IDCJAC0009,16073,1986,11,12,0.0,,Y
IDCJAC0009,16073,1986,11,13,0.0,,Y
IDCJAC0009,16073,1986,11,14,0.0,,Y
IDCJAC0009,16073,1986,11,15,0.0,,Y
IDCJAC0009,16073,1986,11,16,0.0,,Y
IDCJAC0009,16073,1986,11,17,0.0,,Y
IDCJAC0009,16073,1986,11,18,0.0,,Y
IDCJAC0009,16073,1986,11,19,0.0,,Y
IDCJAC0009,16073,1986,11,20,0.0,,Y
IDCJAC0009,16073,1986,11,21,0.0,,Y
IDCJAC0009,16073,1986,11,22,0.0,,Y
IDCJAC0009,16073,1986,11,23,0.0,,Y
IDCJAC0009,16073,1986,11,24,0.0,,Y
IDCJAC0009,16073,1986,11,25,0.0,,Y
IDCJAC0009,16073,1986,11,26,0.0,,Y
IDCJAC0009,16073,1986,11,27,0.0,,Y
IDCJAC0009,16073,1986,11,28,0.0,,Y
IDCJAC0009,16073,1986,11,29,0.0,,Y
IDCJAC0009,16073,1986,11,30,1.2,1,Y
IDCJAC0009,16073,1986,12,01,0.0,,Y
IDCJAC0009,16073,1986,12,02,0.2,1,Y
IDCJAC0009,16073,1986,12,03,4.4,1,Y
IDCJAC0009,16073,1986,12,04,0.1,1,Y
IDCJAC0009,16073,1986,12,05,27.3,1,Y
IDCJAC0009,16073,1986,12,06,0.8,1,Y
IDCJAC0009,16073,1986,12,07,0.0,,Y
IDCJAC0009,16073,1986,12,08,0.0,,Y
IDCJAC0009,16073,1986,12,09,0.0,,Y
IDCJAC0009,16073,1986,12,10,0.0,,Y
IDCJAC0009,16073,1986,12,11,0.0,,Y
IDCJAC0009,16073,1986,12,12,0.0,,Y
IDCJAC0009,16073,1986,12,13,0.0,,Y
IDCJAC0009,16073,1986,12,14,0.0,,Y
IDCJAC0009,16073,1986,12,15,0.0,,Y
IDCJAC0009,16073,1986,12,16,0.0,,Y
IDCJAC0009,16073,1986,12,17,0.0,,Y
IDCJAC0009,16073,1986,12,18,0.0,,Y
IDCJAC0009,16073,1986,12,19,0.0,,Y
IDCJAC0009,16073,1986,12,20,0.0,,Y
IDCJAC0009,16073,1986,12,21,0.0,,Y
IDCJAC0009,16073,1986,12,22,0.0,,Y
IDCJAC0009,16073,1986,12,23,0.0,,Y
IDCJAC0009,16073,1986,12,24,0.0,,Y
IDCJAC0009,16073,1986,12,25,0.0,,Y
IDCJAC0009,16073,1986,12,26,0.0,,Y
IDCJAC0009,16073,1986,12,27,0.0,,Y
IDCJAC0009,16073,1986,12,28,0.0,,Y
IDCJAC0009,16073,1986,12,29,0.0,,Y
IDCJAC0009,16073,1986,12,30,0.0,,Y
IDCJAC0009,16073,1986,12,31,0.0,,Y
IDCJAC0009,16073,1987,01,01,0.0,,Y
IDCJAC0009,16073,1987,01,02,0.0,,Y
IDCJAC0009,16073,1987,01,03,0.0,,Y
IDCJAC0009,16073,1987,01,04,0.0,,Y
IDCJAC0009,16073,1987,01,05,0.0,,Y
IDCJAC0009,16073,1987,01,06,0.0,,Y
IDCJAC0009,16073,1987,01,07,0.0,,Y
IDCJAC0009,16073,1987,01,08,0.0,,Y
IDCJAC0009,16073,1987,01,09,0.0,,Y
IDCJAC0009,16073,1987,01,10,0.0,,Y
IDCJAC0009,16073,1987,01,11,0.6,1,Y
IDCJAC0009,16073,1987,01,12,1.5,1,Y
IDCJAC0009,16073,1987,01,13,20.0,1,Y
IDCJAC0009,16073,1987,01,14,0.0,,Y
IDCJAC0009,16073,1987,01,15,0.0,,Y
IDCJAC0009,16073,1987,01,16,0.0,,Y
IDCJAC0009,16073,1987,01,17,0.0,,Y
IDCJAC0009,16073,1987,01,18,0.0,,Y
IDCJAC0009,16073,1987,01,19,0.0,,Y
IDCJAC0009,16073,1987,01,20,0.0,,Y
IDCJAC0009,16073,1987,01,21,1.8,1,Y
IDCJAC0009,16073,1987,01,22,14.0,1,Y
IDCJAC0009,16073,1987,01,23,1.8,1,Y
IDCJAC0009,16073,1987,01,24,0.5,1,Y
IDCJAC0009,16073,1987,01,25,11.2,1,Y
IDCJAC0009,16073,1987,01,26,14.2,1,Y
IDCJAC0009,16073,1987,01,27,0.0,,Y
IDCJAC0009,16073,1987,01,28,0.0,,Y
IDCJAC0009,16073,1987,01,29,0.0,,Y
IDCJAC0009,16073,1987,01,30,0.0,,Y
IDCJAC0009,16073,1987,01,31,0.0,,Y
IDCJAC0009,16073,1987,02,01,0.0,,Y
IDCJAC0009,16073,1987,02,02,0.0,,Y
IDCJAC0009,16073,1987,02,03,0.5,1,Y
IDCJAC0009,16073,1987,02,04,0.0,,Y
IDCJAC0009,16073,1987,02,05,0.0,,Y
IDCJAC0009,16073,1987,02,06,0.0,,Y
IDCJAC0009,16073,1987,02,07,0.0,,Y
IDCJAC0009,16073,1987,02,08,0.0,,Y
IDCJAC0009,16073,1987,02,09,0.0,,Y
IDCJAC0009,16073,1987,02,10,4.2,1,Y
IDCJAC0009,16073,1987,02,11,19.4,1,Y
IDCJAC0009,16073,1987,02,12,0.5,1,Y
IDCJAC0009,16073,1987,02,13,0.0,,Y
IDCJAC0009,16073,1987,02,14,0.0,,Y
IDCJAC0009,16073,1987,02,15,0.0,,Y
IDCJAC0009,16073,1987,02,16,0.0,,Y
IDCJAC0009,16073,1987,02,17,0.0,,Y
IDCJAC0009,16073,1987,02,18,0.0,,Y
IDCJAC0009,16073,1987,02,19,0.0,,Y
IDCJAC0009,16073,1987,02,20,0.0,,Y
IDCJAC0009,16073,1987,02,21,0.0,,Y
IDCJAC0009,16073,1987,02,22,0.0,,Y
IDCJAC0009,16073,1987,02,23,0.0,,Y
IDCJAC0009,16073,1987,02,24,0.0,,Y
IDCJAC0009,16073,1987,02,25,0.0,,Y
IDCJAC0009,16073,1987,02,26,0.0,,Y
IDCJAC0009,16073,1987,02,27,0.0,,Y
IDCJAC0009,16073,1987,02,28,7.6,1,Y
IDCJAC0009,16073,1987,03,01,2.0,1,Y
IDCJAC0009,16073,1987,03,02,0.0,,Y
IDCJAC0009,16073,1987,03,03,0.0,,Y
IDCJAC0009,16073,1987,03,04,0.0,,Y
IDCJAC0009,16073,1987,03,05,0.0,,Y
IDCJAC0009,16073,1987,03,06,0.0,,Y
IDCJAC0009,16073,1987,03,07,0.0,,Y
IDCJAC0009,16073,1987,03,08,0.0,,Y
IDCJAC0009,16073,1987,03,09,0.0,,Y
IDCJAC0009,16073,1987,03,10,0.0,,Y
IDCJAC0009,16073,1987,03,11,0.0,,Y
IDCJAC0009,16073,1987,03,12,0.0,,Y
IDCJAC0009,16073,1987,03,13,0.0,,Y
IDCJAC0009,16073,1987,03,14,0.0,,Y
IDCJAC0009,16073,1987,03,15,0.0,,Y
IDCJAC0009,16073,1987,03,16,0.0,,Y
IDCJAC0009,16073,1987,03,17,0.0,,Y
IDCJAC0009,16073,1987,03,18,0.0,,Y
IDCJAC0009,16073,1987,03,19,0.0,,Y
IDCJAC0009,16073,1987,03,20,0.0,,Y
IDCJAC0009,16073,1987,03,21,0.0,,Y
IDCJAC0009,16073,1987,03,22,0.0,,Y
IDCJAC0009,16073,1987,03,23,0.0,,Y
IDCJAC0009,16073,1987,03,24,0.0,,Y
IDCJAC0009,16073,1987,03,25,0.0,,Y
IDCJAC0009,16073,1987,03,26,0.0,,Y
IDCJAC0009,16073,1987,03,27,0.0,,Y
IDCJAC0009,16073,1987,03,28,0.0,,Y
IDCJAC0009,16073,1987,03,29,0.0,,Y
IDCJAC0009,16073,1987,03,30,0.0,,Y
IDCJAC0009,16073,1987,03,31,0.0,,Y
IDCJAC0009,16073,1987,04,01,0.0,,Y
IDCJAC0009,16073,1987,04,02,0.0,,Y
IDCJAC0009,16073,1987,04,03,0.0,,Y
IDCJAC0009,16073,1987,04,04,0.0,,Y
IDCJAC0009,16073,1987,04,05,0.0,,Y
IDCJAC0009,16073,1987,04,06,0.0,,Y
IDCJAC0009,16073,1987,04,07,0.0,,Y
IDCJAC0009,16073,1987,04,08,0.0,,Y
IDCJAC0009,16073,1987,04,09,0.0,,Y
IDCJAC0009,16073,1987,04,10,0.0,,Y
IDCJAC0009,16073,1987,04,11,0.0,,Y
IDCJAC0009,16073,1987,04,12,0.0,,Y
IDCJAC0009,16073,1987,04,13,0.0,,Y
IDCJAC0009,16073,1987,04,14,0.0,,Y
IDCJAC0009,16073,1987,04,15,0.0,,Y
IDCJAC0009,16073,1987,04,16,0.0,,Y
IDCJAC0009,16073,1987,04,17,0.0,,Y
IDCJAC0009,16073,1987,04,18,0.0,,Y
IDCJAC0009,16073,1987,04,19,0.0,,Y
IDCJAC0009,16073,1987,04,20,0.0,,Y
IDCJAC0009,16073,1987,04,21,0.0,,Y
IDCJAC0009,16073,1987,04,22,0.0,,Y
IDCJAC0009,16073,1987,04,23,0.0,,Y
IDCJAC0009,16073,1987,04,24,0.0,,Y
IDCJAC0009,16073,1987,04,25,0.0,,Y
IDCJAC0009,16073,1987,04,26,0.0,,Y
IDCJAC0009,16073,1987,04,27,0.0,,Y
IDCJAC0009,16073,1987,04,28,0.0,,Y
IDCJAC0009,16073,1987,04,29,0.0,,Y
IDCJAC0009,16073,1987,04,30,0.0,,Y
IDCJAC0009,16073,1987,05,01,0.0,,Y
IDCJAC0009,16073,1987,05,02,0.0,,Y
IDCJAC0009,16073,1987,05,03,0.0,,Y
IDCJAC0009,16073,1987,05,04,0.0,,Y
IDCJAC0009,16073,1987,05,05,0.0,,Y
IDCJAC0009,16073,1987,05,06,0.0,,Y
IDCJAC0009,16073,1987,05,07,1.0,1,Y
IDCJAC0009,16073,1987,05,08,0.0,,Y
IDCJAC0009,16073,1987,05,09,0.0,,Y
IDCJAC0009,16073,1987,05,10,0.0,,Y
IDCJAC0009,16073,1987,05,11,0.0,,Y
IDCJAC0009,16073,1987,05,12,0.0,,Y
IDCJAC0009,16073,1987,05,13,0.0,,Y
IDCJAC0009,16073,1987,05,14,0.0,,Y
IDCJAC0009,16073,1987,05,15,0.0,,Y
IDCJAC0009,16073,1987,05,16,0.0,,Y
IDCJAC0009,16073,1987,05,17,0.0,,Y
IDCJAC0009,16073,1987,05,18,0.0,,Y
IDCJAC0009,16073,1987,05,19,0.0,,Y
IDCJAC0009,16073,1987,05,20,0.0,,Y
IDCJAC0009,16073,1987,05,21,0.0,,Y
IDCJAC0009,16073,1987,05,22,0.0,,Y
IDCJAC0009,16073,1987,05,23,0.0,,Y
IDCJAC0009,16073,1987,05,24,0.0,,Y
IDCJAC0009,16073,1987,05,25,0.0,,Y
IDCJAC0009,16073,1987,05,26,0.0,,Y
IDCJAC0009,16073,1987,05,27,0.0,,Y
IDCJAC0009,16073,1987,05,28,0.0,,Y
IDCJAC0009,16073,1987,05,29,0.0,,Y
IDCJAC0009,16073,1987,05,30,0.0,,Y
IDCJAC0009,16073,1987,05,31,0.0,,Y
IDCJAC0009,16073,1987,06,01,0.0,,Y
IDCJAC0009,16073,1987,06,02,0.0,,Y
IDCJAC0009,16073,1987,06,03,0.0,,Y
IDCJAC0009,16073,1987,06,04,0.0,,Y
IDCJAC0009,16073,1987,06,05,0.0,,Y
IDCJAC0009,16073,1987,06,06,1.0,1,Y
IDCJAC0009,16073,1987,06,07,0.0,,Y
IDCJAC0009,16073,1987,06,08,0.0,,Y
IDCJAC0009,16073,1987,06,09,0.0,,Y
IDCJAC0009,16073,1987,06,10,0.0,,Y
IDCJAC0009,16073,1987,06,11,3.5,1,Y
IDCJAC0009,16073,1987,06,12,0.0,,Y
IDCJAC0009,16073,1987,06,13,0.0,,Y
IDCJAC0009,16073,1987,06,14,0.0,,Y
IDCJAC0009,16073,1987,06,15,0.0,,Y
IDCJAC0009,16073,1987,06,16,0.0,,Y
IDCJAC0009,16073,1987,06,17,0.0,,Y
IDCJAC0009,16073,1987,06,18,0.0,,Y
IDCJAC0009,16073,1987,06,19,0.0,,Y
IDCJAC0009,16073,1987,06,20,2.5,1,Y
IDCJAC0009,16073,1987,06,21,0.0,,Y
IDCJAC0009,16073,1987,06,22,0.0,,Y
IDCJAC0009,16073,1987,06,23,0.0,,Y
IDCJAC0009,16073,1987,06,24,0.0,,Y
IDCJAC0009,16073,1987,06,25,0.0,,Y
IDCJAC0009,16073,1987,06,26,0.0,,Y
IDCJAC0009,16073,1987,06,27,0.0,,Y
IDCJAC0009,16073,1987,06,28,0.0,,Y
IDCJAC0009,16073,1987,06,29,0.0,,Y
IDCJAC0009,16073,1987,06,30,0.0,,Y
IDCJAC0009,16073,1987,07,01,0.0,,Y
IDCJAC0009,16073,1987,07,02,0.0,,Y
IDCJAC0009,16073,1987,07,03,0.0,,Y
IDCJAC0009,16073,1987,07,04,0.0,,Y
IDCJAC0009,16073,1987,07,05,0.0,,Y
IDCJAC0009,16073,1987,07,06,0.0,,Y
IDCJAC0009,16073,1987,07,07,0.0,,Y
IDCJAC0009,16073,1987,07,08,0.0,,Y
IDCJAC0009,16073,1987,07,09,0.0,,Y
IDCJAC0009,16073,1987,07,10,0.0,,Y
IDCJAC0009,16073,1987,07,11,0.0,,Y
IDCJAC0009,16073,1987,07,12,0.0,,Y
IDCJAC0009,16073,1987,07,13,0.0,,Y
IDCJAC0009,16073,1987,07,14,0.0,,Y
IDCJAC0009,16073,1987,07,15,0.0,,Y
IDCJAC0009,16073,1987,07,16,0.0,,Y
IDCJAC0009,16073,1987,07,17,0.0,,Y
IDCJAC0009,16073,1987,07,18,0.0,,Y
IDCJAC0009,16073,1987,07,19,0.0,,Y
IDCJAC0009,16073,1987,07,20,0.0,,Y
IDCJAC0009,16073,1987,07,21,0.0,,Y
IDCJAC0009,16073,1987,07,22,0.0,,Y
IDCJAC0009,16073,1987,07,23,0.0,,Y
IDCJAC0009,16073,1987,07,24,0.0,,Y
IDCJAC0009,16073,1987,07,25,0.0,,Y
IDCJAC0009,16073,1987,07,26,0.0,,Y
IDCJAC0009,16073,1987,07,27,0.0,,Y
IDCJAC0009,16073,1987,07,28,0.0,,Y
IDCJAC0009,16073,1987,07,29,0.0,,Y
IDCJAC0009,16073,1987,07,30,0.0,,Y
IDCJAC0009,16073,1987,07,31,0.0,,Y
IDCJAC0009,16073,1987,08,01,,,
IDCJAC0009,16073,1987,08,02,,,
IDCJAC0009,16073,1987,08,03,,,
IDCJAC0009,16073,1987,08,04,,,
IDCJAC0009,16073,1987,08,05,,,
IDCJAC0009,16073,1987,08,06,,,
IDCJAC0009,16073,1987,08,07,,,
IDCJAC0009,16073,1987,08,08,,,
IDCJAC0009,16073,1987,08,09,,,
IDCJAC0009,16073,1987,08,10,,,
IDCJAC0009,16073,1987,08,11,,,
IDCJAC0009,16073,1987,08,12,,,
IDCJAC0009,16073,1987,08,13,,,
IDCJAC0009,16073,1987,08,14,,,
IDCJAC0009,16073,1987,08,15,,,
IDCJAC0009,16073,1987,08,16,,,
IDCJAC0009,16073,1987,08,17,,,
IDCJAC0009,16073,1987,08,18,,,
IDCJAC0009,16073,1987,08,19,,,
IDCJAC0009,16073,1987,08,20,,,
IDCJAC0009,16073,1987,08,21,,,
IDCJAC0009,16073,1987,08,22,,,
IDCJAC0009,16073,1987,08,23,,,
IDCJAC0009,16073,1987,08,24,,,
IDCJAC0009,16073,1987,08,25,,,
IDCJAC0009,16073,1987,08,26,,,
IDCJAC0009,16073,1987,08,27,,,
IDCJAC0009,16073,1987,08,28,,,
IDCJAC0009,16073,1987,08,29,,,
IDCJAC0009,16073,1987,08,30,,,
IDCJAC0009,16073,1987,08,31,,,
IDCJAC0009,16073,1987,09,01,,,
IDCJAC0009,16073,1987,09,02,,,
IDCJAC0009,16073,1987,09,03,,,
IDCJAC0009,16073,1987,09,04,,,
IDCJAC0009,16073,1987,09,05,,,
IDCJAC0009,16073,1987,09,06,,,
IDCJAC0009,16073,1987,09,07,,,
IDCJAC0009,16073,1987,09,08,,,
IDCJAC0009,16073,1987,09,09,,,
IDCJAC0009,16073,1987,09,10,,,
IDCJAC0009,16073,1987,09,11,,,
IDCJAC0009,16073,1987,09,12,,,
IDCJAC0009,16073,1987,09,13,,,
IDCJAC0009,16073,1987,09,14,,,
IDCJAC0009,16073,1987,09,15,,,
IDCJAC0009,16073,1987,09,16,,,
IDCJAC0009,16073,1987,09,17,,,
IDCJAC0009,16073,1987,09,18,,,
IDCJAC0009,16073,1987,09,19,,,
IDCJAC0009,16073,1987,09,20,,,
IDCJAC0009,16073,1987,09,21,,,
IDCJAC0009,16073,1987,09,22,,,
IDCJAC0009,16073,1987,09,23,,,
IDCJAC0009,16073,1987,09,24,,,
IDCJAC0009,16073,1987,09,25,,,
IDCJAC0009,16073,1987,09,26,,,
IDCJAC0009,16073,1987,09,27,,,
IDCJAC0009,16073,1987,09,28,,,
IDCJAC0009,16073,1987,09,29,,,
IDCJAC0009,16073,1987,09,30,,,
IDCJAC0009,16073,1987,10,01,,,
IDCJAC0009,16073,1987,10,02,,,
IDCJAC0009,16073,1987,10,03,,,
IDCJAC0009,16073,1987,10,04,,,
IDCJAC0009,16073,1987,10,05,,,
IDCJAC0009,16073,1987,10,06,,,
IDCJAC0009,16073,1987,10,07,,,
IDCJAC0009,16073,1987,10,08,,,
IDCJAC0009,16073,1987,10,09,,,
IDCJAC0009,16073,1987,10,10,,,
IDCJAC0009,16073,1987,10,11,,,
IDCJAC0009,16073,1987,10,12,,,
IDCJAC0009,16073,1987,10,13,,,
IDCJAC0009,16073,1987,10,14,,,
IDCJAC0009,16073,1987,10,15,,,
IDCJAC0009,16073,1987,10,16,,,
IDCJAC0009,16073,1987,10,17,,,
IDCJAC0009,16073,1987,10,18,,,
IDCJAC0009,16073,1987,10,19,,,
IDCJAC0009,16073,1987,10,20,,,
IDCJAC0009,16073,1987,10,21,,,
IDCJAC0009,16073,1987,10,22,,,
IDCJAC0009,16073,1987,10,23,,,
IDCJAC0009,16073,1987,10,24,,,
IDCJAC0009,16073,1987,10,25,,,
IDCJAC0009,16073,1987,10,26,,,
IDCJAC0009,16073,1987,10,27,,,
IDCJAC0009,16073,1987,10,28,,,
IDCJAC0009,16073,1987,10,29,,,
IDCJAC0009,16073,1987,10,30,,,
IDCJAC0009,16073,1987,10,31,,,
IDCJAC0009,16073,1987,11,01,,,
IDCJAC0009,16073,1987,11,02,,,
IDCJAC0009,16073,1987,11,03,,,
IDCJAC0009,16073,1987,11,04,,,
IDCJAC0009,16073,1987,11,05,,,
IDCJAC0009,16073,1987,11,06,,,
IDCJAC0009,16073,1987,11,07,,,
IDCJAC0009,16073,1987,11,08,,,
IDCJAC0009,16073,1987,11,09,,,
IDCJAC0009,16073,1987,11,10,,,
IDCJAC0009,16073,1987,11,11,,,
IDCJAC0009,16073,1987,11,12,,,
IDCJAC0009,16073,1987,11,13,,,
IDCJAC0009,16073,1987,11,14,,,
IDCJAC0009,16073,1987,11,15,,,
IDCJAC0009,16073,1987,11,16,,,
IDCJAC0009,16073,1987,11,17,,,
IDCJAC0009,16073,1987,11,18,,,
IDCJAC0009,16073,1987,11,19,,,
IDCJAC0009,16073,1987,11,20,,,
IDCJAC0009,16073,1987,11,21,,,
IDCJAC0009,16073,1987,11,22,,,
IDCJAC0009,16073,1987,11,23,,,
IDCJAC0009,16073,1987,11,24,,,
IDCJAC0009,16073,1987,11,25,,,
IDCJAC0009,16073,1987,11,26,,,
IDCJAC0009,16073,1987,11,27,,,
IDCJAC0009,16073,1987,11,28,,,
IDCJAC0009,16073,1987,11,29,,,
IDCJAC0009,16073,1987,11,30,,,
IDCJAC0009,16073,1987,12,01,,,
IDCJAC0009,16073,1987,12,02,,,
IDCJAC0009,16073,1987,12,03,,,
IDCJAC0009,16073,1987,12,04,,,
IDCJAC0009,16073,1987,12,05,,,
IDCJAC0009,16073,1987,12,06,,,
IDCJAC0009,16073,1987,12,07,,,
IDCJAC0009,16073,1987,12,08,,,
IDCJAC0009,16073,1987,12,09,,,
IDCJAC0009,16073,1987,12,10,,,
IDCJAC0009,16073,1987,12,11,,,
IDCJAC0009,16073,1987,12,12,,,
IDCJAC0009,16073,1987,12,13,,,
IDCJAC0009,16073,1987,12,14,,,
IDCJAC0009,16073,1987,12,15,,,
IDCJAC0009,16073,1987,12,16,,,
IDCJAC0009,16073,1987,12,17,,,
IDCJAC0009,16073,1987,12,18,,,
IDCJAC0009,16073,1987,12,19,,,
IDCJAC0009,16073,1987,12,20,,,
IDCJAC0009,16073,1987,12,21,,,
IDCJAC0009,16073,1987,12,22,,,
IDCJAC0009,16073,1987,12,23,,,
IDCJAC0009,16073,1987,12,24,,,
IDCJAC0009,16073,1987,12,25,,,
IDCJAC0009,16073,1987,12,26,,,
IDCJAC0009,16073,1987,12,27,,,
IDCJAC0009,16073,1987,12,28,,,
IDCJAC0009,16073,1987,12,29,,,
IDCJAC0009,16073,1987,12,30,,,
IDCJAC0009,16073,1987,12,31,,,
IDCJAC0009,16073,1988,01,01,0.0,,Y
IDCJAC0009,16073,1988,01,02,0.0,,Y
IDCJAC0009,16073,1988,01,03,0.0,,Y
IDCJAC0009,16073,1988,01,04,0.0,,Y
IDCJAC0009,16073,1988,01,05,0.0,,Y
IDCJAC0009,16073,1988,01,06,0.0,,Y
IDCJAC0009,16073,1988,01,07,0.0,,Y
IDCJAC0009,16073,1988,01,08,0.0,,Y
IDCJAC0009,16073,1988,01,09,0.0,,Y
IDCJAC0009,16073,1988,01,10,0.0,,Y
IDCJAC0009,16073,1988,01,11,0.0,,Y
IDCJAC0009,16073,1988,01,12,0.0,,Y
IDCJAC0009,16073,1988,01,13,0.0,,Y
IDCJAC0009,16073,1988,01,14,2.0,1,Y
IDCJAC0009,16073,1988,01,15,0.0,,Y
IDCJAC0009,16073,1988,01,16,0.0,,Y
IDCJAC0009,16073,1988,01,17,0.0,,Y
IDCJAC0009,16073,1988,01,18,0.0,,Y
IDCJAC0009,16073,1988,01,19,0.0,,Y
IDCJAC0009,16073,1988,01,20,0.0,,Y
IDCJAC0009,16073,1988,01,21,0.0,,Y
IDCJAC0009,16073,1988,01,22,0.0,,Y
IDCJAC0009,16073,1988,01,23,0.0,,Y
IDCJAC0009,16073,1988,01,24,0.0,,Y
IDCJAC0009,16073,1988,01,25,0.0,,Y
IDCJAC0009,16073,1988,01,26,0.0,,Y
IDCJAC0009,16073,1988,01,27,0.0,,Y
IDCJAC0009,16073,1988,01,28,0.0,,Y
IDCJAC0009,16073,1988,01,29,0.0,,Y
IDCJAC0009,16073,1988,01,30,0.0,,Y
IDCJAC0009,16073,1988,01,31,0.0,,Y
IDCJAC0009,16073,1988,02,01,0.0,,Y
IDCJAC0009,16073,1988,02,02,0.0,,Y
IDCJAC0009,16073,1988,02,03,0.0,,Y
IDCJAC0009,16073,1988,02,04,0.0,,Y
IDCJAC0009,16073,1988,02,05,0.5,1,Y
IDCJAC0009,16073,1988,02,06,0.0,,Y
IDCJAC0009,16073,1988,02,07,0.0,,Y
IDCJAC0009,16073,1988,02,08,0.0,,Y
IDCJAC0009,16073,1988,02,09,0.0,,Y
IDCJAC0009,16073,1988,02,10,0.0,,Y
IDCJAC0009,16073,1988,02,11,0.0,,Y
IDCJAC0009,16073,1988,02,12,0.0,,Y
IDCJAC0009,16073,1988,02,13,0.0,,Y
IDCJAC0009,16073,1988,02,14,0.0,,Y
IDCJAC0009,16073,1988,02,15,0.0,,Y
IDCJAC0009,16073,1988,02,16,0.0,,Y
IDCJAC0009,16073,1988,02,17,0.0,,Y
IDCJAC0009,16073,1988,02,18,0.0,,Y
IDCJAC0009,16073,1988,02,19,0.0,,Y
IDCJAC0009,16073,1988,02,20,0.0,,Y
IDCJAC0009,16073,1988,02,21,0.0,,Y
IDCJAC0009,16073,1988,02,22,0.0,,Y
IDCJAC0009,16073,1988,02,23,0.0,,Y
IDCJAC0009,16073,1988,02,24,0.0,,Y
IDCJAC0009,16073,1988,02,25,0.0,,Y
IDCJAC0009,16073,1988,02,26,0.0,,Y
IDCJAC0009,16073,1988,02,27,0.0,,Y
IDCJAC0009,16073,1988,02,28,0.0,,Y
IDCJAC0009,16073,1988,02,29,0.0,,Y
IDCJAC0009,16073,1988,03,01,0.0,,Y
IDCJAC0009,16073,1988,03,02,0.0,,Y
IDCJAC0009,16073,1988,03,03,0.0,,Y
IDCJAC0009,16073,1988,03,04,0.0,,Y
IDCJAC0009,16073,1988,03,05,0.0,,Y
IDCJAC0009,16073,1988,03,06,0.0,,Y
IDCJAC0009,16073,1988,03,07,0.0,,Y
IDCJAC0009,16073,1988,03,08,0.0,,Y
IDCJAC0009,16073,1988,03,09,0.0,,Y
IDCJAC0009,16073,1988,03,10,0.0,,Y
IDCJAC0009,16073,1988,03,11,0.0,,Y
IDCJAC0009,16073,1988,03,12,0.0,,Y
IDCJAC0009,16073,1988,03,13,0.0,,Y
IDCJAC0009,16073,1988,03,14,0.0,,Y
IDCJAC0009,16073,1988,03,15,0.0,,Y
IDCJAC0009,16073,1988,03,16,0.0,,Y
IDCJAC0009,16073,1988,03,17,0.0,,Y
IDCJAC0009,16073,1988,03,18,0.0,,Y
IDCJAC0009,16073,1988,03,19,0.0,,Y
IDCJAC0009,16073,1988,03,20,0.0,,Y
IDCJAC0009,16073,1988,03,21,0.0,,Y
IDCJAC0009,16073,1988,03,22,0.0,,Y
IDCJAC0009,16073,1988,03,23,0.0,,Y
IDCJAC0009,16073,1988,03,24,0.0,,Y
IDCJAC0009,16073,1988,03,25,0.0,,Y
IDCJAC0009,16073,1988,03,26,0.0,,Y
IDCJAC0009,16073,1988,03,27,0.0,,Y
IDCJAC0009,16073,1988,03,28,1.0,1,Y
IDCJAC0009,16073,1988,03,29,0.0,,Y
IDCJAC0009,16073,1988,03,30,27.8,1,Y
IDCJAC0009,16073,1988,03,31,37.2,1,Y
IDCJAC0009,16073,1988,04,01,9.4,1,Y
IDCJAC0009,16073,1988,04,02,86.4,1,Y
IDCJAC0009,16073,1988,04,03,1.0,1,Y
IDCJAC0009,16073,1988,04,04,0.0,,Y
IDCJAC0009,16073,1988,04,05,0.0,,Y
IDCJAC0009,16073,1988,04,06,0.0,,Y
IDCJAC0009,16073,1988,04,07,0.0,,Y
IDCJAC0009,16073,1988,04,08,0.0,,Y
IDCJAC0009,16073,1988,04,09,0.0,,Y
IDCJAC0009,16073,1988,04,10,0.0,,Y
IDCJAC0009,16073,1988,04,11,0.0,,Y
IDCJAC0009,16073,1988,04,12,0.0,,Y
IDCJAC0009,16073,1988,04,13,0.0,,Y
IDCJAC0009,16073,1988,04,14,0.0,,Y
IDCJAC0009,16073,1988,04,15,0.0,,Y
IDCJAC0009,16073,1988,04,16,0.0,,Y
IDCJAC0009,16073,1988,04,17,0.0,,Y
IDCJAC0009,16073,1988,04,18,0.0,,Y
IDCJAC0009,16073,1988,04,19,0.0,,Y
IDCJAC0009,16073,1988,04,20,0.0,,Y
IDCJAC0009,16073,1988,04,21,0.0,,Y
IDCJAC0009,16073,1988,04,22,0.0,,Y
IDCJAC0009,16073,1988,04,23,0.0,,Y
IDCJAC0009,16073,1988,04,24,0.0,,Y
IDCJAC0009,16073,1988,04,25,0.0,,Y
IDCJAC0009,16073,1988,04,26,0.0,,Y
IDCJAC0009,16073,1988,04,27,0.0,,Y
IDCJAC0009,16073,1988,04,28,0.0,,Y
IDCJAC0009,16073,1988,04,29,0.0,,Y
IDCJAC0009,16073,1988,04,30,0.0,,Y
IDCJAC0009,16073,1988,05,01,0.0,,Y
IDCJAC0009,16073,1988,05,02,0.0,,Y
IDCJAC0009,16073,1988,05,03,0.0,,Y
IDCJAC0009,16073,1988,05,04,3.6,1,Y
IDCJAC0009,16073,1988,05,05,6.2,1,Y
IDCJAC0009,16073,1988,05,06,0.8,1,Y
IDCJAC0009,16073,1988,05,07,1.4,1,Y
IDCJAC0009,16073,1988,05,08,0.4,1,Y
IDCJAC0009,16073,1988,05,09,0.0,,Y
IDCJAC0009,16073,1988,05,10,0.0,,Y
IDCJAC0009,16073,1988,05,11,0.0,,Y
IDCJAC0009,16073,1988,05,12,0.0,,Y
IDCJAC0009,16073,1988,05,13,0.0,,Y
IDCJAC0009,16073,1988,05,14,0.6,1,Y
IDCJAC0009,16073,1988,05,15,2.2,1,Y
IDCJAC0009,16073,1988,05,16,4.6,1,Y
IDCJAC0009,16073,1988,05,17,0.0,,Y
IDCJAC0009,16073,1988,05,18,0.0,,Y
IDCJAC0009,16073,1988,05,19,0.0,,Y
IDCJAC0009,16073,1988,05,20,0.0,,Y
IDCJAC0009,16073,1988,05,21,0.0,,Y
IDCJAC0009,16073,1988,05,22,1.6,1,Y
IDCJAC0009,16073,1988,05,23,0.0,,Y
IDCJAC0009,16073,1988,05,24,0.0,,Y
IDCJAC0009,16073,1988,05,25,0.6,1,Y
IDCJAC0009,16073,1988,05,26,10.5,1,Y
IDCJAC0009,16073,1988,05,27,4.0,1,Y
IDCJAC0009,16073,1988,05,28,0.0,,Y
IDCJAC0009,16073,1988,05,29,0.0,,Y
IDCJAC0009,16073,1988,05,30,0.0,,Y
IDCJAC0009,16073,1988,05,31,0.0,,Y
IDCJAC0009,16073,1988,06,01,0.0,,Y
IDCJAC0009,16073,1988,06,02,0.0,,Y
IDCJAC0009,16073,1988,06,03,0.0,,Y
IDCJAC0009,16073,1988,06,04,1.0,1,Y
IDCJAC0009,16073,1988,06,05,0.0,,Y
IDCJAC0009,16073,1988,06,06,0.0,,Y
IDCJAC0009,16073,1988,06,07,0.0,,Y
IDCJAC0009,16073,1988,06,08,0.6,1,Y
IDCJAC0009,16073,1988,06,09,0.0,,Y
IDCJAC0009,16073,1988,06,10,0.0,,Y
IDCJAC0009,16073,1988,06,11,0.0,,Y
IDCJAC0009,16073,1988,06,12,0.0,,Y
IDCJAC0009,16073,1988,06,13,0.0,,Y
IDCJAC0009,16073,1988,06,14,0.0,,Y
IDCJAC0009,16073,1988,06,15,0.0,,Y
IDCJAC0009,16073,1988,06,16,0.0,,Y
IDCJAC0009,16073,1988,06,17,0.0,,Y
IDCJAC0009,16073,1988,06,18,0.0,,Y
IDCJAC0009,16073,1988,06,19,0.0,,Y
IDCJAC0009,16073,1988,06,20,0.0,,Y
IDCJAC0009,16073,1988,06,21,0.0,,Y
IDCJAC0009,16073,1988,06,22,0.0,,Y
IDCJAC0009,16073,1988,06,23,0.0,,Y
IDCJAC0009,16073,1988,06,24,0.0,,Y
IDCJAC0009,16073,1988,06,25,0.0,,Y
IDCJAC0009,16073,1988,06,26,0.0,,Y
IDCJAC0009,16073,1988,06,27,0.0,,Y
IDCJAC0009,16073,1988,06,28,0.0,,Y
IDCJAC0009,16073,1988,06,29,0.0,,Y
IDCJAC0009,16073,1988,06,30,0.0,,Y
IDCJAC0009,16073,1988,07,01,0.0,,Y
IDCJAC0009,16073,1988,07,02,0.0,,Y
IDCJAC0009,16073,1988,07,03,1.5,1,Y
IDCJAC0009,16073,1988,07,04,0.0,,Y
IDCJAC0009,16073,1988,07,05,0.0,,Y
IDCJAC0009,16073,1988,07,06,0.0,,Y
IDCJAC0009,16073,1988,07,07,0.0,,Y
IDCJAC0009,16073,1988,07,08,0.0,,Y
IDCJAC0009,16073,1988,07,09,1.0,1,Y
IDCJAC0009,16073,1988,07,10,0.0,,Y
IDCJAC0009,16073,1988,07,11,0.0,,Y
IDCJAC0009,16073,1988,07,12,0.0,,Y
IDCJAC0009,16073,1988,07,13,0.0,,Y
IDCJAC0009,16073,1988,07,14,0.0,,Y
IDCJAC0009,16073,1988,07,15,0.0,,Y
IDCJAC0009,16073,1988,07,16,0.0,,Y
IDCJAC0009,16073,1988,07,17,0.0,,Y
IDCJAC0009,16073,1988,07,18,0.0,,Y
IDCJAC0009,16073,1988,07,19,0.0,,Y
IDCJAC0009,16073,1988,07,20,0.0,,Y
IDCJAC0009,16073,1988,07,21,0.0,,Y
IDCJAC0009,16073,1988,07,22,0.0,,Y
IDCJAC0009,16073,1988,07,23,0.0,,Y
IDCJAC0009,16073,1988,07,24,0.0,,Y
IDCJAC0009,16073,1988,07,25,0.0,,Y
IDCJAC0009,16073,1988,07,26,0.0,,Y
IDCJAC0009,16073,1988,07,27,0.0,,Y
IDCJAC0009,16073,1988,07,28,0.0,,Y
IDCJAC0009,16073,1988,07,29,0.0,,Y
IDCJAC0009,16073,1988,07,30,0.0,,Y
IDCJAC0009,16073,1988,07,31,0.0,,Y
IDCJAC0009,16073,1988,08,01,0.0,,Y
IDCJAC0009,16073,1988,08,02,0.0,,Y
IDCJAC0009,16073,1988,08,03,0.0,,Y
IDCJAC0009,16073,1988,08,04,0.0,,Y
IDCJAC0009,16073,1988,08,05,0.0,,Y
IDCJAC0009,16073,1988,08,06,0.0,,Y
IDCJAC0009,16073,1988,08,07,0.0,,Y
IDCJAC0009,16073,1988,08,08,0.0,,Y
IDCJAC0009,16073,1988,08,09,0.0,,Y
IDCJAC0009,16073,1988,08,10,0.0,,Y
IDCJAC0009,16073,1988,08,11,0.0,,Y
IDCJAC0009,16073,1988,08,12,0.0,,Y
IDCJAC0009,16073,1988,08,13,0.0,,Y
IDCJAC0009,16073,1988,08,14,0.0,,Y
IDCJAC0009,16073,1988,08,15,0.0,,Y
IDCJAC0009,16073,1988,08,16,0.0,,Y
IDCJAC0009,16073,1988,08,17,0.0,,Y
IDCJAC0009,16073,1988,08,18,0.0,,Y
IDCJAC0009,16073,1988,08,19,0.0,,Y
IDCJAC0009,16073,1988,08,20,0.0,,Y
IDCJAC0009,16073,1988,08,21,0.0,,Y
IDCJAC0009,16073,1988,08,22,0.0,,Y
IDCJAC0009,16073,1988,08,23,6.0,1,Y
IDCJAC0009,16073,1988,08,24,0.0,,Y
IDCJAC0009,16073,1988,08,25,0.0,,Y
IDCJAC0009,16073,1988,08,26,0.0,,Y
IDCJAC0009,16073,1988,08,27,0.0,,Y
IDCJAC0009,16073,1988,08,28,0.0,,Y
IDCJAC0009,16073,1988,08,29,0.0,,Y
IDCJAC0009,16073,1988,08,30,0.0,,Y
IDCJAC0009,16073,1988,08,31,0.0,,Y
IDCJAC0009,16073,1988,09,01,0.0,,Y
IDCJAC0009,16073,1988,09,02,0.0,,Y
IDCJAC0009,16073,1988,09,03,0.0,,Y
IDCJAC0009,16073,1988,09,04,0.0,,Y
IDCJAC0009,16073,1988,09,05,0.0,,Y
IDCJAC0009,16073,1988,09,06,8.0,1,Y
IDCJAC0009,16073,1988,09,07,0.0,,Y
IDCJAC0009,16073,1988,09,08,0.0,,Y
IDCJAC0009,16073,1988,09,09,0.0,,Y
IDCJAC0009,16073,1988,09,10,0.0,,Y
IDCJAC0009,16073,1988,09,11,0.0,,Y
IDCJAC0009,16073,1988,09,12,0.0,,Y
IDCJAC0009,16073,1988,09,13,0.0,,Y
IDCJAC0009,16073,1988,09,14,0.0,,Y
IDCJAC0009,16073,1988,09,15,0.0,,Y
IDCJAC0009,16073,1988,09,16,0.0,,Y
IDCJAC0009,16073,1988,09,17,0.0,,Y
IDCJAC0009,16073,1988,09,18,0.0,,Y
IDCJAC0009,16073,1988,09,19,0.0,,Y
IDCJAC0009,16073,1988,09,20,0.0,,Y
IDCJAC0009,16073,1988,09,21,0.0,,Y
IDCJAC0009,16073,1988,09,22,0.0,,Y
IDCJAC0009,16073,1988,09,23,0.0,,Y
IDCJAC0009,16073,1988,09,24,0.0,,Y
IDCJAC0009,16073,1988,09,25,0.0,,Y
IDCJAC0009,16073,1988,09,26,0.0,,Y
IDCJAC0009,16073,1988,09,27,0.0,,Y
IDCJAC0009,16073,1988,09,28,0.0,,Y
IDCJAC0009,16073,1988,09,29,0.0,,Y
IDCJAC0009,16073,1988,09,30,0.0,,Y
IDCJAC0009,16073,1988,10,01,0.0,,Y
IDCJAC0009,16073,1988,10,02,0.0,,Y
IDCJAC0009,16073,1988,10,03,0.0,,Y
IDCJAC0009,16073,1988,10,04,0.0,,Y
IDCJAC0009,16073,1988,10,05,0.0,,Y
IDCJAC0009,16073,1988,10,06,0.0,,Y
IDCJAC0009,16073,1988,10,07,0.0,,Y
IDCJAC0009,16073,1988,10,08,0.0,,Y
IDCJAC0009,16073,1988,10,09,0.0,,Y
IDCJAC0009,16073,1988,10,10,0.0,,Y
IDCJAC0009,16073,1988,10,11,0.0,,Y
IDCJAC0009,16073,1988,10,12,0.0,,Y
IDCJAC0009,16073,1988,10,13,0.0,,Y
IDCJAC0009,16073,1988,10,14,0.0,,Y
IDCJAC0009,16073,1988,10,15,0.0,,Y
IDCJAC0009,16073,1988,10,16,0.0,,Y
IDCJAC0009,16073,1988,10,17,0.0,,Y
IDCJAC0009,16073,1988,10,18,0.0,,Y
IDCJAC0009,16073,1988,10,19,0.0,,Y
IDCJAC0009,16073,1988,10,20,0.0,,Y
IDCJAC0009,16073,1988,10,21,2.5,1,Y
IDCJAC0009,16073,1988,10,22,0.0,,Y
IDCJAC0009,16073,1988,10,23,0.0,,Y
IDCJAC0009,16073,1988,10,24,0.0,,Y
IDCJAC0009,16073,1988,10,25,0.0,,Y
IDCJAC0009,16073,1988,10,26,0.0,,Y
IDCJAC0009,16073,1988,10,27,0.0,,Y
IDCJAC0009,16073,1988,10,28,0.0,,Y
IDCJAC0009,16073,1988,10,29,0.0,,Y
IDCJAC0009,16073,1988,10,30,0.0,,Y
IDCJAC0009,16073,1988,10,31,0.0,,Y
IDCJAC0009,16073,1988,11,01,0.0,,Y
IDCJAC0009,16073,1988,11,02,0.0,,Y
IDCJAC0009,16073,1988,11,03,0.0,,Y
IDCJAC0009,16073,1988,11,04,0.6,1,Y
IDCJAC0009,16073,1988,11,05,8.0,1,Y
IDCJAC0009,16073,1988,11,06,0.0,,Y
IDCJAC0009,16073,1988,11,07,0.0,,Y
IDCJAC0009,16073,1988,11,08,0.0,,Y
IDCJAC0009,16073,1988,11,09,0.0,,Y
IDCJAC0009,16073,1988,11,10,0.0,,Y
IDCJAC0009,16073,1988,11,11,0.0,,Y
IDCJAC0009,16073,1988,11,12,0.0,,Y
IDCJAC0009,16073,1988,11,13,0.0,,Y
IDCJAC0009,16073,1988,11,14,0.0,,Y
IDCJAC0009,16073,1988,11,15,0.0,,Y
IDCJAC0009,16073,1988,11,16,0.0,,Y
IDCJAC0009,16073,1988,11,17,0.0,,Y
IDCJAC0009,16073,1988,11,18,0.0,,Y
IDCJAC0009,16073,1988,11,19,0.0,,Y
IDCJAC0009,16073,1988,11,20,0.0,,Y
IDCJAC0009,16073,1988,11,21,0.0,,Y
IDCJAC0009,16073,1988,11,22,0.0,,Y
IDCJAC0009,16073,1988,11,23,0.0,,Y
IDCJAC0009,16073,1988,11,24,0.8,1,Y
IDCJAC0009,16073,1988,11,25,0.0,,Y
IDCJAC0009,16073,1988,11,26,0.0,,Y
IDCJAC0009,16073,1988,11,27,0.0,,Y
IDCJAC0009,16073,1988,11,28,0.0,,Y
IDCJAC0009,16073,1988,11,29,0.0,,Y
IDCJAC0009,16073,1988,11,30,0.0,,Y
IDCJAC0009,16073,1988,12,01,0.0,,Y
IDCJAC0009,16073,1988,12,02,0.0,,Y
IDCJAC0009,16073,1988,12,03,0.0,,Y
IDCJAC0009,16073,1988,12,04,22.6,1,Y
IDCJAC0009,16073,1988,12,05,,,
IDCJAC0009,16073,1988,12,06,22.2,2,Y
IDCJAC0009,16073,1988,12,07,6.6,1,Y
IDCJAC0009,16073,1988,12,08,0.0,,Y
IDCJAC0009,16073,1988,12,09,0.0,,Y
IDCJAC0009,16073,1988,12,10,14.2,1,Y
IDCJAC0009,16073,1988,12,11,0.0,,Y
IDCJAC0009,16073,1988,12,12,0.0,,Y
IDCJAC0009,16073,1988,12,13,0.0,,Y
IDCJAC0009,16073,1988,12,14,0.0,,Y
IDCJAC0009,16073,1988,12,15,0.0,,Y
IDCJAC0009,16073,1988,12,16,0.0,,Y
IDCJAC0009,16073,1988,12,17,0.0,,Y
IDCJAC0009,16073,1988,12,18,0.0,,Y
IDCJAC0009,16073,1988,12,19,0.0,,Y
IDCJAC0009,16073,1988,12,20,0.0,,Y
IDCJAC0009,16073,1988,12,21,0.0,,Y
IDCJAC0009,16073,1988,12,22,0.0,,Y
IDCJAC0009,16073,1988,12,23,0.0,,Y
IDCJAC0009,16073,1988,12,24,0.0,,Y
IDCJAC0009,16073,1988,12,25,32.0,1,Y
IDCJAC0009,16073,1988,12,26,0.0,,Y
IDCJAC0009,16073,1988,12,27,0.0,,Y
IDCJAC0009,16073,1988,12,28,0.0,,Y
IDCJAC0009,16073,1988,12,29,0.0,,Y
IDCJAC0009,16073,1988,12,30,0.0,,Y
IDCJAC0009,16073,1988,12,31,0.0,,Y
IDCJAC0009,16073,1989,01,01,0.0,,Y
IDCJAC0009,16073,1989,01,02,0.0,,Y
IDCJAC0009,16073,1989,01,03,0.0,,Y
IDCJAC0009,16073,1989,01,04,0.0,,Y
IDCJAC0009,16073,1989,01,05,0.0,,Y
IDCJAC0009,16073,1989,01,06,0.0,,Y
IDCJAC0009,16073,1989,01,07,0.0,,Y
IDCJAC0009,16073,1989,01,08,0.0,,Y
IDCJAC0009,16073,1989,01,09,0.0,,Y
IDCJAC0009,16073,1989,01,10,0.0,,Y
IDCJAC0009,16073,1989,01,11,0.0,,Y
IDCJAC0009,16073,1989,01,12,0.0,,Y
IDCJAC0009,16073,1989,01,13,0.0,,Y
IDCJAC0009,16073,1989,01,14,0.0,,Y
IDCJAC0009,16073,1989,01,15,0.0,,Y
IDCJAC0009,16073,1989,01,16,0.0,,Y
IDCJAC0009,16073,1989,01,17,0.0,,Y
IDCJAC0009,16073,1989,01,18,0.0,,Y
IDCJAC0009,16073,1989,01,19,0.0,,Y
IDCJAC0009,16073,1989,01,20,0.0,,Y
IDCJAC0009,16073,1989,01,21,0.0,,Y
IDCJAC0009,16073,1989,01,22,0.0,,Y
IDCJAC0009,16073,1989,01,23,0.0,,Y
IDCJAC0009,16073,1989,01,24,0.0,,Y
IDCJAC0009,16073,1989,01,25,0.0,,Y
IDCJAC0009,16073,1989,01,26,0.0,,Y
IDCJAC0009,16073,1989,01,27,0.0,,Y
IDCJAC0009,16073,1989,01,28,0.0,,Y
IDCJAC0009,16073,1989,01,29,0.0,,Y
IDCJAC0009,16073,1989,01,30,0.0,,Y
IDCJAC0009,16073,1989,01,31,0.0,,Y
IDCJAC0009,16073,1989,02,01,0.0,,Y
IDCJAC0009,16073,1989,02,02,0.0,,Y
IDCJAC0009,16073,1989,02,03,0.0,,Y
IDCJAC0009,16073,1989,02,04,0.0,,Y
IDCJAC0009,16073,1989,02,05,0.0,,Y
IDCJAC0009,16073,1989,02,06,0.0,,Y
IDCJAC0009,16073,1989,02,07,0.0,,Y
IDCJAC0009,16073,1989,02,08,0.0,,Y
IDCJAC0009,16073,1989,02,09,0.0,,Y
IDCJAC0009,16073,1989,02,10,0.0,,Y
IDCJAC0009,16073,1989,02,11,0.0,,Y
IDCJAC0009,16073,1989,02,12,0.0,,Y
IDCJAC0009,16073,1989,02,13,0.0,,Y
IDCJAC0009,16073,1989,02,14,0.0,,Y
IDCJAC0009,16073,1989,02,15,0.0,,Y
IDCJAC0009,16073,1989,02,16,0.0,,Y
IDCJAC0009,16073,1989,02,17,0.0,,Y
IDCJAC0009,16073,1989,02,18,0.0,,Y
IDCJAC0009,16073,1989,02,19,0.0,,Y
IDCJAC0009,16073,1989,02,20,0.0,,Y
IDCJAC0009,16073,1989,02,21,0.0,,Y
IDCJAC0009,16073,1989,02,22,0.0,,Y
IDCJAC0009,16073,1989,02,23,0.0,,Y
IDCJAC0009,16073,1989,02,24,0.0,,Y
IDCJAC0009,16073,1989,02,25,0.0,,Y
IDCJAC0009,16073,1989,02,26,0.0,,Y
IDCJAC0009,16073,1989,02,27,0.0,,Y
IDCJAC0009,16073,1989,02,28,0.0,,Y
IDCJAC0009,16073,1989,03,01,0.0,,Y
IDCJAC0009,16073,1989,03,02,0.0,,Y
IDCJAC0009,16073,1989,03,03,0.0,,Y
IDCJAC0009,16073,1989,03,04,0.0,,Y
IDCJAC0009,16073,1989,03,05,0.0,,Y
IDCJAC0009,16073,1989,03,06,0.0,,Y
IDCJAC0009,16073,1989,03,07,0.0,,Y
IDCJAC0009,16073,1989,03,08,0.0,,Y
IDCJAC0009,16073,1989,03,09,0.0,,Y
IDCJAC0009,16073,1989,03,10,0.0,,Y
IDCJAC0009,16073,1989,03,11,0.0,,Y
IDCJAC0009,16073,1989,03,12,28.5,1,Y
IDCJAC0009,16073,1989,03,13,125.5,1,Y
IDCJAC0009,16073,1989,03,14,54.3,1,Y
IDCJAC0009,16073,1989,03,15,0.3,1,Y
IDCJAC0009,16073,1989,03,16,0.0,,Y
IDCJAC0009,16073,1989,03,17,0.0,,Y
IDCJAC0009,16073,1989,03,18,1.6,1,Y
IDCJAC0009,16073,1989,03,19,2.2,1,Y
IDCJAC0009,16073,1989,03,20,0.0,,Y
IDCJAC0009,16073,1989,03,21,0.6,1,Y
IDCJAC0009,16073,1989,03,22,0.1,1,Y
IDCJAC0009,16073,1989,03,23,1.8,1,Y
IDCJAC0009,16073,1989,03,24,58.8,1,Y
IDCJAC0009,16073,1989,03,25,42.2,1,Y
IDCJAC0009,16073,1989,03,26,6.0,1,Y
IDCJAC0009,16073,1989,03,27,0.0,,Y
IDCJAC0009,16073,1989,03,28,0.0,,Y
IDCJAC0009,16073,1989,03,29,0.0,,Y
IDCJAC0009,16073,1989,03,30,0.0,,Y
IDCJAC0009,16073,1989,03,31,0.0,,Y
IDCJAC0009,16073,1989,04,01,0.0,,Y
IDCJAC0009,16073,1989,04,02,0.0,,Y
IDCJAC0009,16073,1989,04,03,0.0,,Y
IDCJAC0009,16073,1989,04,04,0.0,,Y
IDCJAC0009,16073,1989,04,05,3.2,1,Y
IDCJAC0009,16073,1989,04,06,0.0,,Y
IDCJAC0009,16073,1989,04,07,21.2,1,Y
IDCJAC0009,16073,1989,04,08,2.2,1,Y
IDCJAC0009,16073,1989,04,09,0.0,,Y
IDCJAC0009,16073,1989,04,10,0.0,,Y
IDCJAC0009,16073,1989,04,11,0.0,,Y
IDCJAC0009,16073,1989,04,12,0.0,,Y
IDCJAC0009,16073,1989,04,13,0.0,,Y
IDCJAC0009,16073,1989,04,14,0.0,,Y
IDCJAC0009,16073,1989,04,15,0.0,,Y
IDCJAC0009,16073,1989,04,16,0.0,,Y
IDCJAC0009,16073,1989,04,17,0.0,,Y
IDCJAC0009,16073,1989,04,18,0.0,,Y
IDCJAC0009,16073,1989,04,19,0.0,,Y
IDCJAC0009,16073,1989,04,20,0.0,,Y
IDCJAC0009,16073,1989,04,21,0.0,,Y
IDCJAC0009,16073,1989,04,22,0.0,,Y
IDCJAC0009,16073,1989,04,23,0.0,,Y
IDCJAC0009,16073,1989,04,24,0.0,,Y
IDCJAC0009,16073,1989,04,25,0.0,,Y
IDCJAC0009,16073,1989,04,26,0.0,,Y
IDCJAC0009,16073,1989,04,27,22.0,1,Y
IDCJAC0009,16073,1989,04,28,0.4,1,Y
IDCJAC0009,16073,1989,04,29,0.1,1,Y
IDCJAC0009,16073,1989,04,30,1.0,1,Y
